freelancer_id,ability_score,age,years_experience,education_level,city,category,profile_completeness,num_skills,portfolio_items,certifications,total_jobs,success_rate,response_rate,market_demand_score,treatment_propensity,program_participation,hourly_earnings,profile_text
EGY_00001,0.4967141530112327,23.359442632290232,2.5972474252744124,Some College,Suez,Content Writing,74.12453572455465,6,0,1,10,80.83706695594773,53.84271110477974,0.5782397764220687,0.5557520310423631,0,20.838308461206665,"I am a content writer with three years of experience. I provide high-quality articles, blog posts, and website content. I have experience in SEO writing and crafting engaging copy for various industries. I can help with your content needs, delivering well-researched and clear text. I am proficient in using tools like Grammarly and familiar with basic keyword research techniques. I ensure timely delivery and clear communication to meet your project goals."
EGY_00002,-0.13826430117118466,21.346170890700808,0.5033897232393185,Some College,Giza,UI/UX Design,43.811323741052625,7,7,0,21,58.75237748397684,87.21624920558921,0.9377274386508468,0.2575871667376723,0,23.80531013162326,"I am a UI/UX Designer from Giza with 1 year of experience. I provide user-centered design solutions for digital products. I have experience in user research, wireframing, and prototyping. My main tool is Figma. I can help with creating intuitive and effective user interfaces that meet project requirements. My goal is to deliver clear and functional designs that improve user experience. I am reliable and committed to providing high-quality work to my clients."
EGY_00003,0.6476885381006925,38.365767985396374,12.857809812076184,Bachelor's Degree,Mansoura,Translation,66.43230990972297,9,9,0,85,68.98920425249742,33.55961743273571,0.6875590760652408,0.8615257234251572,1,34.37226169725595,"I am a professional translator from Mansoura with 13 years of experience. I provide clear and accurate translation services. I have experience in translating documents between English, Arabic, and French. I can help with general texts, legal documents, and marketing materials. My toolkit includes CAT software like Trados. I focus on delivering reliable translations efficiently. I am committed to meeting project deadlines and client needs."
EGY_00004,1.5230298564080254,40.60722324758083,16.24523484059479,Master's Degree,Luxor,Administrative Support,67.1186314445274,13,9,1,99,98.11934793976819,100.0,0.45846077437129445,0.9397626776214626,1,37.65103314786579,"As a top 1% Administrative Support expert from Luxor, I don't merely execute tasks; I architect strategic solutions, leveraging a data-driven approach to optimize complex operations and ensure peak organizational efficiency. My expertise consistently delivers measurable impact, as demonstrated by meticulously streamlining workflows that reduced operational costs by 25% and implementing sophisticated systems that increased conversions by 40%. I proficiently integrate Lean Six Sigma principles and foster robust cross-functional collaboration, excelling in strategic stakeholder management to facilitate seamless project execution and proactive problem-solving. For enterprise clients tackling complex, scalable projects, I provide ROI-driven administrative leadership, meticulously ensuring objectives are met and consistently delivering measurable impact that drives sustainable growth."
EGY_00005,-0.23415337472333597,19.010756634420545,0.0,Master's Degree,Giza,Graphic Design,32.92733492770262,3,1,0,25,58.45361896925808,45.29466953247789,0.8233453466604802,0.19622385860966665,1,18.95169922247578,"I am a graphic designer based in Giza, committed to providing clear and effective visual solutions. I offer services including logo design, branding, and social media graphics. I have experience in industry-standard tools like Adobe Photoshop, Illustrator, and InDesign. I can help clients translate their ideas into professional and visually appealing designs. My focus is on delivering high-quality work that meets project requirements and deadlines. I am reliable and eager to collaborate on new creative projects."
EGY_00006,-0.23413695694918055,47.95879187979807,18.205327286173677,Some College,El-Mahalla El-Kubra,Web Development,50.633889151168454,8,6,0,82,78.36378410407346,50.53238804239274,0.8378337994952483,0.6555836437046443,0,27.790793123641244,"I am a Web Development freelancer from El-Mahalla El-Kubra with 18 years of experience. I provide professional web development services. I have extensive experience in building and maintaining websites. I can help with various web projects, utilizing skills in JavaScript, PHP, and WordPress. My work focuses on creating functional and reliable web solutions. I ensure projects are completed to specifications. I am available to discuss your web development requirements and provide competent assistance."
EGY_00007,1.5792128155073915,19.663081076847117,0.6775830549749895,Bachelor's Degree,Ismailia,Accounting,80.0872262424462,8,3,0,14,82.68649150346447,59.88621231195147,0.3544744840908428,0.9260973823517735,0,34.913099293316215,"As a top 1% Accounting expert, I don't merely process financial data; I architect robust, scalable solutions that leverage deep analytical insights to optimize fiscal health and drive unparalleled ROI. My strategic, data-driven approach, grounded in comprehensive mastery of IFRS and GAAP, consistently delivers tangible value for enterprise clients navigating complex financial landscapes. For instance, I've spearheaded initiatives that streamlined intricate reporting processes, reducing reconciliation time by 30%, and identified strategic cost efficiencies, yielding up to a 15% increase in after-tax profitability through optimized tax structures. I excel in cross-functional collaboration and meticulous stakeholder management, translating intricate financial challenges into clear, actionable strategies. My commitment is to deliver measurable impact, ensuring your financial operations are not just compliant, but strategically positioned for exponential growth."
EGY_00008,0.7674347291529088,35.321482729634255,11.735569790681483,Some College,Alexandria,Customer Support,48.35266351403125,10,9,2,69,73.57987019738295,35.67599735448409,0.34456219208763994,0.5588089828640261,0,27.46618625979956,"I am a customer support freelancer based in Alexandria with 12 years of experience. I provide consistent and efficient customer support services. I have solid experience in managing customer inquiries, resolving issues, and maintaining clear communication. I can help with email support, live chat, and utilizing CRM tools like Zendesk. My focus is on delivering reliable assistance and ensuring positive interactions for your clients. I am dedicated to professional service."
EGY_00009,-0.4694743859349521,40.68993662242933,14.040355229932976,Bachelor's Degree,Giza,Video Editing,39.887301021888604,12,11,0,73,75.26386019308931,36.44035578847493,0.5332315345306777,0.5185579626790945,0,23.665907750770156,"I am a professional video editor based in Giza with 14 years of experience in the field. I provide comprehensive video editing services for corporate, promotional, and social media content. I have extensive experience using Adobe Premiere Pro, After Effects, and DaVinci Resolve. I can help transform your raw footage into polished, engaging videos that meet your specific project needs. My focus is on delivering high-quality, reliable results with clear communication throughout the process."
EGY_00010,0.5425600435859647,45.871011959874735,15.2186685124472,Some College,Alexandria,Web Development,70.14599026915853,10,11,0,105,76.46353199378326,51.02541574994475,0.9534302049730167,0.8252834663942317,1,44.11058785833279,"I am a Web Development freelancer based in Alexandria with 15 years of experience. I provide professional web development services to create and improve online platforms. I have extensive experience in building responsive websites, database integration, and working with technologies like PHP and JavaScript. I can help with developing new websites from scratch or updating existing applications to meet current standards. My focus is on delivering functional and reliable web solutions that align with client needs."
EGY_00011,-0.46341769281246226,40.850781828237686,13.072361225609376,Bachelor's Degree,Fayyum,Customer Support,49.04992411577917,8,8,0,72,72.60886317062915,47.18101337721157,0.38451771322737177,0.5080686934839492,1,24.93124933191458,"I am a dedicated Customer Support specialist with 13 years of experience. I provide reliable and professional support services. I have extensive experience in managing customer inquiries through email, live chat, and phone. I can help with ticket resolution, product information, and issue troubleshooting. My skills include proficiency with CRM systems like Zendesk and Salesforce. I focus on clear communication and effective problem-solving to ensure customer satisfaction. I am ready to assist clients in delivering excellent support."
EGY_00012,-0.46572975357025687,43.655298658233335,13.801127481333022,High School,Cairo,Accounting,39.06190367860564,6,6,0,73,81.7094325702592,61.22831813231218,0.4824199146571505,0.36530624417711466,1,29.49093437067866,"I am an accounting freelancer from Cairo with 14 years of professional experience. I provide comprehensive financial services, including bookkeeping and financial reporting. I have extensive experience in managing accounts payable and receivable, alongside general ledger maintenance. I can help with precise data entry and financial record keeping using tools like QuickBooks and Microsoft Excel. My focus is on delivering reliable and accurate accounting support for your business needs."
EGY_00013,0.24196227156603412,28.862406161369794,8.669457974019073,Bachelor's Degree,Shubra El-Kheima,UI/UX Design,47.65417705714596,9,5,0,43,74.13037025897299,55.76450815789913,0.67505235114581,0.780847450698658,1,31.67250734830587,"I am a professional UI/UX Designer with 9 years of experience dedicated to creating intuitive and effective digital experiences. I provide comprehensive design services, including user research, wireframing, and prototyping. I am proficient in industry-standard tools such as Figma and Adobe XD. I can help clients develop user-centered designs that improve usability and achieve project objectives. My focus is on delivering reliable and functional design solutions for your digital products."
EGY_00014,-1.913280244657798,44.07440363988839,15.687265481276915,Bachelor's Degree,Port Said,Web Development,40.7832395814808,7,5,0,84,62.637667716363836,30.16276351334603,0.8347098014821551,0.06373870901614184,1,20.419644261737808,hello i am from Port Said. i am new web developer. i am very passionate about web work. i like good projects. i will do my best for your nice project. i work hard. i am dedicated and good team player. i think i can help you. i try my best always.
EGY_00015,-1.7249178325130328,20.563675084309605,2.5636750843096046,Bachelor's Degree,Fayyum,Administrative Support,9.656911814275928,5,0,0,0,46.8184949296166,35.066501757595695,0.5842709438944095,0.010341146610207155,0,3.0,Hello. i am from Fayyum. I am new. I want work good. i am very passionate. i dedicated to my client. I will do my best for you. I think i can help administrative support. i am good person. i work hard for your team.
EGY_00016,-0.5622875292409727,46.63413299393689,17.05915816873289,Self-Taught,Suez,SEO Specialist,40.97370131729939,11,8,0,78,80.58800171246985,16.928596752364605,0.7357575890829301,0.30080360268534023,1,28.562396959116043,"I am an SEO Specialist from Suez with 17 years of experience. I provide comprehensive SEO services to improve website visibility and search engine rankings. I have experience in keyword research, on-page optimization, and technical SEO audits. I can help businesses attract more organic traffic and enhance their online presence. I am proficient with tools like Google Analytics and SEMrush. My aim is to deliver reliable and effective SEO solutions for your projects."
EGY_00017,-1.0128311203344238,35.52295603691956,9.09696008833081,Bachelor's Degree,Port Said,Social Media Management,20.1605644580442,6,5,0,43,69.06714429480614,12.908159023945526,0.5923010733407834,0.18672955907933736,0,13.52929354520117,"Hello, i am from Port Said. i wants to help with social media. i am good and nice person. i will work hard and do my best for your project. I think i can help you. i am passionate and dedicated. i will be good team player for your work."
EGY_00018,0.3142473325952739,44.1535286387998,12.664688398054224,Some College,Cairo,SEO Specialist,67.86185643737193,8,8,1,77,87.7380317078742,31.3161331581788,0.8220471123186722,0.7499772499908227,1,36.89601311042081,"I am an SEO Specialist from Cairo with 13 years of experience. I provide professional SEO services to improve search engine rankings and organic visibility. I have extensive experience in keyword research, on-page optimization, and technical SEO. I can help with implementing effective strategies to attract relevant traffic to your website. I am proficient in using standard SEO tools like SEMrush and Google Analytics to analyze performance and identify opportunities. My aim is to deliver reliable and consistent SEO results."
EGY_00019,-0.9080240755212109,32.4741851045856,5.07823171023947,Bachelor's Degree,Giza,Content Writing,36.30840274509847,5,2,2,21,69.91067387642589,33.50460322381515,0.6025665237997578,0.16332675023227894,0,10.411324436353015,"I am a content writing freelancer based in Giza with five years of professional experience. I provide high-quality written content for various platforms. I have experience in blog posts, website content, and article writing. I can help clients improve their online presence through clear and engaging text. My skills include SEO content creation and keyword research. I am proficient in using tools like WordPress. I am reliable and committed to delivering well-researched content that meets project requirements. I look forward to supporting your content needs."
EGY_00020,-1.4123037013352915,38.594486246288795,9.188419861762299,High School,Cairo,Data Entry,30.597185327664974,5,5,0,52,61.00052866352556,4.976628788115903,0.4133655501056247,0.06386062651864563,0,5.096767504929126,"Hello, i am from Cairo. I good at data entry. I am passionate and dedicated. I will work hard and do my best for your projects. I think i can help you with your tasks. I am a team player. I always try my best to finish work nice. I hope you will give me a chance to do some good work."
EGY_00021,1.465648768921554,34.84488514995562,10.64118439199634,Bachelor's Degree,Asyut,Web Development,99.6736546300994,13,9,1,72,77.33246831632991,57.24097205612207,1.0,0.9541666269084661,1,46.0227769513834,"As a top 1% Web Development expert, I architect scalable, ROI-driven solutions for enterprise clients, leveraging cutting-edge technologies like React, Node.js, and AWS. My data-driven approach, often rooted in Agile methodologies, ensures optimal performance and delivering measurable impact. For a recent project, I successfully optimized a complex e-commerce platform, increasing conversions by 40% and reducing operational costs by 25% through strategic backend re-engineering. I specialize in full-stack development, delivering robust and resilient applications through meticulous code quality and comprehensive stakeholder management. My expertise extends to strategic system design and seamless cross-functional collaboration, consistently exceeding client expectations. I am committed to transforming ambitious visions into high-performance digital realities."
EGY_00022,-0.22577630048653566,41.41086469617062,15.06396886416224,Some College,Port Said,Digital Marketing,40.67862873533803,11,5,0,94,87.20177908837275,26.766945719446337,0.7157378870152287,0.49887243459709585,0,24.686852277482004,"I am a Digital Marketing freelancer from Port Said with 15 years of experience. I provide professional digital marketing services to help businesses enhance their online presence. I have extensive experience in areas such as Search Engine Optimization (SEO), Social Media Marketing, and managing paid ad campaigns. I am proficient with tools like Google Analytics. I can help you improve your online visibility, attract more potential customers, and achieve your marketing goals. My focus is on delivering consistent and effective strategies for your business."
EGY_00023,0.06752820468792384,20.612159424978866,0.0,Master's Degree,Port Said,SEO Specialist,68.49868221090419,5,3,0,16,71.47387772051597,58.126069849235314,0.7916240462969931,0.5027379623556142,0,17.06950011495984,"I am an SEO Specialist based in Port Said. I provide foundational SEO services to help businesses improve their online visibility and organic search rankings. I have experience in keyword research, on-page optimization, and using tools like Google Analytics and Google Search Console. I can help with website audits, content optimization, and implementing basic SEO strategies. My focus is on delivering reliable support and steady progress to enhance your digital presence. I am committed to learning and growing with each project."
EGY_00024,-1.4247481862134568,19.93126668769804,1.9312666876980416,Some College,Damietta,UI/UX Design,24.721458062716263,1,1,0,26,68.34297830689108,39.467856199062275,0.8844928641765586,0.08509387628154225,0,13.16929204306974,Hello. i am a new designer from Damietta. i just start in UI/UX Design now. i am very passionate and dedicated. i will work hard for you. i am good team player. i think i can help you with your project. i will try my best to do nice work. i will do my best for good result. i am a good person.
EGY_00025,-0.5443827245251827,25.907303488324686,3.7782599896279327,Bachelor's Degree,Ismailia,Mobile App Development,39.49913455627327,8,1,0,20,71.83720978540467,38.95774670965832,0.8354455026360229,0.276320533191409,0,24.120660211629758,"I am a Mobile App Development freelancer with 4 years of experience. I provide reliable services for creating and improving mobile applications. I have strong experience in developing for both iOS and Android platforms using Swift, Kotlin, and Flutter. I can help with the full app development lifecycle, including initial design implementation, feature development, and ongoing maintenance. My focus is on delivering functional, user-friendly, and stable mobile solutions for your project needs. I am committed to clear communication and efficient project delivery."
EGY_00026,0.11092258970986608,23.105429763622027,3.356843882144315,Some College,Asyut,Social Media Management,78.04559141185399,7,3,0,36,62.222104438230474,22.831657304014254,0.5103806683954114,0.5608531742637487,1,26.053855457656034,"I am a social media management freelancer with 3 years of experience. I provide comprehensive social media services to help businesses maintain an active and engaging online presence. I have experience in content creation, post scheduling, and community engagement across various platforms. I am familiar with tools like Meta Business Suite. My goal is to support your brand's growth through consistent and effective social media activity. I am ready to help manage your social media needs reliably and professionally."
EGY_00027,-1.1509935774223028,45.89707413095046,19.962685735081124,Master's Degree,Fayyum,Video Editing,31.124192566048723,8,10,0,83,79.93156504830733,32.63091842938973,0.6012691764112709,0.14727340796008287,0,19.657082046841463,hello. i am new video editor from Fayyum. i am passionate about make videos. i will work hard for good project. i try my best for you. i think i can help with your nice work. i am dedicated person. i am very hard working. i do my best always. i am team player.
EGY_00028,0.37569801834567196,25.014847595457418,6.0025871890055145,Bachelor's Degree,Suez,Customer Support,41.891756232232595,9,4,0,72,70.59584699464294,59.437767950789606,0.6137253246641683,0.758848190916884,1,25.01961258355412,"I provide professional and reliable customer support services with 6 years of dedicated experience. I have extensive experience in managing customer inquiries through email and live chat, and I am proficient with CRM platforms like Zendesk. I can help with efficient problem resolution, providing accurate product information, and ensuring a positive customer experience. My focus is on clear communication and effective solutions to support your clients and enhance satisfaction. I am committed to delivering consistent, high-quality service."
EGY_00029,-0.600638689918805,49.227688186212205,18.19955161591566,Professional Certificate,Mansoura,Digital Marketing,43.809607532481046,9,7,0,104,78.04072512386014,54.953235729559566,0.8319768069475488,0.6514764709603443,1,27.75628951663146,"I am a Digital Marketing freelancer based in Mansoura, offering 18 years of experience in the field. I provide professional digital marketing services aimed at helping businesses succeed online. I have extensive experience in Search Engine Optimization (SEO), Social Media Marketing (SMM), and Content Strategy. I am proficient with tools like Google Analytics. I can help clients improve their online visibility, drive targeted traffic, and engage their audience effectively. My focus is on delivering consistent and reliable digital marketing support."
EGY_00030,-0.2916937497932768,28.78066533667542,4.686014751174676,Master's Degree,Tanta,Administrative Support,43.8972255014308,8,4,0,28,63.20420150213621,72.80074441217523,0.6210250391117313,0.5733743112811357,0,13.313781092377452,"I am an Administrative Support professional based in Tanta, with 5 years of experience providing reliable assistance. I provide organized and efficient support to individuals and businesses. I have experience in managing schedules, performing accurate data entry, and handling email correspondence. I can help with organizing your daily tasks, streamlining communication, and ensuring smooth operations. My skills include proficiency in Microsoft Office Suite (Word, Excel, Outlook) and efficient calendar management. I am committed to delivering high-quality, timely support. I am ready to assist you with your administrative needs."
EGY_00031,-0.6017066122293969,23.827773302038377,0.0,Bachelor's Degree,Damietta,Administrative Support,44.64535923389765,1,3,0,3,64.26887869477055,59.55699335957249,0.40095997934268374,0.2855134235531352,1,11.735951888515364,"I am an administrative support freelancer ready to assist with your organizational needs. I provide accurate data entry, efficient schedule management, and general administrative support. I am proficient in Microsoft Office Suite and familiar with Google Workspace tools. I am highly organized, detail-oriented, and reliable, committed to delivering quality work. I am eager to apply my skills to help streamline your operations and ensure smooth workflows. I can help with various administrative tasks to support your business effectively."
EGY_00032,1.8522781845089378,43.27035222855933,13.723904698650758,Master's Degree,Ismailia,Content Writing,76.44819483435637,12,15,3,91,86.39526861697487,74.69898615012619,0.6779300472732235,0.9336681220170153,1,47.4970550493699,"As a top 1% Content Strategist, I don't merely produce copy; I architect high-impact, ROI-driven content solutions engineered to elevate brands and achieve quantifiable business objectives. Leveraging a data-driven approach, I meticulously analyze market dynamics and audience insights, translating complex strategies into compelling narratives. My expertise encompasses crafting scalable content frameworks and optimizing user journeys, which has consistently increased organic traffic by an average of 60% and boosted conversion rates by 40% for enterprise clients.

I apply methodologies like the AARRR funnel and COPE (Create Once, Publish Everywhere) framework, ensuring strategic alignment from ideation to distribution. My process involves comprehensive competitive benchmarking and iterative content refinement. I excel in cross-functional collaboration and stakeholder management, seamlessly integrating content initiatives with broader marketing and sales efforts. Let's discuss how my proven ability to deliver measurable impact can accelerate your brand's growth."
EGY_00033,-0.013497224737933921,39.078648816028036,12.224928811961432,Bachelor's Degree,Cairo,Content Writing,71.95298779097864,12,9,0,89,70.18205591144664,45.55941319853416,0.4993712246162055,0.4147820763161435,0,23.67863302246237,"I am a content writer based in Cairo with 12 years of professional experience. I provide high-quality, well-researched content for businesses across various industries. I have extensive experience in SEO content optimization and keyword research. I am also proficient with content management systems like WordPress. I can help clients deliver clear, engaging, and effective written communication to their target audiences. My goal is to produce reliable content that meets project requirements."
EGY_00034,-1.0577109289559004,33.94226292650045,7.5909987015979,High School,Shubra El-Kheima,Data Entry,39.70169445402085,6,7,0,48,70.56533294337088,26.163457408159992,0.42015839606403627,0.1295653193314389,0,11.360442784336616,"Hello, i am from Shubra El-Kheima. i am new to data entry. I am very passionate about work and i good at following instructions. I will try my best to do nice work for you. I think i can help your team. I am dedicated and work hard for project."
EGY_00035,0.822544912103189,35.7716336300042,10.400466243817913,Bachelor's Degree,Tanta,Social Media Management,51.58852740428966,13,9,1,64,95.45549387935037,80.20546738358719,0.7605412405214983,0.8093091159066784,1,35.4859469474248,"I am a social media management freelancer from Tanta with 10 years of experience. I provide comprehensive services including social media strategy, content creation, and community management. I have experience in managing presence across platforms like Facebook, Instagram, and LinkedIn. I can help businesses maintain a consistent online presence and engage with their audience effectively. My work focuses on reliable scheduling and interaction. I utilize tools such as Hootsuite and Canva to support campaign execution. I am dedicated to providing consistent and professional social media support for your brand."
EGY_00036,-1.2208436499710222,41.014456904712446,13.962377908745003,Bachelor's Degree,Damietta,Mobile App Development,32.932813270673215,4,5,0,58,63.45916469686634,37.84873489583434,0.9406424587401042,0.15632022774244902,0,21.908549284528434,hello i am from damietta. i am new to mobile app development. i is passionate about this work. i will work hard. i am very dedicated. i think i can help you with your project. i will do my best for good results. i am good team player. i will try my best always.
EGY_00037,0.2088635950047554,25.31055172260156,3.9366190699447783,Bachelor's Degree,Asyut,Video Editing,45.136655683400946,9,6,0,43,81.19955130940646,61.964526270308845,0.6103073041924088,0.5618422547643206,0,23.783290035181075,"I am a professional video editor based in Asyut with 4 years of experience. I provide high-quality video editing services tailored to various project needs. I have extensive experience in Adobe Premiere Pro and After Effects, ensuring polished and engaging content. I can help with a range of projects including corporate videos, social media content, and promotional clips. My focus is on delivering clear, well-structured videos that effectively convey your message. I am committed to reliable communication and timely delivery."
EGY_00038,-1.9596701238797756,49.88268531381574,17.829606026642526,High School,Cairo,Mobile App Development,18.12780971677383,8,7,0,92,74.95476446762805,17.63066244450233,0.8231947837438709,0.03147092403047517,0,18.28751886782441,hello i am from Cairo. i am new in Mobile App Development. i like this work. i am very passionate. i will try my best always. i work hard and i think i can help you. i am good team player. i do my best for your project.
EGY_00039,-1.3281860488984305,49.19338118869706,19.05333805715169,Bachelor's Degree,El-Mahalla El-Kubra,Graphic Design,20.972802160855316,5,9,0,102,73.1560575083785,15.448131430571717,0.5505169008630726,0.29230222002279704,0,15.75732037165785,"hello, i am graphic designer from El-Mahalla El-Kubra. i am passionate and dedicated person. i really like design work. i will work hard and do my best for good results. i think i can helps you. i am good team player. i will try my best always. nice work is important to me."
EGY_00040,0.19686123586912352,38.81042196310198,13.370134477000006,Professional Certificate,Asyut,Content Writing,74.02410377009708,9,7,2,78,62.54168949826111,46.35726905633857,0.5774226727284197,0.8461485186103987,1,32.70618932953243,"I am a professional Content Writer based in Asyut with 13 years of experience. I provide clear and engaging written content for a variety of needs. I have extensive experience in crafting articles, blog posts, and website copy. I am proficient in applying SEO best practices and comfortable using platforms like WordPress. I can help clients communicate their messages effectively and reach their target audience. My commitment is to deliver well-researched content consistently and reliably."
EGY_00041,0.7384665799954104,24.385358429732644,1.6504169029538942,Master's Degree,Luxor,Data Entry,54.163152548148936,7,6,0,21,56.51617000504331,54.31767497286053,0.26897961584612695,0.5706495038275556,0,18.613645494726313,"I am a professional data entry freelancer with 2 years of experience. I provide accurate and efficient data entry services to support various business needs. I have experience in managing large datasets and ensuring data integrity. I can help with data input, spreadsheet organization using Microsoft Excel and Google Sheets, and web research. My focus is on delivering high-quality work promptly and with meticulous attention to detail. I am reliable and committed to client satisfaction."
EGY_00042,0.1713682811899705,39.76730375780132,15.882247014173332,Bachelor's Degree,Luxor,Accounting,59.44616773779093,7,9,0,108,80.27163983228256,54.93300587894172,0.5156805951735579,0.4834428112961303,0,28.274254637524336,"I am an experienced Accounting freelancer from Luxor with 16 years in the field. I provide reliable bookkeeping, financial reporting, and payroll services. I have extensive experience using QuickBooks and can help with accurate data entry, reconciliation, and month-end closing. My goal is to ensure your financial records are well-maintained and compliant. I am committed to delivering precise and timely accounting support to businesses."
EGY_00043,-0.11564828238824053,20.310349087333627,1.1890331878316527,Master's Degree,Ismailia,Translation,45.03048154541012,5,4,1,33,66.7065628135437,37.550712276581486,0.36937767846601033,0.373196581907719,0,13.932686847918166,"I am a professional translator from Ismailia with 1 year of experience. I provide accurate translation services, ensuring clear and precise communication for your projects.

I have experience in translating various document types, maintaining linguistic accuracy. I am proficient in using CAT tools like SDL Trados Studio and have strong proofreading skills. I can help with your translation needs, ensuring timely delivery and reliable results. My goal is to provide high-quality translations that meet your specific requirements."
EGY_00044,-0.3011036955892888,18.980880070585794,0.6262272882411717,Bachelor's Degree,Port Said,Web Development,33.89931284043277,6,3,0,17,64.03310417285219,46.761303603658,0.7681332771971341,0.42983921572725636,1,26.30214479732344,"I am a Web Developer based in Port Said with 1 year of professional experience. I provide reliable web development services, specializing in front-end solutions. I have experience in building responsive websites using HTML, CSS, and JavaScript. I can help with developing new website features, maintaining existing interfaces, and ensuring user-friendly designs. My focus is on delivering functional, clean code that meets project specifications. I am committed to providing quality work and assisting clients with their development needs."
EGY_00045,-1.4785219903674274,26.245852432358838,6.363940305928417,High School,Luxor,Web Development,29.798663173483657,3,3,0,40,51.029097019963395,49.92333143091615,0.9852805900556775,0.07884878568439033,0,16.834031208886493,hello i am from Luxor. i want be web developer. i am passionate and dedicated. i work hard and will work very hard. i will do my best for your nice project. i think i can help you. i will try very good work. i am good team player.
EGY_00046,-0.7198442083947086,32.80393461565812,9.348793031921877,Some College,Ismailia,Accounting,43.209255244936436,7,7,0,53,64.97455334103512,16.267445356206473,0.6241394091501988,0.2965381131798513,0,15.686617411916076,"I am an Accounting freelancer based in Ismailia with 9 years of experience. I provide reliable accounting and bookkeeping services for businesses. I have experience in financial reporting, general ledger management, and using accounting software such as QuickBooks. I can help with accurate data entry and ensuring financial compliance. My goal is to support clients with their financial operations professionally. I am committed to delivering consistent and high-quality work."
EGY_00047,-0.4606387709597875,45.78472017306818,18.577105371667397,Master's Degree,Aswan,Translation,48.67668376314833,10,9,0,86,82.99941954836814,12.718795869137324,0.5211152161268031,0.426085973728163,0,19.73149759775743,"I am a professional translator from Aswan with 19 years of experience. I provide accurate and reliable translation services. I have extensive experience in translating various document types, ensuring high quality and timely delivery. I can help with English to Arabic and Arabic to English translations. My skills include proficiency in CAT tools like SDL Trados and MemoQ. I focus on delivering precise and culturally appropriate translations to meet client needs. I am committed to clear communication and professional service for all projects."
EGY_00048,1.0571222262189157,41.26941023252186,14.535894469916762,Bachelor's Degree,Alexandria,SEO Specialist,39.634641847874306,11,7,0,81,90.62515986345774,81.37417444390385,0.7064768789619631,0.8766663603961803,1,35.937645133475826,"As a top 1% SEO Specialist from Alexandria, Egypt, I don't just optimize; I architect strategic, scalable solutions designed to dominate SERPs and deliver tangible ROI. Leveraging a rigorous data-driven approach, I specialize in dissecting complex digital ecosystems, implementing robust technical SEO audits aligned with Google’s E-E-A-T guidelines, and executing sophisticated content strategies. My expertise extends to enterprise-level challenges, where I consistently achieve significant impact through meticulous stakeholder management and seamless cross-functional collaboration. For instance, I've increased client conversions by 40% and reduced acquisition costs by 25%, translating directly into enhanced profitability. My methodology ensures sustained organic growth, transforming search visibility into measurable business success."
EGY_00049,0.3436182895684614,41.76660867839939,13.035090457758761,Bachelor's Degree,Zagazig,Mobile App Development,42.80581720683601,8,5,0,89,84.2978886916731,32.16902260433723,0.8698895672349175,0.7778343536026436,1,40.56674020869649,"I am a mobile app developer with 13 years of experience. I provide professional mobile application development services for iOS and Android platforms. I have extensive experience in native development using Swift, Kotlin, and with cross-platform frameworks like Flutter. I can help with building new applications, maintaining existing ones, and ensuring high-quality performance. My focus is on delivering reliable and functional mobile solutions that meet your business needs."
EGY_00050,-1.763040155362734,31.61578670233841,8.89247907181525,Some College,Fayyum,Translation,33.12994485977784,5,4,0,53,55.467987800110244,23.142438632260387,0.5960328390011183,0.07611640024965134,0,8.503719966246997,Hello. i am from Fayyum. i want to do translation work. i am new. i am good person. i work hard. i very passionate. i will try my best for you. i think i can help nice. i am dedicated. i do my best for your project. i want good work.
EGY_00051,0.324083969394795,29.069919761502813,4.354499442260364,Self-Taught,Shubra El-Kheima,Data Entry,45.625189914834,4,4,0,45,56.37877166460274,63.01620285233485,0.4353316707251694,0.6545516975217821,1,19.40449734569621,"I am a dedicated Data Entry freelancer with 4 years of experience. I provide accurate and efficient data entry services to support your business. I have experience in various data tasks, including data transcription, web research, and database management. I am proficient in Microsoft Excel and Google Sheets, ensuring organized and precise data handling. I can help with organizing information, populating spreadsheets, and data integrity. My goal is to deliver reliable and high-quality work promptly. I am committed to accuracy and confidentiality."
EGY_00052,-0.38508228041631654,29.873240415507286,7.341063660857418,Professional Certificate,Zagazig,Video Editing,46.25320629685636,6,2,0,47,65.5002801573688,44.49062010494261,0.4663224121724752,0.1998632925759631,0,23.71307384381322,"I am a video editor based in Zagazig with 7 years of professional experience. I provide high-quality video editing services for a range of projects. I have experience in using Adobe Premiere Pro, After Effects, and DaVinci Resolve. I can help with everything from raw footage assembly to final color correction and sound editing, delivering polished results. My goal is to deliver reliable and effective video content that meets your project requirements."
EGY_00053,-0.6769220003059587,49.60478603955385,18.896411642443386,Self-Taught,Zagazig,Translation,27.265923043122765,12,10,0,110,81.39461479624629,40.77761781127488,0.30569163781510467,0.604863088554164,1,23.543267826758584,"I am a professional translator based in Zagazig with 19 years of experience in the field. I provide accurate and reliable translation services for various document types. I have extensive experience in areas such as legal, marketing, and technical translations. I can help with ensuring your content is accurately conveyed across languages. My work involves using industry-standard tools like Trados and MemoQ. I am committed to delivering clear and precise linguistic solutions for your projects."
EGY_00054,0.6116762888408679,19.28349412519944,0.3538627605745842,Bachelor's Degree,Damietta,Data Entry,66.49115535419742,5,4,0,16,74.56595179669063,58.4260651833649,0.29831114508708884,0.5018686197991288,1,25.16112233418381,"I am a dedicated data entry freelancer from Damietta, ready to assist with your administrative tasks. I provide accurate and efficient data entry services. I have experience using Microsoft Excel and Google Sheets for organizing and compiling information. I can also help with web research and precise copy-pasting tasks. My focus is on delivering reliable work and ensuring client satisfaction through careful attention to detail. I am committed to completing projects accurately and on time, helping you streamline your operations effectively."
EGY_00055,1.030999522495951,45.745007875918354,16.38992970267315,Master's Degree,Luxor,Accounting,74.77768879739502,11,10,0,106,88.24444072584696,100.0,0.534566962412029,0.9199405116990753,1,44.4026278750544,"As a top 1% Accounting expert, I don't just manage numbers; I architect solutions that transform financial data into potent strategic levers for sustainable growth. From Luxor, Egypt, my expertise lies in leveraging a sophisticated, data-driven approach, employing advanced methodologies like Activity-Based Costing and adhering strictly to IFRS/GAAP standards to optimize financial operations. I specialize in guiding enterprise clients through complex financial transformations, consistently delivering measurable impact. For instance, I've redesigned intricate financial reporting systems, reducing reconciliation time by 30% and identifying cost efficiencies that cut operational expenses by a verified 25%. My strategic thinking focuses on designing scalable financial models and implementing robust internal controls, driving ROI-driven decisions. Through meticulous stakeholder management and seamless cross-functional collaboration, I ensure fiscal health and unlock significant value."
EGY_00056,0.9312801191161986,36.517613074316586,7.346869753594673,Some College,Damietta,Content Writing,71.28830084846665,11,8,0,52,81.96434863231322,87.88473576815261,0.6960183669374349,0.838146242564282,1,32.859944345638176,"I am a professional content writer with 7 years of experience. I provide clear, high-quality written content tailored to specific project requirements. I have extensive experience in creating engaging blog posts, informative website content, and effective SEO articles. My skills include thorough keyword research and ensuring all content aligns with client objectives. I can help you with your content needs by delivering well-researched, polished, and professional copy. My commitment is to produce reliable content that effectively communicates your message to your target audience."
EGY_00057,-0.8392175232226385,32.0356934140669,7.323966232958215,Master's Degree,Giza,Accounting,47.73730527519639,6,7,0,29,67.09649408778377,29.52351008830257,0.5734359690728983,0.21870422332674103,0,16.219350712306237,"I am an accounting freelancer from Giza with 7 years of professional experience. I provide reliable bookkeeping and accounting services to support various business needs. I have strong experience in financial reporting, accounts reconciliation, and am proficient with tools like QuickBooks and Xero. I can help ensure your financial records are accurate and up-to-date, offering timely and meticulous support. My focus is on delivering high-quality work to help clients maintain clear and compliant financial operations."
EGY_00058,-0.3092123758512146,41.208245133284365,14.110636882252848,Some College,Alexandria,Digital Marketing,61.00081581122711,10,11,1,87,76.88705413440456,62.052775103988466,0.8034376562840048,0.624486645709026,1,28.297138888491318,"I am a Digital Marketing freelancer from Alexandria with 14 years of experience. I provide professional digital marketing services focused on enhancing online visibility and audience engagement. I have extensive experience in key areas such as SEO, social media marketing, and Google Ads management. I can help businesses develop and implement effective strategies to reach their target audience and achieve their marketing objectives. My commitment is to deliver reliable and functional marketing solutions tailored to specific needs."
EGY_00059,0.33126343140356396,33.573406125590495,9.663756459349097,Bachelor's Degree,Tanta,Administrative Support,43.22821015496371,9,8,0,74,63.76988592008932,61.557777540719705,0.36031183785656273,0.560924784743161,1,22.035693107007756,"I am an Administrative Support freelancer based in Tanta with 10 years of professional experience. I provide comprehensive administrative assistance to support your daily operations effectively. I have experience in a wide range of tasks, including accurate data entry, efficient calendar management, and document preparation using Microsoft Office Suite. I can help with managing emails, organizing schedules, and maintaining organized records. My focus is on delivering consistent support to ensure your administrative needs are met reliably. I am dedicated to producing timely and organized work."
EGY_00060,0.9755451271223592,45.949543618613134,14.714375889315962,Some College,Alexandria,Administrative Support,56.746457595321765,7,10,1,116,99.90756726994643,61.413819484192786,0.4429271100478992,0.8536649788910049,1,32.82121061831346,"I am an experienced Administrative Support freelancer based in Alexandria, offering 15 years of professional experience. I provide reliable and consistent administrative assistance to businesses and individuals. I have extensive experience in managing schedules, organizing documents, and handling general office tasks efficiently. I can help with email management, data entry, and using Microsoft Office Suite. My focus is on delivering accurate and timely support for your operations. I am ready to assist with your administrative needs."
EGY_00061,-0.47917423784528995,46.82245964836027,19.824891470745566,Some College,Fayyum,Social Media Management,51.787822135358596,12,11,0,108,90.92272468387827,30.63187701869538,0.6565484859457212,0.3590786015396208,0,22.240888093289676,"I am a Social Media Management freelancer based in Fayyum with 20 years of experience. I provide comprehensive social media strategy and content creation services. I have experience in platforms like Facebook, Instagram, and LinkedIn, and I use scheduling tools such as Hootsuite. I can help businesses maintain a consistent and engaging online presence. My aim is to support your social media needs effectively and reliably. I am ready to assist you with your projects."
EGY_00062,-0.18565897666381712,31.495069659950573,6.364692099541341,Some College,Cairo,Accounting,58.51731306841756,11,6,2,30,69.5206354228713,54.54261275171619,0.4744323161271102,0.5994162296636402,0,21.69634211627056,"I am an Accounting professional based in Cairo with 6 years of experience. I provide precise and reliable accounting services to support your business operations. I have experience in bookkeeping, financial reporting, and preparing accurate financial statements. I can help with managing daily transactions and ensuring compliance. My key skills include proficiency with QuickBooks and Microsoft Excel for financial analysis and data management. I am committed to maintaining clear and organized financial records, delivering accurate results efficiently."
EGY_00063,-1.1063349740060282,26.85848951152165,7.254008107966464,Some College,Port Said,Graphic Design,26.661545854190326,8,4,0,34,60.14030562900257,32.1332983359614,0.5430440094122678,0.14882827257915687,0,15.604446964386646,Hello. i am new graphic designer from Port Said. i am very passionate about design. i will work hard for good work. i think i can help you with your projects. i always do my best and i am good team player. i am dedicated. i will try my best for nice results for all clients.
EGY_00064,-1.1962066240806708,36.95521051498759,12.227515032735925,Some College,Ismailia,Mobile App Development,24.6180399855341,1,6,0,60,52.12780711188414,29.952119387094562,0.8273322222903962,0.18710854910174504,0,21.650379505778268,"hello, i am from Ismailia. i am new in mobile app development. i am very passionate and dedicated. i will work hard for your project. i do my best. i think i can help you. i am good team player. i will try my best to do nice work."
EGY_00065,0.812525822394198,47.19562705973411,16.224921616152855,Bachelor's Degree,Suez,Video Editing,55.66575243660791,12,8,1,99,98.65989373529186,48.2442395989473,0.6661236348114858,0.9006095491666777,0,33.28006613629805,"I am a professional video editor with 16 years of experience in post-production. I provide high-quality video editing services for various projects, focusing on precision and detail. I have extensive experience using industry-standard tools like Adobe Premiere Pro and After Effects. I can help clients bring their vision to life through expert editing, sound design, and color correction. My goal is to deliver reliable and well-crafted videos that effectively meet project requirements. I am committed to clear communication and timely delivery for every client."
EGY_00066,1.356240028570823,24.74119004818133,6.7411900481813305,Master's Degree,Suez,Digital Marketing,54.292650788122884,9,8,0,59,95.56535370460725,81.27223315878628,0.6595048511086856,0.9576550201767573,1,37.63621570433662,"As a top 1% Digital Marketing architect, I specialize in crafting bespoke, ROI-driven strategies that propel enterprise-level clients towards unparalleled growth. My data-driven approach leverages advanced analytics and predictive modeling to optimize campaigns across SEM, SEO, Social, and programmatic channels. I meticulously analyze market dynamics, employing a proprietary framework centered on the AIDA model, to design scalable solutions that consistently deliver measurable impact. This strategic foresight has consistently translated into tangible results, including increasing conversions by 40% and reducing customer acquisition costs by 25% for complex projects. I excel in cross-functional collaboration and stakeholder management, architecting solutions that seamlessly integrate with broader business objectives. My commitment is to move beyond tactical execution, providing strategic leadership that identifies latent opportunities and resolves critical marketing challenges with innovative, sustainable initiatives."
EGY_00067,-0.07201012158033385,37.93493067403145,9.57368474090591,Some College,Damietta,Digital Marketing,36.20573635455423,6,8,0,61,64.73046173218053,37.61980826159527,0.7291807267219262,0.6928784104448501,1,27.406349783361954,"I am a Digital Marketing freelancer from Damietta, Egypt, with 10 years of experience. I provide professional digital marketing services designed to enhance online visibility and engagement. I have extensive experience in search engine optimization (SEO), social media marketing, and Google Ads. I can help with developing effective strategies, managing campaigns, and analyzing results to ensure consistent performance. My focus is on delivering reliable and functional marketing solutions tailored to client needs."
EGY_00068,1.0035328978920242,38.20992704296066,13.964264572996397,Master's Degree,El-Mahalla El-Kubra,Content Writing,52.58006701807883,11,9,2,96,100.0,50.617716190667835,0.7354989634341608,0.8905132253391688,1,41.98816089836235,"As a top 1% Content Writing expert, I don't merely craft words; I architect high-impact, ROI-driven content strategies engineered to achieve precise business objectives. My data-driven approach leverages advanced SEO principles and psychological triggers, meticulously optimizing every piece for maximum engagement and conversion. I routinely apply frameworks like AIDA and SCQA to transform complex briefs into compelling narratives for enterprise-level clients, consistently delivering measurable impact. For instance, I’ve directly increased client conversions by over 40% and significantly enhanced brand authority through scalable content solutions. My expertise extends to seamless cross-functional collaboration and meticulous stakeholder management, ensuring projects are executed with strategic precision. I thrive on solving intricate communication challenges, empowering businesses to outperform their competition."
EGY_00069,0.36163602504763415,41.459616717288995,16.07693466645935,Master's Degree,Shubra El-Kheima,Translation,52.48355563765818,10,10,0,95,96.7834246209282,66.00869881427622,0.49806586891188703,0.760438448208478,1,30.873222020083304,"I am a professional translator offering reliable translation services with 16 years of experience. I provide high-quality language solutions between Arabic and English, ensuring accuracy and cultural appropriateness. I have extensive experience working with various document types, including legal, technical, and business materials. I utilize industry-standard CAT tools such as Trados and MemoQ to maintain consistency and efficiency. I can help with diverse translation projects, delivering precise and timely results. My aim is to support your communication needs professionally."
EGY_00070,-0.6451197546051243,22.210165924072314,1.1848591362900982,Some College,Cairo,Mobile App Development,43.03156883926268,5,0,0,0,46.1805285715836,40.093605927692096,0.8507282987050419,0.1739153183242492,0,20.131696823663834,"I am a mobile app developer based in Cairo with 1 year of professional experience. I provide development services for creating functional and user-friendly mobile applications. I have experience in building apps for both iOS and Android platforms, using tools like Swift, Kotlin, and Firebase. I can help with various stages of app development, from initial concept to deployment. My goal is to deliver stable and maintainable code that meets client specifications. I am ready to contribute to your mobile app project effectively."
EGY_00071,0.36139560550841393,40.90639886982683,16.528769922024757,Some College,Suez,Accounting,59.75566239904993,11,8,0,98,85.25396214329811,52.57546940931157,0.5394291919024312,0.8260200152874347,1,37.69234634820313,"I am an Accounting freelancer from Suez with 17 years of professional experience. I provide reliable accounting and financial management services. My experience includes meticulous bookkeeping, comprehensive financial reporting, and accurate data entry. I am proficient with common accounting software such as QuickBooks and Xero. I can help businesses maintain organized financial records and ensure compliance. My focus is on delivering consistent and accurate accounting support to meet client needs."
EGY_00072,1.5380365664659692,47.089040661300515,16.953331367582404,Bachelor's Degree,Aswan,Web Development,67.98492596423273,11,13,1,108,89.64686157115594,83.94984105896671,0.8812208371843862,0.9684491977128357,1,52.25484446853332,"As a top 1% web development expert, I architect robust, scalable, and ROI-driven digital solutions that propel businesses forward. My strategic acumen extends beyond mere coding; I leverage a data-driven approach to identify critical bottlenecks and optimize performance, leading to tangible results like increased conversions by 40% and reduced operational costs by 25% for enterprise clients.

My expertise encompasses full-stack development using modern frameworks such as React, Node.js, and AWS serverless architectures, always prioritizing security and future-proof design. I excel in cross-functional collaboration and adept stakeholder management, translating complex business requirements into elegant, high-impact systems. With every project, I'm committed to delivering measurable impact and fostering long-term digital growth."
EGY_00073,-0.03582603910995154,23.749859483847743,4.02730294886836,Master's Degree,Port Said,Digital Marketing,44.622738250541936,5,3,0,35,65.16158734637193,69.27559670755961,0.9168478164334009,0.3585652713677621,0,21.04338192635627,"I am a Digital Marketing freelancer based in Port Said with 4 years of professional experience. I provide a range of digital marketing services to help businesses achieve their online goals. I have experience in search engine optimization (SEO), social media management, and targeted content creation. I am proficient with tools like Google Analytics and various social media platforms. I can help with developing and implementing effective digital strategies. My focus is on delivering reliable and consistent support to clients."
EGY_00074,1.5646436558140062,25.601386397564085,5.081475516080892,Master's Degree,Tanta,Data Entry,74.70626978872271,8,4,2,44,86.85519033170266,36.85803804076525,0.43057533090340605,0.9506123504634695,1,31.159575098519873,"As a top 1% Data Entry specialist based in Tanta, Egypt, I don't merely process information; I architect and optimize robust data management solutions that deliver measurable impact. Leveraging a data-driven approach, I apply lean data principles and stringent validation methodologies to ensure unparalleled accuracy and efficiency. My strategic focus is empowering enterprise clients by transforming raw data into actionable intelligence.

I've consistently accelerated data ingestion pipelines by up to 35% and reduced processing errors to near zero across multi-million record datasets, significantly contributing to a 20% reduction in operational costs. My expertise spans complex, multi-platform integrations, demanding meticulous cross-functional collaboration and precise stakeholder management. I am committed to delivering scalable, ROI-driven solutions that bolster decision-making and fuel sustained growth."
EGY_00075,-2.6197451040897444,49.08464300933247,18.382168322658384,Some College,Suez,Web Development,0.0,2,4,0,83,50.81205639492795,16.631444929159397,0.7429817900262643,0.03209815926681654,0,9.041070143624287,"Hello, i am from Suez. I am new web developer. I am passionate about coding. I work very hard. I will try my best for you. I think i can help your project. I dedicated and a good team player. I always do my best. I want good work."
EGY_00076,0.8219025043752238,23.791262486703673,5.096374038341768,Master's Degree,Giza,Accounting,71.92294288645925,5,4,0,48,78.95000830226248,38.70886212989274,0.7028419846573091,0.7088745838549034,1,38.457407614418315,"I am an Accounting freelancer based in Giza with 5 years of professional experience. I provide reliable bookkeeping, financial reporting, and payroll services for businesses. I have experience using QuickBooks, Xero, and Excel for various accounting tasks. I can help maintain accurate financial records, manage transactions, and ensure timely compliance. My goal is to deliver consistent and precise accounting support. I am dedicated to providing professional and efficient assistance for your financial needs. I look forward to helping your business succeed."
EGY_00077,0.08704706823817122,45.34032298782653,17.991171233800344,Some College,Alexandria,Graphic Design,64.15955881371528,10,12,0,99,92.9702336409102,45.24266475099817,0.6774813461197488,0.7300745525259104,1,33.3866175363313,"I am a graphic designer based in Alexandria with 18 years of professional experience. I provide a range of graphic design services to help businesses and individuals. I have extensive experience in creating effective visual communication materials, including logo design, branding guides, and print collateral. I am proficient in industry-standard tools like Adobe Photoshop and Illustrator. I can help you translate your ideas into clear and professional designs. My focus is on delivering reliable and functional design solutions that align with project needs. I am available to discuss your design requirements."
EGY_00078,-0.29900735046586746,33.75289140633711,5.954670897325906,Master's Degree,Suez,Translation,39.25908336613159,9,5,0,44,71.16976209108006,46.31086945269806,0.5126425636347032,0.3514816139297945,0,15.407322882827266,"I am a professional translator from Suez with 6 years of experience. I provide accurate and reliable translation services. I have experience in translating various document types, including general texts and business content. I am proficient in CAT tools like SDL Trados and have strong command of the Microsoft Office Suite. I can help with translating documents, websites, and other content. My focus is on delivering high-quality work that accurately conveys the original message. I am committed to clear communication and timely project completion."
EGY_00079,0.0917607765355023,25.911394380901665,7.355517114297304,Bachelor's Degree,Fayyum,Translation,47.39205005454475,6,4,0,48,75.586904013486,45.77831072231279,0.6849442505638826,0.5427524435986462,0,22.0566937823198,"I am a professional translator from Fayyum with 7 years of experience in the field. I provide accurate and reliable translation services. I have extensive experience translating various types of documents, including technical, marketing, and general business content. I am proficient in using common CAT tools and also skilled in terminology management. I can help clients ensure their messages are conveyed clearly and effectively across language barriers. My commitment is to deliver high-quality translations that meet deadlines consistently."
EGY_00080,-1.9875689146008928,45.86399684072036,13.393414128360867,Some College,Cairo,Video Editing,32.6195885294383,4,4,0,63,50.38650663548512,10.77004156474377,0.5221310036874939,0.03568890091172937,0,5.746354013638012,Hello. i am from Cairo. I like video editing. i am very passionate. i am a hardworking person and very dedicated. I think I can help you with good videos. I will try my best for your project. I am team player. i will work hard and do my best for nice work.
EGY_00081,-0.21967188783751193,32.249768160085296,10.614953304734492,Some College,Luxor,Digital Marketing,45.474405772538326,5,10,1,32,72.75391893032626,31.223837780227928,0.9215700092880604,0.2560987516056158,0,23.151214151654713,"I am a Digital Marketing freelancer based in Luxor, bringing 11 years of experience to my clients. I provide a range of digital marketing services designed to support online growth. I have extensive experience in Search Engine Optimization (SEO), paid advertising campaigns, and social media management. I can help businesses effectively increase their online presence and connect with their target audience. My focus is on delivering reliable and functional marketing solutions that meet client objectives consistently."
EGY_00082,0.3571125715117464,34.47415532575009,12.13790346910522,Some College,Luxor,Content Writing,61.239143032192494,9,10,1,62,84.59679780128772,65.20447169362471,0.6093302642567561,0.6455935246314582,1,34.17185161741105,"I am a content writer based in Luxor with 12 years of professional experience. I provide well-researched articles, engaging blog posts, and clear website content. I have experience in tailoring content for diverse audiences and industries. I can help with keyword research and ensuring content quality, utilizing tools like Grammarly. My focus is on delivering reliable, timely work that meets your specific project requirements."
EGY_00083,1.477894044741516,29.495467820792502,4.715347832045104,Master's Degree,Tanta,SEO Specialist,71.245356733115,12,5,3,34,93.5401671741956,90.75687562845606,0.8005558847006178,0.8765138587631994,1,40.8944554189516,"As a top 1% SEO Specialist, I architect bespoke, ROI-driven strategies that transcend conventional optimization. Leveraging a profound data-driven approach, I consistently elevate organic visibility and drive tangible business outcomes for enterprise-level clients navigating complex digital ecosystems. My methodology integrates advanced Technical SEO audits, meticulous content strategy aligned with E-A-T principles, and sophisticated competitive analysis. I’ve successfully increased organic traffic by an average of 150% and boosted conversion rates by over 40% across diverse verticals through meticulously planned and executed campaigns. I excel in cross-functional collaboration and stakeholder management, ensuring seamless integration of SEO initiatives with broader strategic objectives. My focus is on developing scalable, future-proof solutions, consistently delivering measurable impact and sustainable growth."
EGY_00084,-0.5182702182736474,36.97442724591768,10.563027771641439,Master's Degree,Fayyum,SEO Specialist,57.78902061069803,11,9,0,61,70.68156611062584,12.873603446713734,1.0,0.4306562539142228,0,20.737074622383602,"I am an SEO Specialist from Fayyum with 11 years of experience in optimizing websites. I provide comprehensive SEO services, including keyword research, on-page optimization, and technical SEO audits. I have extensive experience using tools like Google Analytics and Google Search Console to improve search rankings. I can help businesses enhance their online visibility and attract more organic traffic. My goal is to ensure your website performs effectively in search results. I am reliable and focused on delivering consistent results for my clients."
EGY_00085,-0.8084936028931876,23.23276392272073,0.9282490166605655,Some College,Luxor,UI/UX Design,42.77339223911714,4,2,0,21,56.71176785026521,35.383796774299014,0.8180091538811086,0.20289615180563988,1,23.9075315450131,"I am a UI/UX Designer from Luxor with 1 year of experience. I provide services focused on creating intuitive and user-friendly digital experiences. I have experience in user research, wireframing, and using design tools like Figma. I can help with designing user-centered websites and mobile applications. My goal is to deliver clear, functional, and visually appealing designs that enhance usability for your projects. I am committed to producing effective solutions."
EGY_00086,-0.5017570435845365,30.514609172856343,7.078923443136334,Bachelor's Degree,Aswan,Administrative Support,47.95020206542387,6,7,0,40,58.14460021969752,54.95837753790032,0.4403168099959826,0.36193145926121506,1,21.063615641969008,"I am an Administrative Support freelancer from Aswan with 7 years of experience. I provide dependable administrative assistance to ensure your daily operations run smoothly. I have extensive experience in data entry, scheduling, and proficiently using Microsoft Office Suite. I can help with managing communications, organizing documents, and maintaining efficient workflows. My focus is on delivering consistent, accurate support to your projects. I am committed to offering reliable administrative solutions."
EGY_00087,0.9154021177020741,49.0211943147292,17.996648020466036,High School,Ismailia,Data Entry,69.39409715286698,11,11,0,116,86.90984091839283,60.49576900641216,0.2932970395405921,0.818660634168392,1,34.99930938565519,"I am a professional Data Entry specialist with 18 years of experience. I provide accurate and efficient data entry services. I have extensive experience in transcribing information, maintaining databases, and ensuring data integrity. I am proficient in Microsoft Office Suite, including Excel and Word, and experienced with various data management platforms. I can help businesses and individuals with their data organization needs, ensuring precision and timely completion of tasks. My focus is on delivering reliable and meticulous work for every project."
EGY_00088,0.32875110965968446,26.26026984643608,6.515482972400329,Bachelor's Degree,Asyut,Web Development,49.380129281618146,7,8,0,52,62.796159637354236,37.23971398733312,0.8879429543230786,0.4879231436891001,1,31.085043009217266,"I am a web development freelancer from Asyut with 7 years of professional experience. I provide reliable web development services, focusing on creating functional and user-friendly websites. I have extensive experience in building responsive web applications using technologies like React, Node.js, and WordPress. I can help with full-stack development, website redesigns, and ongoing maintenance to ensure your online presence is effective. My goal is to deliver well-structured and maintainable solutions for your projects."
EGY_00089,-0.5297602037670388,39.01557326532135,15.229961451432025,Bachelor's Degree,Tanta,UI/UX Design,37.42120557426907,10,6,0,83,74.18519394659081,36.47603649384187,0.6963828224732669,0.31164840341114863,0,20.577284430968955,"I am a UI/UX Designer with 15 years of experience in creating intuitive and engaging digital products. I provide comprehensive design services, focusing on user-centered principles to deliver effective solutions.

I have experience in user research, wireframing, prototyping, and UI design. My tools include Figma and Sketch. I can help with developing user flows, designing interfaces, and ensuring a positive user experience for your web or mobile applications. I am committed to delivering clear and functional designs that meet project requirements."
EGY_00090,0.5132674331133561,28.406082055190236,9.035016854694053,Some College,Cairo,Graphic Design,65.3914678923001,8,7,2,65,95.1816088372295,60.69146275883814,0.6313031570532057,0.7536029007529208,1,35.55411108690354,"I am a professional Graphic Designer based in Cairo, offering 9 years of experience in the field. I provide reliable graphic design services to businesses looking for clear and effective visual communication. I have extensive experience in logo design, branding, and creating various marketing materials. My skills include proficiency in industry-standard tools like Adobe Photoshop and Illustrator. I can help with projects requiring a strong visual identity and cohesive design elements. My aim is to deliver high-quality, professional designs that effectively convey your message."
EGY_00091,0.09707754934804039,42.751140021971224,13.72634796002613,Some College,Aswan,Customer Support,52.72029153455678,9,11,1,82,78.34368735800079,46.557048951471145,0.7894684130473334,0.5979723018473109,1,28.13367002698726,"I am a dedicated Customer Support freelancer with 14 years of experience. I provide reliable and professional customer service, focusing on effective issue resolution and client satisfaction. I have extensive experience in managing customer inquiries through email and live chat. I can help with troubleshooting common problems and maintaining positive relationships. I am proficient with customer support platforms such as Zendesk and HubSpot. My aim is to deliver consistent, high-quality support."
EGY_00092,0.9686449905328892,22.187957142987194,2.0943305383032613,Bachelor's Degree,Shubra El-Kheima,Administrative Support,52.75356477987561,8,1,2,27,75.74495654432017,60.904040877616275,0.4619597954574859,0.809389215968361,0,25.090991175478777,"I am an Administrative Support freelancer with 2 years of experience providing reliable assistance to businesses. I specialize in helping clients manage their daily operations smoothly and efficiently. I have experience in key administrative tasks such as data entry, scheduling, and document management. I am proficient in using Microsoft Office Suite (Word, Excel, Outlook). I can help with organizing information, managing calendars, and ensuring timely communication. My goal is to offer accurate and efficient support, allowing clients to focus on their core activities. I am committed to delivering professional and dependable service."
EGY_00093,-0.7020530938773524,49.03427344251343,15.25368768106616,Bachelor's Degree,Fayyum,Translation,58.20024783808752,7,8,1,85,80.31678425139367,41.28795540974715,0.49463124840758976,0.4989357205231082,1,21.7269597435504,"I am a professional translator based in Fayyum with 15 years of experience in English-Arabic and Arabic-English translation. I provide accurate and reliable language services for a wide range of content. I have extensive experience in general translation, localization, and proofreading. I can help with your document, website, or marketing material translation needs. My skills include proficiency with CAT tools like Trados. I am dedicated to delivering high-quality work that meets professional standards consistently."
EGY_00094,-0.3276621465977682,32.521265324276456,7.101019061573496,Bachelor's Degree,Luxor,Web Development,54.86578647400447,6,5,1,57,58.64267425409329,38.203830095952355,0.8790281923177168,0.29365467742801343,0,23.98721578221934,"I am a web development freelancer based in Luxor with 7 years of experience. I provide professional web solutions for various businesses. I have experience in front-end and back-end development, using technologies like React, Node.js, and WordPress. I can help with building new websites, improving existing ones, or maintaining web applications. My focus is on delivering reliable and functional web projects. I ensure clear communication and efficient project delivery. I am ready to assist with your web development needs."
EGY_00095,-0.39210815313215763,25.553614827086847,6.461872162447023,High School,Damietta,Mobile App Development,44.49464094146783,2,6,0,44,62.29087190745185,57.543237521979634,0.8088128600756865,0.24754139215774812,1,31.803622663873863,"I am a mobile app development freelancer based in Damietta with 6 years of experience. I provide robust and functional mobile application solutions. I have experience in native iOS and Android development, and I can help with cross-platform projects using Flutter. I can help with the full development cycle, from concept to deployment, ensuring a stable and user-friendly product. My focus is on delivering high-quality applications that meet client specifications. I am committed to clear communication and efficient project execution."
EGY_00096,-1.4635149481321186,20.351895914560405,2.351895914560405,High School,Asyut,Digital Marketing,25.31226596001857,4,4,0,12,53.888015501979616,25.27544666979807,0.8548401873141627,0.06873723426375819,0,6.838387257189617,hello. i am from Asyut. i start in digital marketing. i am very passionate and dedicated. i will try my best to do good work for you. i think i can help you. i am hard worker. i am a team player.
EGY_00097,0.29612027706457605,23.432252962801304,0.790654033920938,Some College,El-Mahalla El-Kubra,Graphic Design,56.428562731269466,11,5,1,8,67.57380313488255,38.471423441291286,0.6409775402099841,0.5547398512078662,1,28.53822010998554,"I am a graphic designer based in El-Mahalla El-Kubra with 1 year of professional experience. I provide clear and effective design solutions for businesses and individuals. I have experience in creating various visual assets, including logos, branding materials, and engaging social media graphics. I can help with projects that require skills in Adobe Photoshop and Illustrator. My goal is to deliver reliable and high-quality work that meets client expectations. I am committed to producing professional designs and ensuring client satisfaction. I am ready to collaborate on your next project."
EGY_00098,0.26105527217988933,34.63276635379256,8.794731293969749,Master's Degree,Port Said,Mobile App Development,59.09103007427261,7,7,1,70,59.8506926493196,86.57725476750664,1.0,0.7334296730518769,0,32.19480027357894,"I am a mobile app development freelancer based in Port Said with 9 years of experience. I provide professional services for building robust and user-friendly mobile applications. I have extensive experience in native iOS development using Swift and Android development using Kotlin. I can also help with cross-platform solutions like React Native. I can help clients with full-cycle app development, from initial design to successful deployment. My focus is on delivering functional and reliable mobile applications that meet project requirements."
EGY_00099,0.00511345664246089,28.78410164580116,6.417649473562842,High School,Fayyum,Content Writing,29.746694492936438,8,6,0,28,74.43289160842687,48.89445013814827,0.5683900715948949,0.447519339021478,1,24.498358942120436,"I am a content writing freelancer based in Fayyum with 6 years of professional experience. I provide well-researched articles, engaging blog posts, and clear website content. I have experience in developing content across various topics and for different audiences. I can help clients communicate their messages effectively and clearly. My skills include content research, applying basic SEO principles, and using tools like Grammarly for accuracy. I am committed to delivering reliable work that meets deadlines. Let's create compelling content together."
EGY_00100,-0.23458713337514692,44.5242677082435,16.47488294258531,Some College,Alexandria,UI/UX Design,67.60469009423034,11,9,0,73,77.95852995337621,8.183143896513492,0.7748420722973104,0.777884466202631,1,31.698239332665935,"I am a UI/UX Designer based in Alexandria with 16 years of experience. I provide comprehensive design solutions, focusing on user-centered principles. I have extensive experience in wireframing, prototyping, and user interface design. I am proficient with tools like Figma and Adobe XD. I can help clients create intuitive and engaging digital products that meet their specific goals. My aim is to deliver clear, functional, and visually appealing designs consistently."
EGY_00101,-1.4153707420504142,31.78840075717779,6.6538334144633815,Some College,Luxor,Digital Marketing,20.870595777574586,7,4,0,36,51.62850513084801,51.83672365545983,0.6603215614277587,0.03791140037744283,0,10.531217321705414,hello i am from luxor. i just starting digital marketing. i am very passionate for this. i work hard and i am good team player. i do my best for your project. i think i can help you. i will try my best to do good work. i am dedicated.
EGY_00102,-0.42064532276535904,25.958856722804157,5.6234361226106735,Master's Degree,Tanta,Web Development,43.67126382863204,5,8,0,26,67.46762649997129,63.725189165024176,0.8616618097738731,0.42418113242734967,1,31.600683464464435,"I am a web developer with 6 years of experience, providing professional development services. I specialize in creating and maintaining custom websites. I have extensive experience in front-end and back-end technologies, including React, Node.js, and WordPress. I can help with building responsive user interfaces, developing robust APIs, and optimizing website performance. My focus is on delivering functional and reliable web solutions that align with client requirements. I am committed to clear communication and efficient project delivery."
EGY_00103,-0.3427145165267695,37.748639571328965,10.901505048655547,Bachelor's Degree,Cairo,Digital Marketing,45.207951079889924,4,5,0,73,85.10859980358597,52.74505876903424,0.5766429771578546,0.44353242031916723,1,27.475406488178937,"I am a Digital Marketing freelancer based in Cairo with 11 years of experience. I provide comprehensive digital marketing services designed to enhance online presence and effectively reach target audiences. I have extensive experience in SEO, Google Ads management, and social media marketing strategies. I can help businesses with developing effective digital strategies, executing targeted campaigns, and monitoring performance to achieve their marketing goals. My focus is on delivering professional and reliable results."
EGY_00104,-0.8022772692216189,40.616870940334266,13.541218022444001,Bachelor's Degree,Damietta,Administrative Support,57.93434314856423,8,6,0,54,70.68557732789492,49.84720091665061,0.2370189816140133,0.1926871431330084,0,11.376716411941109,"I am an administrative support professional with 14 years of experience providing reliable assistance. I have extensive experience in managing schedules, organizing documents, and performing accurate data entry. I am proficient with Microsoft Office Suite, including Word, Excel, and Outlook. I can help streamline your daily operations and ensure tasks are completed efficiently and accurately. My focus is on delivering consistent and professional support to help your projects run smoothly. I am ready to assist with your administrative needs and contribute to your team."
EGY_00105,-0.16128571166600914,23.345341052830396,4.299773127705636,Bachelor's Degree,Luxor,Video Editing,46.699475914942916,6,4,0,40,74.26920429921248,80.46070615002995,0.6624673353698947,0.19773268122931403,1,27.973059832537675,"I am a professional Video Editor from Luxor with 4 years of experience. I provide high-quality video editing services for various clients. I have experience in crafting engaging content for social media, corporate, and promotional videos. My skills include proficiency in Adobe Premiere Pro and After Effects. I can help with transforming raw footage into polished, impactful stories. I focus on delivering clear communication and timely, reliable results for every project I undertake."
EGY_00106,0.4040508568145384,23.363814921226165,3.2311334923575745,High School,Suez,Accounting,71.94583579575436,6,7,0,38,57.35982666362697,40.406583822247,0.37545593700790636,0.542019024441198,1,29.048490147320674,"I am an accounting freelancer from Suez with 3 years of experience. I provide accurate and reliable accounting services to support small and medium businesses. I have experience in daily bookkeeping, preparing essential financial reports, and managing payroll processes. I can help with maintaining organized financial records, ensuring compliance, and supporting your business operations. My skills include proficiency in QuickBooks and Microsoft Excel. I am committed to delivering precise work and clear communication to meet your accounting needs efficiently."
EGY_00107,1.8861859012105302,19.173485661873375,0.0,Master's Degree,Luxor,Administrative Support,82.36006321276909,9,6,2,26,79.90780577940234,74.63283162414854,0.49059654991830204,0.9713112935597813,1,38.121486498355004,"As a top 1% Administrative Support expert, I don't just execute tasks; I architect solutions that drive tangible business outcomes. Leveraging a data-driven approach and Lean Six Sigma methodologies, I meticulously optimize operational workflows and enhance cross-functional collaboration. My expertise lies in transforming complex administrative challenges into scalable, ROI-driven solutions. I specialize in delivering measurable impact for enterprise clients, streamlining processes to reduce operational costs by up to 25% and improving data accuracy, which has consistently led to a 40% increase in reporting efficiency. My proficiency extends to advanced stakeholder management, project coordination, and implementing robust CRM/ERP system support. I empower businesses to elevate their productivity and focus on strategic growth initiatives."
EGY_00108,0.17457781283183896,41.564864482100496,13.919699081408636,Bachelor's Degree,Damietta,Content Writing,42.9998185704181,10,11,0,60,78.2968835030067,81.64047393974886,0.5499503150155214,0.7542604085916234,1,27.606395660162207,"I am a content writing freelancer from Damietta with 14 years of experience. I provide high-quality, engaging content for various digital platforms. I have extensive experience in creating articles, blog posts, and website content. I am proficient in SEO best practices and tools like WordPress and Grammarly. I can help with your content needs, ensuring clear, effective, and well-researched communication. My focus is on delivering reliable and professional work that meets client objectives consistently."
EGY_00109,0.25755039072276437,39.241744883897766,12.568321011927988,Master's Degree,Zagazig,Data Entry,55.21033054186951,10,10,1,58,83.68404131916812,85.81414090319629,0.49395289721634184,0.6710503254548161,1,26.132355665071174,"I am a data entry freelancer based in Zagazig, with 13 years of professional experience. I provide highly accurate and efficient data entry services. I have extensive experience in tools like Microsoft Excel, Google Sheets, and various CRM platforms. I can help with organizing information, transcribing data, and managing databases effectively. My focus is on ensuring data integrity and timely completion for all projects. I am committed to delivering reliable, high-quality results. Let's discuss your data entry needs."
EGY_00110,-0.07444591576616721,33.188188023994044,8.37289075463217,Self-Taught,Fayyum,Mobile App Development,47.69822404635837,8,7,0,54,69.44441775200576,43.61526431718994,0.677659557928614,0.4497249330121282,0,31.061392918662808,"I am a mobile app developer based in Fayyum with 8 years of professional experience. I provide comprehensive mobile application development services. I have extensive experience in native iOS and Android development, utilizing Swift, Kotlin, and cross-platform frameworks like Flutter. I can help clients design, develop, and deploy robust mobile applications tailored to their specific needs. Whether you need a new app built from scratch or improvements to an existing one, I focus on delivering functional and reliable solutions. I am committed to clear communication and efficient project execution."
EGY_00111,-1.9187712152990415,45.013454367014305,15.690480494874379,High School,Tanta,Customer Support,10.377726921472087,5,4,0,71,53.619517237610715,57.12700816774851,0.5598250813681366,0.03566913961652539,0,3.0,"hello, i am from Tanta. i am new to customer support, but i very passionate. i want to work hard and be a good team player. i will try my best for customer. i think i can help make your customers happy. i am dedicated and i will doing my best work."
EGY_00112,-0.026513875449216878,43.7814448944017,18.666161277650456,Professional Certificate,Giza,Social Media Management,53.17951956298416,11,14,0,110,80.63482825957438,61.72129401446365,0.6831599954279062,0.6313463054420893,0,27.99574576646301,"I am a Social Media Management freelancer based in Giza, bringing 19 years of professional experience to my clients. I provide comprehensive social media strategy and execution services. I have extensive experience in content creation, community engagement, and utilizing tools like Meta Business Suite and Canva. I can help businesses effectively manage their online presence, connect with their audience, and build brand awareness across various platforms. My focus is on reliable and consistent social media operations that support client objectives."
EGY_00113,0.06023020994102644,36.731339660696065,12.360642692300116,Bachelor's Degree,Aswan,Administrative Support,51.12448064761396,8,11,0,72,65.99765749900774,73.15097998732087,0.4862516225281767,0.5460665800373473,1,26.991720410351572,"I am an Administrative Support professional based in Aswan with 12 years of experience in administrative roles. I provide reliable and efficient administrative assistance to businesses. I have extensive experience in data entry, calendar management, and using the Microsoft Office Suite effectively. I can help with organizing documents, scheduling appointments, and managing various daily office tasks. My focus is on providing consistent support to help your operations run smoothly. I am dedicated to delivering accurate and timely work."
EGY_00114,2.463242112485286,45.784680976424276,16.079847949796246,Master's Degree,Giza,Video Editing,92.51284874186469,16,13,1,109,98.29698321795749,91.10621889719023,0.7123898866891338,0.9961811537595159,1,49.99763102727767,"As a top 1% video editing expert, I don't just assemble footage; I architect compelling visual narratives designed to drive measurable business impact. My strategic approach leverages cutting-edge cinematic techniques and a data-driven understanding of audience psychology to optimize engagement metrics. I apply industry-standard methodologies, including a robust brand style guide adherence and an ACES color management workflow, to ensure consistency and superior quality across all deliverables. For enterprise-level clients, I've consistently delivered ROI-driven content, increasing conversions for ad campaigns by up to 40% and optimizing post-production workflows to reduce project costs by 25%. My expertise extends to complex projects requiring meticulous stakeholder management and seamless cross-functional collaboration, where I translate intricate objectives into scalable video solutions. I empower brands to tell their story powerfully, delivering measurable impact with every frame."
EGY_00115,-0.19236096478112252,24.586918721176584,5.346060041727421,Bachelor's Degree,Luxor,Accounting,49.04811332426631,5,2,1,11,69.93807541378028,52.273362080532124,0.5570287067089135,0.27869604376984447,0,23.11140159006474,"I am an accounting freelancer from Luxor with 5 years of professional experience. I provide comprehensive accounting and bookkeeping services to help businesses maintain accurate financial records. I have experience in financial statement preparation, bank reconciliation, and general ledger management. I can help with efficient payroll processing and ensuring tax compliance. My tools include QuickBooks, Xero, and Microsoft Excel. I am dedicated to delivering precise and reliable financial support."
EGY_00116,0.30154734233361247,21.581427820727292,1.4812177129243553,Bachelor's Degree,Fayyum,Data Entry,48.01218116486348,6,1,0,28,63.22900295386487,86.75937499654714,0.15521611166007843,0.5983865582219002,1,18.8433920065202,"I am a data entry freelancer based in Fayyum with 1 year of professional experience. I provide accurate and efficient data entry services to support various business needs. I have experience in transcribing data, organizing spreadsheets, and maintaining clear records. I can help with tasks such as data collection, data formatting, and file management. My key skills include Microsoft Excel, Google Sheets, and general office software. I am committed to delivering high-quality work reliably and on schedule. I aim for client satisfaction on every project."
EGY_00117,-0.03471176970524331,26.631987568543668,7.525441816299483,Some College,Alexandria,Administrative Support,57.16266337732449,4,6,2,41,72.7879603084215,41.65430929997094,0.4949108090690387,0.7288295038075346,1,24.711800653706007,"I am an Administrative Support freelancer based in Alexandria with 8 years of experience. I provide reliable administrative assistance to help businesses and individuals operate smoothly. I have experience in calendar management, email correspondence, and data entry. I can help with organizing information, managing schedules, and handling various routine office tasks. My focus is on delivering consistent and professional support. I am proficient with common office software and committed to clear communication, ensuring your administrative needs are met effectively."
EGY_00118,-1.168678037619532,19.826779394858075,1.8267793948580753,Bachelor's Degree,Cairo,Translation,26.22584663317123,2,1,0,6,65.57800856885237,64.51011065387519,0.5819672612576052,0.13474076073057525,0,5.966164940811458,hello i am from cairo. i am new translator. i am very passionate and dedicated. i work hard for my client. i think i can help you with your project. i will trying my best for your work. i am nice and good team player. let's work.
EGY_00119,1.1428228145150205,34.997424896033024,9.983850649611357,Some College,El-Mahalla El-Kubra,Video Editing,36.14563698989261,11,5,0,58,84.03622977386915,94.62420778009903,0.5755374916958724,0.7658520898128728,0,29.89485044012494,"As a top 1% Video Editing expert, I don't just edit; I architect compelling visual narratives that leverage strategic storytelling to drive quantifiable business outcomes. My methodology is deeply data-driven, meticulously optimizing video content for maximum ROI. I employ industry-leading frameworks like the AIDA model for persuasive messaging and integrate agile post-production pipelines to ensure scalable and efficient delivery.

For enterprise clients and complex projects, I excel in cross-functional collaboration and stakeholder management. My strategic interventions have consistently increased conversion rates by 40% for marketing campaigns and reduced production timelines, effectively cutting operational costs by 25%. I focus on delivering measurable impact, crafting solutions that transcend mere aesthetics to achieve your strategic objectives, ensuring every frame contributes to your bottom line."
EGY_00120,0.7519330326867741,47.97138215343877,18.878263143683817,Master's Degree,El-Mahalla El-Kubra,Customer Support,62.56552496984378,10,9,2,95,100.0,79.46892121139257,0.4158227092321124,0.7597727284605446,1,33.74426721966534,"I am a dedicated Customer Support professional with 19 years of experience. I provide reliable and efficient customer service, focused on ensuring client satisfaction through clear communication. I have extensive experience in handling customer inquiries, resolving technical and non-technical issues, and managing customer communications across various channels. I am proficient with CRM systems, ticketing platforms, and email support. I can help businesses maintain strong customer relationships and streamline their support operations effectively. My focus is on delivering consistent, high-quality support with a professional approach."
EGY_00121,0.7910319470430469,19.25899330139231,0.0,Bachelor's Degree,Luxor,Mobile App Development,56.32474193330581,6,3,2,31,68.1354035680405,58.41644863735155,0.8139080677006716,0.7501936632667553,1,35.45838393688326,"I am a mobile app developer based in Luxor, focused on building functional and user-friendly applications. I provide services for both Android and cross-platform development. I have experience in using Kotlin for native Android projects and Flutter for creating applications that work across multiple devices. I can help clients bring their app ideas to life, ensuring clear code and reliable performance. My aim is to deliver quality work and meet project requirements effectively."
EGY_00122,-0.9093874547947389,21.907517248320858,0.09097541117290397,Some College,Luxor,Graphic Design,40.180493222045264,1,2,0,11,73.14406483066398,42.753880762148405,0.7958059776649103,0.1541905542308081,0,10.753858708393405,"I am a graphic designer ready to assist with your visual communication needs. I provide professional graphic design services, including logo creation and social media graphics. I have experience using industry-standard tools like Adobe Photoshop and Illustrator. I can help you create clear and impactful designs that represent your brand effectively. My goal is to deliver reliable and high-quality results for every project. I am committed to clear communication and timely delivery. I am eager to help bring your ideas to life."
EGY_00123,1.4027943109360992,32.47036890506993,6.294371330243848,Bachelor's Degree,Giza,SEO Specialist,91.03063202343863,7,10,1,61,59.328324962747665,47.71144750214005,0.6080092155426099,0.9618554821658271,1,38.80793998130985,"As a top 1% SEO Specialist from Giza, I architect bespoke, ROI-driven strategies that consistently elevate organic search performance for enterprise clients. My data-driven approach involves comprehensive technical SEO audits, leveraging advanced methodologies like E-A-T principles and Core Web Vitals optimization to identify critical growth vectors. I don't just implement; I strategically optimize entire digital ecosystems, fostering cross-functional collaboration and adept stakeholder management to ensure seamless execution.

Through meticulous analysis and strategic foresight, I've consistently delivered measurable impact, evidenced by projects that increased organic conversions by 40% and reduced customer acquisition costs by 25%. My expertise spans scalable content strategies, intricate backlink profiling, and advanced analytics, all designed to deliver sustainable, market-leading visibility. Partner with me to transform your SEO challenges into unparalleled competitive advantages."
EGY_00124,-1.4018510627922809,47.88400056089296,18.216286526063186,Master's Degree,Tanta,Data Entry,49.24963098959637,5,9,0,88,67.56462095339499,26.389087697344774,0.22595885259439483,0.22675202527730418,0,5.017895720428214,hello. i am from Tanta. i want to do data entry work. i am good and will work hard. i try my best always. i am very dedicated. i think i can help you with your project. i am nice person. i am team player. i do my best for good work.
EGY_00125,0.5868570938002703,28.116995359256016,9.535227214523793,Bachelor's Degree,Damietta,Translation,57.15162718478566,9,7,0,45,85.40360355364025,66.35296142218093,0.4031737313037953,0.7110412633391088,1,31.339660171808486,"I provide professional translation services with 10 years of experience from Damietta. I specialize in English to Arabic and Arabic to English translation across various subjects. I am proficient with Trados Studio and MemoQ. I ensure accurate translations and timely delivery for all projects. I can help clients with their document translation needs, guaranteeing clear and precise communication. I am reliable and committed to quality service."
EGY_00126,2.1904556258099785,34.23151387802856,14.201508619202398,Master's Degree,Aswan,Social Media Management,74.59168267468911,14,13,2,120,97.18357602347987,54.88478292322029,0.646470408281132,0.9762120736923316,1,49.75698809370814,"As an elite, top 1% Social Media Management expert, I architect bespoke, ROI-driven strategies that consistently elevate brand presence and drive tangible business growth. My data-driven approach leverages advanced analytics and industry frameworks like the HOOTSUITE Engagement Model and SMART goals, ensuring every initiative is meticulously optimized for maximum impact. I specialize in transforming complex challenges into scalable solutions, having delivered measurable impact for enterprise clients – exemplified by increasing conversion rates by 40% and reducing customer acquisition costs by 25% across diverse campaigns. I excel in cross-functional collaboration and stakeholder management, fostering seamless integration to deliver exceptional results. My commitment lies in crafting strategic narratives and optimizing performance to ensure your social channels become powerful engines for sustainable, profitable expansion."
EGY_00127,-0.9905363251306883,19.330331489612547,1.330331489612547,Some College,Alexandria,Graphic Design,40.9887879422189,3,3,0,13,56.61870644159179,33.644894178460675,0.8170850529443661,0.07723646583352566,0,10.855084814786881,"I am a Graphic Designer from Alexandria with 1 year of professional experience. I provide design solutions for businesses and individuals. I have experience in creating logos, branding materials, and social media graphics. I am proficient in Adobe Photoshop and Illustrator. I can help with your visual communication needs, ensuring clear and effective designs. My goal is to deliver high-quality work that meets your project requirements and expectations."
EGY_00128,-0.5662977296027719,22.746982430786844,3.84987840836102,Master's Degree,Asyut,Web Development,37.803278137294875,4,5,0,26,59.6312067733403,72.3768568682883,1.0,0.2614141974671368,0,20.85837776422683,"I am a Web Development freelancer based in Asyut with 4 years of professional experience. I provide reliable web development services, specializing in building responsive websites and web applications. I have experience with core technologies including HTML, CSS, and React. I can help clients with frontend development, creating new web projects from scratch, and efficiently maintaining or updating existing sites. My focus is on delivering functional, high-quality solutions tailored to your specific needs."
EGY_00129,0.09965136508764122,49.572163934683104,15.341182892504385,Master's Degree,Luxor,Customer Support,55.412535699784044,9,9,0,84,90.92787869372609,48.88035528944344,0.5650231509449546,0.4948158095939093,0,23.10339476151065,"I am a Customer Support freelancer from Luxor with 15 years of experience. I provide reliable and efficient support, focusing on client satisfaction. I have experience in managing customer inquiries, resolving issues promptly, and ensuring a positive customer experience. I can help with email support, live chat, and using CRM software to track interactions. My goal is to offer consistent and professional assistance to your customers. I am committed to delivering high-quality service and maintaining clear communication."
EGY_00130,-0.5034756541161992,48.88379828595346,17.444931372104033,Professional Certificate,El-Mahalla El-Kubra,Video Editing,35.83925756598847,11,11,0,73,72.07565787357278,59.462717182918354,0.501875405139933,0.5255026879279775,0,20.228262444492138,"I am a professional video editor based in El-Mahalla El-Kubra, with 17 years of experience in post-production. I provide high-quality video editing services for a range of projects, including corporate videos, promotional content, and social media materials. I have extensive experience in transforming raw footage into polished, engaging final products. I can help with tasks such as cutting, color correction, and sound editing. My primary tools include Adobe Premiere Pro and After Effects. I am dedicated to delivering professional and reliable results for my clients."
EGY_00131,-1.5506634310661327,18.158079389901108,0.0,Some College,Cairo,UI/UX Design,29.246972694235534,2,2,0,9,45.876104174269514,39.88957565303468,0.7124908244624979,0.07040701945501814,0,7.592808161645128,Hello. i am from Cairo. i am new UI/UX Designer. i passionate about good design work. i will work hard. i do my best for you. i am a team player. i think i can help your project good. i dedicated to my work. i try my best always.
EGY_00132,0.06856297480602733,48.45797713354365,17.033091083623958,Master's Degree,Fayyum,Translation,42.908703099155645,10,10,0,85,89.96341221360329,46.2074141500688,0.6375837328765704,0.7001750254299957,0,26.351035531654055,"I am a professional translator from Fayyum with 17 years of experience. I provide accurate and reliable translation services, focusing on English to Arabic and Arabic to English language pairs. I have extensive experience working with various document types. I am proficient in using common CAT tools, including SDL Trados and MemoQ, to ensure consistency and efficiency. I can help clients effectively convey their messages and achieve clear communication across different languages. My commitment is to deliver high-quality and precise translations for every project. I am a dependable resource for your translation needs."
EGY_00133,-1.0623037137261049,38.45183801009601,11.934815168888028,Bachelor's Degree,Zagazig,Digital Marketing,45.907978454423095,9,6,0,67,68.33349888176168,34.92662555251227,0.8831635429967839,0.11849784972246953,1,21.93952616409482,Hello. i am from Zagazig. i am new digital marketing. i am very passionate. i will try my best for your projects. i think i can help you. i am a dedicated person. i work hard always. i want to do good work for you. i am a good team player. i will do my best on every project.
EGY_00134,0.4735924306351816,45.77338542464071,15.719850099390168,Master's Degree,Shubra El-Kheima,Web Development,51.2041095520016,15,12,1,100,89.51099933480418,58.186087879247005,0.8358003005546665,0.7569166521967919,0,31.730690632783396,"I am a web development freelancer from Shubra El-Kheima with 16 years of experience. I provide professional web development services. I have extensive experience in front-end and back-end development. I can help with building responsive websites, custom web applications, and maintaining existing platforms. My skills include JavaScript, PHP, and modern frameworks. I am reliable and committed to delivering functional solutions. I focus on clear communication and timely project delivery for all my clients. I am available to discuss your project needs."
EGY_00135,-0.9194242342338032,32.55167538028349,4.772405607418518,Some College,Damietta,Web Development,42.81966184384264,2,2,0,30,67.58381331502623,8.201571861302899,1.0,0.1516995523275239,1,25.618017912167574,"I am a Web Development freelancer from Damietta with 5 years of experience. I provide professional web solutions for businesses and individuals. I have experience in building responsive websites and robust web applications. My skills include JavaScript, React, and PHP. I can help with frontend development, backend logic, and database integration to bring your projects to life efficiently. I focus on delivering functional and well-structured code. I am ready to assist with your web development needs."
EGY_00136,1.5499344050175394,34.49907291453601,11.39526426095667,Master's Degree,Suez,Social Media Management,60.6013432434079,13,7,3,84,79.15299446957124,82.80383487334305,0.627043982699628,0.9412149589576164,1,40.063995174098245,"As a top 1% Social Media Management expert, I architect comprehensive, data-driven strategies that transcend mere content posting, focusing on tangible business outcomes. I leverage advanced analytics and implement agile marketing principles to optimize audience engagement and drive ROI. My approach consistently delivers measurable impact, exemplified by a recent project where I increased conversions by 40% and reduced customer acquisition costs by 25% through meticulous A/B testing and funnel optimization.

I specialize in guiding enterprise clients through complex digital landscapes, employing cross-functional collaboration and adept stakeholder management to ensure seamless execution. From developing scalable content frameworks to implementing sophisticated paid social campaigns and navigating influencer ecosystems, I focus on granular performance insights. My objective is always to cultivate robust brand ecosystems that foster sustainable growth and achieve ambitious strategic imperatives."
EGY_00137,-0.7832532923362371,33.643090568221446,7.240368289453254,Bachelor's Degree,Luxor,Data Entry,46.062939181063356,12,2,0,53,64.02775703715099,38.8252593661532,0.4714283976101375,0.289904108079023,0,6.587196768676513,"I am a professional Data Entry freelancer based in Luxor with 7 years of experience. I provide reliable and accurate data entry services. I have extensive experience in data compilation, data verification, and transcription. I am proficient in using Microsoft Excel, Google Sheets, and various CRM systems. I can help you manage your data efficiently and ensure high levels of accuracy. My focus is on delivering organized and timely results for every project. I am committed to providing dependable support for your data needs."
EGY_00138,-0.3220615162056756,39.33965624147534,13.282287473107502,Bachelor's Degree,Tanta,Social Media Management,35.50523656423286,9,6,0,66,67.02963098457026,60.864019254565264,0.764546698655934,0.3659308615236439,0,22.21519066386666,"I am a social media management freelancer based in Tanta with 13 years of experience. I provide comprehensive social media management services, focusing on consistent and professional online presence for businesses. I have experience in content creation, community engagement, and using platforms like Meta Business Suite and Hootsuite. I can help you effectively manage your social media channels, connect with your audience, and maintain your brand's voice. My aim is to deliver reliable and steady support for your digital marketing efforts."
EGY_00139,0.8135172173696698,22.468840152202013,4.468840152202013,Bachelor's Degree,Luxor,Video Editing,64.81452633029014,8,7,1,40,80.89931989741021,65.58521581171539,0.4518232151026417,0.7471558274374772,1,32.70724010244241,"I am a professional video editor based in Luxor with 4 years of experience. I provide high-quality video editing services. I have experience with tools like Adobe Premiere Pro and After Effects. I can help with various aspects of post-production, transforming raw footage into polished and engaging videos. My focus is on clear communication and delivering professional results efficiently. I am reliable and committed to meeting project deadlines."
EGY_00140,-1.2308643164339552,18.959154875925694,0.0,Bachelor's Degree,Tanta,Social Media Management,41.769044986970535,2,0,1,0,40.987888176702725,32.791233940666494,0.6951438766533475,0.12953189025134348,0,9.529852535058144,hello. i am from Tanta. i want to do social media work for you. i am passionate and dedicated. i work hard and will do my best. i think i can help you good. i am good person and nice. i always try my best for the work.
EGY_00141,0.22745993460412942,27.85375813091811,0.8516798330582063,Bachelor's Degree,Alexandria,Accounting,51.412070033494146,7,4,1,0,43.77255383087382,55.69274863600179,0.6928642544014556,0.3860299367029461,0,24.640023529500304,"I am an Accounting freelancer based in Alexandria with 1 year of professional experience. I provide reliable accounting support to businesses. I have experience in bookkeeping, financial record keeping, and using accounting software like QuickBooks. I can help with various financial tasks, ensuring accurate and organized financial operations. My goal is to deliver precise and timely work, helping clients maintain clear financial records."
EGY_00142,1.307142754282428,40.549784407572695,12.957862200783394,Master's Degree,Zagazig,Translation,59.3154722067771,13,9,2,88,98.75996015797897,68.69937711131537,0.49393349796393393,0.8856504325919118,1,40.82477694245788,"As a top 1% translation and localization expert, I architect sophisticated, ROI-driven language solutions that transcend mere linguistic transfer. My data-driven approach, grounded in ISO 17100 principles, ensures unparalleled accuracy and cultural resonance for enterprise clients. I strategically leverage advanced CAT tools and robust terminology management, optimizing workflows to deliver measurable impact. Through meticulous stakeholder management and seamless cross-functional collaboration, I've consistently achieved significant results, such as increasing global market penetration by 40% for digital content and reducing localization project costs by 25%. My expertise extends beyond translation; I solve complex linguistic challenges, providing scalable strategies that empower businesses to connect authentically with diverse international audiences. I don't just translate; I strategically enable global growth."
EGY_00143,-1.6074832345612275,24.459310467934348,6.077505550757751,Master's Degree,Shubra El-Kheima,Content Writing,30.855876552940803,1,2,0,40,50.894455628852604,52.85305268121233,0.4943418564422766,0.06697199686748952,0,6.201140275358069,Hello. i am content writer from Shubra El-Kheima. i am passionate about writing. I will tried my best for you. I am good person and very dedicated. I work hard. I think i can help you with nice content. i am a team player.
EGY_00144,0.1846338585323042,39.549837866397354,16.8465976282796,Master's Degree,Port Said,UI/UX Design,44.35969388811908,10,8,0,109,89.96927195655526,53.15542369406751,0.8494785435330099,0.7687839067061888,0,32.77338485620588,"I am a UI/UX Designer with 17 years of professional experience. I provide comprehensive UI/UX design services to help clients develop user-friendly websites and applications. I have experience in the full design process, including wireframing, prototyping, and user interface development. My skills include proficiency with tools such as Figma and Sketch. I can help transform product ideas into intuitive and visually appealing digital solutions. My commitment is to deliver reliable and high-quality designs that effectively meet project objectives."
EGY_00145,0.25988279424842353,49.03718547543265,16.163212096354755,Master's Degree,Zagazig,Translation,49.85578592175406,6,10,0,111,98.25971730860886,57.44107614561238,0.5633443279043981,0.6015354317964565,1,29.223464491369494,"I am a professional translator with 16 years of experience, based in Zagazig. I provide accurate and reliable translation services. I have extensive experience translating various document types, including technical manuals and business communications. I am proficient with industry-standard CAT tools such as SDL Trados and MemoQ. I can help you bridge language barriers, ensuring your content is clear and precisely understood by your target audience. I am committed to delivering consistent and high-quality work."
EGY_00146,0.7818228717773104,21.00482290526139,2.7962921896298765,Bachelor's Degree,Ismailia,Accounting,64.38196967161693,7,5,1,12,74.98387568967581,40.45352772042611,0.517269596872562,0.8889422610096972,1,35.612358057793514,"I am an accounting freelancer based in Ismailia with 3 years of professional experience. I provide reliable bookkeeping, financial record keeping, and general accounting support. I have experience using QuickBooks and Microsoft Excel for various accounting tasks. I can help businesses maintain accurate financial data and ensure organized financial operations. My goal is to offer dependable accounting services to support your business needs. I am ready to assist with your accounting requirements."
EGY_00147,-1.236950710878082,39.52326778320404,11.983339756362318,Some College,Cairo,Social Media Management,45.05249969790582,4,7,0,76,66.96092719703425,34.4509397449858,0.6497787290040244,0.09187438376550715,0,13.488366080907207,hello i am from Cairo. i am new social media. i am very passionate and dedicate. i will try my best to do good work for you. i work hard and am team player. i think i can help your business. i will do my best.
EGY_00148,-1.3204566130842763,32.20000701774627,8.308107502039492,Master's Degree,Cairo,Administrative Support,30.458684341730542,6,5,1,43,58.87943208838102,55.969172169936044,0.28297059942441494,0.2100480311462334,0,8.902122685835138,"Hello, i am from Cairo. I am new here but i am passionate about administrative work. I will work hard and do my best for you. i am good person and a dedicated team player. i think i can help your projects. I will try my best to nice work."
EGY_00149,0.5219415656168976,45.780552140080175,21.957017978082174,Master's Degree,Tanta,Web Development,58.0576985827047,9,12,0,140,88.97649075330015,62.695613877585,0.9404475322850541,0.9069753453070465,1,46.12786899392244,"I am a web development freelancer from Tanta with 22 years of professional experience. I provide dependable web solutions, focusing on functionality and user experience. I have extensive experience in full-stack development, utilizing technologies like PHP, JavaScript, and MySQL. I can help with building new websites, updating existing applications, and ensuring secure, efficient performance. My focus is on delivering well-crafted projects that meet client requirements effectively. I am committed to clear communication and delivering quality work on schedule."
EGY_00150,0.29698467323318606,23.66879326231635,0.39533530059950284,Professional Certificate,Giza,Mobile App Development,61.8298990347263,5,1,0,10,61.84086681846798,37.34863503235983,1.0,0.399428186608032,1,33.27046882188268,"I am a mobile app developer focused on creating functional and user-friendly applications. I provide development services for both iOS and Android platforms. I have foundational knowledge in mobile development frameworks like Flutter, and I am skilled in designing intuitive user interfaces. I can help with building new mobile applications or improving existing ones, ensuring a smooth user experience. I am committed to delivering reliable code and effective solutions for your project needs. I am ready to collaborate and bring your app ideas to life."
EGY_00151,0.25049285034587654,40.16403047123727,13.805897605731507,Some College,Aswan,Web Development,54.26111172191812,12,11,2,76,99.00496353959669,38.398489165527444,0.8285324210215929,0.5002664569705012,0,32.14836571160203,"Based in Aswan, I am a web developer with 14 years of experience. I provide robust and functional web solutions. I have extensive experience in front-end development using JavaScript and React, and back-end development with PHP. I can help with custom website development, system integrations, and ongoing website maintenance. My focus is on delivering reliable and well-structured web solutions that meet client requirements. I ensure a professional approach to every project."
EGY_00152,0.3464482094969757,44.81968926873952,17.02719990477458,Bachelor's Degree,Aswan,Accounting,61.55202514078362,9,10,0,86,86.00352811106045,43.0349471028037,0.467158306954969,0.8277249656663684,1,39.13238503508415,"I am an experienced accounting freelancer with 17 years in the field. I provide professional bookkeeping and financial reporting services to businesses. I have extensive experience using QuickBooks and Xero to ensure accurate and timely financial management. I can help you maintain precise records, prepare essential reports, and support your daily accounting needs. My focus is on delivering reliable and efficient financial assistance. I am committed to providing clear, functional accounting support."
EGY_00153,-0.6800247215784908,48.227655023168744,20.30816566377994,High School,Tanta,Web Development,50.58496463695211,6,10,0,114,82.41389200449896,56.834168994960365,0.9172561743990885,0.3807632651658763,0,23.474664154568075,"I am a web development freelancer from Tanta with 20 years of experience. I provide professional web solutions for businesses and individuals. I have extensive experience in front-end and back-end development, including expertise with JavaScript, React, and Node.js. I can help with building new websites, improving existing applications, and maintaining web systems. My focus is on delivering reliable and functional web solutions. I am ready to collaborate on your next web project."
EGY_00154,0.23225369716100355,39.863936905268666,13.314328450102991,Bachelor's Degree,Giza,SEO Specialist,50.20643395473506,10,12,1,84,92.35070878360729,65.93515205031659,0.9845877450289002,0.5530744636137893,1,32.65881716823194,"I am an SEO Specialist based in Giza, bringing 13 years of experience to various projects. I provide reliable SEO services focused on improving online presence. I have extensive experience in keyword research, on-page optimization, and technical SEO. I can help clients improve their search engine rankings and attract organic traffic effectively. My work involves strategic implementation and analysis using tools like Google Analytics to track performance."
EGY_00155,0.29307247329868125,33.90959244826968,10.161856547970011,Master's Degree,Damietta,UI/UX Design,21.645980760345665,7,9,0,52,65.84320026772616,1.7030468869691973,0.909988327355347,0.7708830158955452,1,36.64061956133852,"I am a UI/UX Design freelancer with 10 years of experience, based in Damietta. I provide professional design services focused on creating intuitive and engaging digital experiences. I have experience in wireframing, prototyping, and user interface design. I am proficient with tools such as Figma and Adobe XD. I can help clients with functional and user-centered solutions. My commitment is to deliver high-quality designs that meet project requirements."
EGY_00156,-0.7143514180263678,37.77111168643884,11.079369877019722,Some College,Ismailia,UI/UX Design,31.105457793749817,7,7,0,38,74.4365330429214,40.206997569421766,0.7905825215270702,0.16229581345010277,0,22.441601228617703,"I am a UI/UX Designer from Ismailia with 11 years of experience in creating intuitive digital experiences. I provide comprehensive design services, focusing on user-centered principles. I have experience in user research, wireframing, and prototyping using tools like Figma. I can help clients transform complex ideas into clear, functional, and visually appealing interfaces. My goal is to deliver designs that meet user needs and project requirements efficiently. I am committed to producing high-quality work and ensuring client satisfaction through clear communication and timely delivery."
EGY_00157,1.8657745111447566,45.80495950331898,17.221229584481602,Master's Degree,Mansoura,Customer Support,90.07343777552437,12,13,1,115,91.77855012972957,74.60386563954083,0.5039598818052138,0.9700301477697365,1,42.8769346658466,"As a top 1% Customer Support expert, I architect solutions that elevate CX and drive tangible business growth. My data-driven approach leverages deep analytical insights, allowing me to optimize operational workflows and deliver measurable impact. I specialize in transforming complex support ecosystems for enterprise clients, often employing methodologies like ITIL and COPC to ensure scalable, ROI-driven outcomes. For instance, I've successfully increased customer conversions by 40% and reduced operational costs by 25% through strategic process re-engineering and agent empowerment initiatives. I excel in cross-functional collaboration and meticulous stakeholder management, ensuring seamless implementation across diverse teams. My strategic thinking moves beyond reactive problem-solving, focusing on proactive, preventative measures that enhance customer loyalty and foster sustained organizational success. Let's discuss how I can elevate your customer experience strategy."
EGY_00158,0.4738329209117875,36.259511892442546,10.269322584470705,Bachelor's Degree,Damietta,Digital Marketing,56.76984599970027,13,8,2,70,83.3358228208756,41.253842118051736,0.8698846875616748,0.6684658535969872,0,30.002420244441186,"I am a Digital Marketing freelancer based in Damietta, bringing 10 years of professional experience to my clients. I provide comprehensive digital marketing services tailored to business needs. My expertise includes managing SEO strategies, Social Media Marketing campaigns, and Google Ads. I am proficient with key tools like Google Analytics and SEMrush. I can help businesses effectively enhance their online visibility, drive relevant traffic, and reach their target audience. My aim is to deliver consistent and reliable digital marketing support."
EGY_00159,-1.1913034972026486,18.97238591029878,0.9723859102987795,Bachelor's Degree,El-Mahalla El-Kubra,Social Media Management,28.739144832681284,1,2,1,0,49.366268306236066,29.84723307940986,0.5590624752470921,0.024287868088997678,0,6.116523253957958,"hello, i am social media manager from El-Mahalla El-Kubra. i am very passionate about social media. i want work hard for your project. i am dedicated person and i will do my best. i think i can help make your social media good. i am good team player. i will try my best for success."
EGY_00160,0.6565536086338297,47.790358256223286,17.134994281646705,Some College,Damietta,Content Writing,71.51615406153952,17,12,1,89,97.16722879519247,77.84362154055142,0.6611742606664404,0.8635929206100166,0,31.696322749247006,"I am a professional content writer with 17 years of experience. I provide high-quality written content tailored to client objectives. I have experience in content strategy, SEO writing, and crafting compelling articles and website content. I can help clients communicate their messages clearly and effectively across digital platforms. My focus is on delivering well-researched, engaging, and error-free content. I am committed to professional communication and reliable project delivery."
EGY_00161,-0.9746816702273214,40.06485603300996,13.99311440761035,Bachelor's Degree,Aswan,Graphic Design,34.36652578429122,6,11,0,79,63.14305994790718,44.436468134489694,0.5382544991105811,0.15371606549027633,0,17.199868866687638,"I am a graphic designer from Aswan with 14 years of professional experience. I provide a range of graphic design services. I have extensive experience in logo design, brand identity development, and creating marketing materials. My skills include proficiency in industry-standard tools such as Adobe Photoshop and Illustrator. I can help with developing clear and effective visual communications for your projects. My aim is to deliver reliable and high-quality design solutions that meet your needs. I am ready to assist you."
EGY_00162,0.787084603742452,39.64842834487189,12.930531379553177,High School,Zagazig,Customer Support,40.880936998645225,11,14,2,100,82.98637842922173,51.95127564023185,0.5924914669218544,0.8609248490561441,1,32.60311413362867,"I am a customer support freelancer with 13 years of experience, focused on providing reliable client assistance. I provide comprehensive support across various channels, including email, chat, and phone. I have extensive experience using CRM software and ticketing systems like Zendesk to manage inquiries efficiently. My focus is on resolving customer issues promptly and professionally. I can help your business maintain high standards of customer satisfaction and operational efficiency. I am committed to clear communication and effective problem-solving to ensure positive customer interactions."
EGY_00163,1.158595579007404,24.90160487672695,6.393063427580506,Bachelor's Degree,Asyut,UI/UX Design,52.32591307502763,8,8,2,46,86.48797455788947,61.09352152396824,0.7706045607785784,0.9051744550154408,1,40.85224313035967,"As a top 1% UI/UX Architect, I don't just design interfaces; I strategically architect comprehensive, scalable solutions that consistently deliver measurable impact. Leveraging deep expertise in Human-Centered Design and Lean UX methodologies, my rigorously data-driven approach optimizes complex user journeys. I specialize in translating intricate business requirements into intuitive, high-performance digital experiences, demonstrating a profound understanding of ROI-driven outcomes. Throughout my career, I've successfully navigated enterprise-level challenges, increasing conversions by 40% and notably reducing operational costs by 25% for clients. I thrive on fostering seamless cross-functional collaboration and meticulous stakeholder management, ensuring every solution is precisely aligned with strategic objectives. Let's elevate your product's experience and achieve unparalleled business growth."
EGY_00164,-0.8206823183517105,39.08433504744503,12.547813581290045,High School,Ismailia,Social Media Management,41.8762454328934,6,2,0,57,66.53623705640356,36.73371524484603,0.6700694125242925,0.29208951198424565,0,20.280043306968096,"I am a social media management freelancer from Ismailia with 13 years of experience. I provide comprehensive social media services to businesses. I have extensive experience in content creation, community engagement, and social media analytics. I can help with platform management across Facebook, Instagram, and LinkedIn. My skills include using tools like Hootsuite and Buffer for efficient scheduling and reporting. I focus on consistent brand presence and audience growth. I am reliable and committed to delivering professional results for my clients."
EGY_00165,0.9633761292443218,30.60366098093307,4.01613165214608,Master's Degree,Cairo,Graphic Design,63.78173252271757,7,4,1,41,81.70208085489035,65.78984152371434,0.6141123915131868,0.836549415220208,0,26.359046172151533,"I am a Graphic Designer from Cairo with 4 years of professional experience. I provide high-quality graphic design services to help businesses and individuals visually communicate their message. I have extensive experience in creating effective branding, logo design, and social media graphics. I am proficient in industry-standard tools like Adobe Photoshop and Illustrator. I can help with developing clear, engaging, and professional visual content for your various projects. My focus is on delivering reliable and accurate work that meets your specific requirements. I am ready to collaborate on your next design need."
EGY_00166,0.4127809269364983,38.83945526532774,15.027516160624629,Master's Degree,Damietta,UI/UX Design,70.73827869233969,12,13,1,95,88.34244199581194,33.50741127969786,0.8698686709353315,0.8023744158020617,1,39.01056749872698,"I am a professional UI/UX Designer with 15 years of experience. I provide comprehensive design services to create intuitive and engaging digital products. I have extensive experience in user research, wireframing, and prototyping. I am proficient in tools like Figma and Adobe XD. I can help with crafting user-centered designs that meet business goals and user needs. My focus is on delivering clear, functional, and visually appealing user interfaces. I am reliable and committed to client satisfaction."
EGY_00167,0.82206015999449,21.410976969855703,0.23512158018818385,Master's Degree,Zagazig,Digital Marketing,54.99821556187558,4,6,0,14,65.0072699067859,49.818392423084674,0.7325318083410504,0.6580514456797965,1,29.940854077218486,"I am a Digital Marketing professional from Zagazig, eager to support businesses with their online presence. I provide focused services in social media management and content creation. I have practical experience using tools like Canva for graphic design and Meta Business Suite for effective scheduling and analysis. I can help with developing engaging content and managing social media platforms to reach your target audience. My aim is to deliver reliable and consistent support for your digital marketing needs. I am dedicated to helping clients achieve their objectives and build a stronger online footprint."
EGY_00168,1.8967929826539474,39.05104974729716,11.323097171080653,Self-Taught,Asyut,Web Development,75.35688711977126,13,11,2,102,93.42974215891505,88.29246253891853,1.0,0.9572302549793906,1,49.80602400853868,"I architect solutions for enterprise clients, operating as a top 1% web development expert. My strategic approach leverages cutting-edge frameworks like React, Node.js, and serverless architectures on AWS, ensuring scalable and robust digital ecosystems. I specialize in optimizing complex platforms, employing a data-driven methodology to consistently deliver measurable impact. Through meticulous stakeholder management and seamless cross-functional collaboration, I've engineered solutions that reduced operational costs by 25% and increased conversion rates by over 40% for previous projects. From conceptualization to deployment, I focus on delivering ROI-driven systems that propel businesses forward, ensuring high performance and future-proof adaptability."
EGY_00169,-0.2453881160028705,49.98123922466133,17.997420946709813,Some College,Alexandria,Accounting,37.47414752935674,6,9,1,107,84.57028891338497,45.9668453035777,0.6918867589802212,0.6776716468223971,0,25.47609797913292,"I am an accounting freelancer based in Alexandria, offering 18 years of professional experience. I provide comprehensive accounting and bookkeeping services. I have extensive experience in financial reporting, general ledger management, and accounts payable/receivable. I can help with accurate data entry and reconciliation using tools like QuickBooks and Excel. My focus is on delivering reliable financial support to ensure your records are organized and current."
EGY_00170,-0.7537361643574896,19.542785243537793,1.542785243537793,Professional Certificate,Tanta,Graphic Design,33.488015757833125,5,0,0,8,53.01535930940058,28.206542236308238,0.5195711337697255,0.23433588789891954,0,12.97342446934521,"I am a Graphic Designer with two years of professional experience. I provide professional graphic design services, specializing in logo design, branding, and creating engaging social media content. I have experience using industry-standard tools like Adobe Photoshop and Illustrator to produce clear and effective visuals. I can help businesses and individuals develop designs that meet their specific project requirements. My focus is on delivering reliable and functional design solutions to support your vision and communication needs."
EGY_00171,-0.8895144296255233,49.269573895082154,14.490395909091898,Master's Degree,Alexandria,Social Media Management,17.73824454308091,9,11,0,59,78.68244759724622,27.195926219628017,0.6691456136149935,0.2325711767096382,0,19.12947000542068,"I am a Social Media Management freelancer with 14 years of experience. I provide comprehensive social media services to businesses. I have extensive experience in content creation, community management, and performance analysis. I can help with developing effective social media strategies, managing daily posts, and engaging with your audience across various platforms. I am proficient in tools like Hootsuite and Meta Business Suite. My goal is to ensure your online presence is consistent and professional. I focus on reliable execution and clear communication for every project."
EGY_00172,-0.8158102849654383,31.02105474313186,13.02105474313186,Bachelor's Degree,Aswan,Video Editing,33.90599908501311,5,5,0,82,68.40324462885074,51.02293061237503,0.6735155231989252,0.31739744134527603,0,20.913920063654665,"I am a professional video editor with 13 years of experience. I provide high-quality video editing services for various projects, helping clients transform raw footage into polished, professional videos. I have extensive experience in creating engaging content. My expertise includes Adobe Premiere Pro, After Effects, and DaVinci Resolve. I focus on delivering projects on time and to client specifications. I am committed to producing clear and effective visual stories."
EGY_00173,-0.0771017094141042,45.86411041079229,18.83057986460748,Master's Degree,Shubra El-Kheima,Content Writing,48.32478572108941,12,12,2,115,82.89060529307241,41.30770050707901,0.5541840671406786,0.6166213727530385,1,28.6669215824293,"I am a dedicated content writing freelancer with 19 years of experience in crafting diverse written materials. I provide clear, professional, and engaging content for a variety of platforms. I have experience in creating well-researched blog posts, compelling website content, and informative articles. I can help you achieve your communication goals with precise and effective copy. My skills include SEO content writing, basic keyword research, and using content management systems like WordPress. I focus on delivering reliable and high-quality work that consistently meets project requirements."
EGY_00174,0.3411519748166439,43.036335489864754,15.46827912217717,Some College,Alexandria,Customer Support,53.75397119759282,10,7,0,87,93.89595188369508,61.75737438409847,0.621247670396201,0.7544823335421271,1,29.768200837851985,"I am a Customer Support professional from Alexandria with 15 years of experience. I provide reliable and effective customer service, focused on ensuring client satisfaction. I have extensive experience in handling customer inquiries, managing support tickets, and utilizing various CRM platforms. I can help businesses maintain high customer satisfaction through clear communication and efficient problem-solving. My goal is to deliver consistent, professional support for your customers. I am dedicated to offering steady, dependable assistance to your team."
EGY_00175,0.27669079933001905,36.14452035157337,10.776924209711447,Some College,Luxor,Graphic Design,75.64589462727838,12,7,1,70,75.55526099528504,43.91777477858807,0.7594650815910273,0.7788352439850177,0,25.39687469014921,"I am a graphic designer from Luxor with 11 years of professional experience. I provide comprehensive graphic design services to help businesses and individuals. I have extensive experience in creating engaging visual solutions, including logo design and brand identity development. I am proficient with industry-standard tools like Adobe Photoshop and Illustrator. I can help clients communicate their message effectively through high-quality design. My focus is on delivering professional and reliable work that meets project specifications consistently. You can expect clear communication and dependable service."
EGY_00176,0.8271832490360238,41.63037469604245,14.749332967340786,Bachelor's Degree,Fayyum,Digital Marketing,80.74259450731017,9,12,1,89,86.07285897925135,42.97672559843247,0.7416437446807137,0.7330225457634066,0,32.92173697937552,"I am a Digital Marketing freelancer based in Fayyum with 15 years of experience. I provide comprehensive digital marketing services focused on enhancing online presence and driving growth. I have extensive experience in key areas such as SEO, social media marketing, and managing Google Ads campaigns. I can help clients effectively develop and implement strategies tailored to reach their specific target audience. My aim is to deliver practical solutions and consistent results to achieve marketing goals reliably."
EGY_00177,0.01300189187790702,46.11249796164313,17.909743633744554,Some College,Aswan,Administrative Support,42.686033668557755,16,10,0,105,67.10932395682734,53.82274207999668,0.5481215884073383,0.7271661283841588,0,20.514090652001286,"I am an administrative support professional from Aswan with 18 years of experience. I provide reliable administrative assistance to help businesses operate smoothly. I have extensive experience in data entry, calendar management, and email correspondence. I can help with organizing information, scheduling appointments, and managing daily tasks efficiently. My goal is to offer dependable support to your team, ensuring consistent and professional service."
EGY_00178,1.4535340771573169,30.932490292833055,9.049925347599947,Some College,El-Mahalla El-Kubra,Graphic Design,51.36364421083379,6,8,1,57,79.79420184414165,65.98169383718579,0.4089337305091859,0.9408290768090927,1,39.63481407497606,"As a top 1% Graphic Design authority from El-Mahalla El-Kubra, I architect visually compelling, ROI-driven solutions for enterprise-level challenges. My data-driven approach, grounded in design thinking methodologies, enables me to strategically leverage design as a catalyst for business growth, not merely aesthetics. Through meticulous stakeholder management and robust cross-functional collaboration, I've delivered measurable impact, evidenced by a 40% increase in conversions and a 25% reduction in production costs for complex projects. I specialize in optimizing visual communication and developing scalable design frameworks that ensure brand consistency and drive tangible results across diverse platforms, transforming business objectives into impactful, high-performing visual strategies."
EGY_00179,-0.2646568332379561,28.46506117002364,7.390245634021079,Master's Degree,Luxor,Social Media Management,45.038143972115094,6,6,0,33,61.72978028934638,57.10098307737412,0.7857588209276842,0.3148892791842304,0,21.224881898186986,"I am a Social Media Management freelancer based in Luxor with 7 years of experience. I provide comprehensive social media management services. I have experience in content creation and community management, utilizing tools like Meta Business Suite. I can help clients maintain an active and effective online presence across various platforms. My focus is on consistent delivery to support your brand's communication goals. I am available to assist with your social media needs."
EGY_00180,2.720169166589619,39.36298833803471,12.996954365331323,Master's Degree,Ismailia,Content Writing,94.56763888055049,11,10,3,105,100.0,95.90389481454642,0.6886508802075525,0.996267599832583,1,54.362624113026264,"As a top 1% content strategist, I don't just write; I architect solutions that leverage data-driven insights to optimize your entire content ecosystem. My expertise extends beyond crafting compelling narratives, focusing on strategic content development that delivers measurable impact. I implement advanced content marketing methodologies and SEO best practices to build scalable strategies designed for tangible ROI.

I excel in managing complex projects for enterprise clients, demonstrating proficiency in cross-functional collaboration and meticulous stakeholder management. Through my strategic initiatives, I've consistently increased client organic traffic by 60% and boosted conversion rates by 40%. Furthermore, my ROI-driven approach has enabled businesses to reduce content acquisition costs by 25%, effectively maximizing their marketing spend. My objective is to transform your strategic vision into quantifiable business growth."
EGY_00181,0.6256673477650062,43.85107014212028,15.115965244657515,Master's Degree,Suez,UI/UX Design,50.78016948264674,14,7,1,100,83.15350761160543,52.138504841879104,0.6912322305268742,0.5732207329707215,1,40.36074338577072,"I am a UI/UX Designer with 15 years of experience dedicated to creating intuitive and effective digital products. I provide comprehensive design services, focusing on user-centered principles to enhance user satisfaction.

I have experience in developing wireframes, prototypes, and complete user interfaces. My expertise includes user research, information architecture, and interaction design. I can help with projects using tools such as Figma and Adobe XD. My goal is to deliver clean, functional designs that meet client objectives and provide a seamless user experience. I am reliable and committed to clear communication."
EGY_00182,-0.8571575564162826,42.393124312851704,14.333328020403998,Some College,Damietta,Data Entry,29.032880314498527,7,9,0,70,80.79281765587479,44.94811673327132,0.42518803600928556,0.28005297979632365,0,9.340909735242992,"I am a Data Entry freelancer from Damietta with 14 years of experience. I provide accurate and efficient data entry services. I have experience in data processing, spreadsheet management, and using Microsoft Office Suite. I can help with organizing information and maintaining digital records. I ensure timely completion of tasks and maintain high attention to detail. I am committed to delivering reliable support for your data entry needs."
EGY_00183,-1.0708924980611123,43.5300367634763,14.928205497380418,High School,Aswan,UI/UX Design,49.762162222208644,7,7,0,69,65.48220210985085,31.31714324137605,0.5973716488632761,0.24180371482213076,0,22.542703860340616,hello i am new ui/ux designer from Aswan. i am very passionate about good design. i will working hard and do my best for your project. i am a dedicated person and a good team player. i think i can help you. i will try my best to deliver nice work.
EGY_00184,0.4824724152431853,31.938666074013856,10.630739838142443,Bachelor's Degree,Tanta,Data Entry,54.66157051719475,10,9,0,78,75.16582294773691,65.29437344398904,0.323657636714377,0.701918199182143,1,27.48576074896306,"I am a dedicated Data Entry freelancer with 11 years of professional experience. I provide precise and efficient data entry services to ensure your information is well-organized. I have experience in data compilation, transcription, and information management across various formats. My skills include proficiency in Microsoft Excel and Google Sheets. I can help clients maintain accurate and current records, supporting their operations effectively. I am a reliable professional committed to delivering consistent, high-quality results on every project."
EGY_00185,-0.2234627853258509,44.17069491760069,16.889530395122136,High School,Cairo,Customer Support,53.27056007706962,10,12,0,86,84.34490131622255,50.81967849269942,0.6095639338082413,0.564196889729272,0,20.32390240087071,"As a Customer Support freelancer from Cairo, I bring 17 years of dedicated experience. I provide professional customer support to ensure client satisfaction. I have extensive experience in handling inquiries via email and chat, and I am proficient with CRM systems and Zendesk. I can help your business deliver timely and effective assistance to customers. My focus is on clear communication and reliable problem-solving, ensuring consistent, high-quality service."
EGY_00186,0.714000494092092,21.84668977185947,0.0,Bachelor's Degree,Asyut,Video Editing,51.406950432836936,5,6,2,16,58.32654990149147,49.21045816866349,0.5987163841594848,0.7463519178037998,1,29.32866128275589,"I am a video editor located in Asyut, offering reliable video editing services. I provide support for various video projects, focusing on delivering clear and professional results. I have experience in using industry-standard tools like Adobe Premiere Pro and possess basic skills in After Effects. I can help with tasks such as footage trimming, sequence assembly, and adding basic graphics. My goal is to ensure your video content is well-produced and engaging. I am ready to start working on your project and am committed to timely delivery."
EGY_00187,0.47323762457354485,35.42365113474719,11.765992233907836,Some College,Tanta,Translation,56.52915978135524,7,5,0,72,94.89330183537142,45.06518312960483,0.5431797027476449,0.5433215633736653,0,25.809811043126437,"I provide professional translation services with 12 years of experience in the industry. My expertise includes English to Arabic and Arabic to English translation. I am proficient in using CAT tools like Trados Studio and MemoQ to ensure consistency and efficiency. I can help clients with accurate document translation, localization, and proofreading for various types of content. I am committed to delivering reliable, high-quality work on schedule."
EGY_00188,-0.07282891265687277,18.18427713593989,0.18427713593989026,Professional Certificate,El-Mahalla El-Kubra,Translation,45.544182773801786,5,2,0,0,65.9653809066436,53.156071924675054,0.5545226190646558,0.5117435839076051,0,13.866597727577398,"I am a dedicated translation freelancer from El-Mahalla El-Kubra, ready to provide high-quality language services. I offer accurate translation from Arabic to English and English to Arabic. I have experience using CAT tools and am proficient in proofreading and localization. While new to Upwork, I am committed to delivering precise and timely work. I can help clients bridge language barriers effectively. My goal is to ensure clear communication and client satisfaction with every project I undertake. I am reliable and focused on producing excellent results."
EGY_00189,-0.846793718068405,28.38674655680865,6.194630421193395,Master's Degree,Port Said,Graphic Design,30.544361840941043,6,5,0,36,51.47931283424326,57.27134117296789,0.6428570353762495,0.1545876208510113,0,15.110804375315134,"I am a graphic designer from Port Said with 6 years of professional experience. I provide professional graphic design services to help businesses and individuals effectively communicate their message visually. I have experience in logo design, branding, and creating marketing materials. My proficiency includes Adobe Photoshop and Illustrator. I can help with developing clear and effective designs tailored to your project. My focus is on delivering quality work efficiently and on schedule."
EGY_00190,-1.5148472246858646,29.726769115884732,6.2590245633530674,Bachelor's Degree,Damietta,Mobile App Development,38.83029574492896,5,4,0,30,62.34940128510566,45.34127647186001,0.9487489716968728,0.131743579126591,0,17.442619755138715,hello. i am from Damietta. i just start mobile app development. i am very passionate and dedicated person. i will work hard on your project. i always do my best. i think i can help you with good app. i am team player and i will try my best.
EGY_00191,-0.4465149520670211,30.677526131496172,9.85474111886973,Master's Degree,Asyut,Customer Support,29.413505622664545,11,11,0,59,80.09062727379401,30.49667951549717,0.43810103855521365,0.4007563918258435,0,12.288124415939034,"I am a dedicated customer support freelancer with 10 years of professional experience. I provide reliable and efficient customer service, committed to positive customer interactions. I have extensive experience in handling inquiries, resolving issues, and managing customer communication across various channels. I can help with email support, live chat, and basic technical troubleshooting. I am proficient with common CRM systems, including Zendesk. My goal is to ensure customer satisfaction and support your business operations effectively."
EGY_00192,0.8563987943234723,40.25495061407559,15.24802329269107,Some College,Port Said,Social Media Management,65.84655016996498,7,9,0,95,82.2991049869224,47.70913609154333,0.6919346073661344,0.8483377564430861,1,36.379615909386004,"I am a dedicated Social Media Management freelancer from Port Said with 15 years of professional experience. I provide comprehensive social media strategies and content creation services. I have extensive experience in community management, platform analytics, and using tools such as Hootsuite and Buffer. I can help businesses effectively grow their online presence and engage with their target audience. My focus is on delivering consistent and reliable social media support to achieve your communication goals."
EGY_00193,0.21409374413020396,30.433859240651064,5.91456020874342,Master's Degree,Suez,Customer Support,49.66018960704807,7,8,2,63,61.691444828346576,42.21195925606612,0.3855382335123405,0.567860614488528,1,21.436580664250144,"I am a dedicated Customer Support professional with 6 years of experience. I provide reliable and efficient customer service to ensure client satisfaction. I can help with various support channels, including email and live chat, resolving inquiries promptly. I have experience using Zendesk for ticketing and customer relationship management. My focus is on clear communication and delivering excellent support for every interaction. I am committed to helping businesses maintain strong customer relationships."
EGY_00194,-1.245738778711988,32.35819592392098,9.429022128601659,Bachelor's Degree,El-Mahalla El-Kubra,Administrative Support,35.46216313967892,8,6,0,59,56.80284023859753,26.102690711686353,0.5241099228266711,0.13217069424908626,0,7.3145280243072435,"Hello, i am from El-Mahalla El-Kubra. i am very passionate about admin support. i will work hard and do my best for your project. i am nice person who work hard. i think i can help you. I am dedicated. i will try my best."
EGY_00195,0.173180925851182,25.60141218797848,2.617533843704515,Bachelor's Degree,Fayyum,Digital Marketing,49.18194756558416,6,1,0,25,54.33646906610932,24.828269557427618,0.7178628898147809,0.7076424975013721,0,19.542945627039952,"I am a Digital Marketing freelancer with 3 years of experience. I provide practical digital marketing services to help businesses enhance their online presence. I have experience in SEO, Social Media Marketing, and Google Ads management. I can help with improving your visibility, attracting more traffic, and engaging your target audience. My focus is on delivering reliable strategies and consistent support for your marketing objectives. I am committed to professional and effective project execution."
EGY_00196,0.3853173797288368,29.944057332138883,4.407198069705469,Master's Degree,Mansoura,Administrative Support,64.45169131512195,2,4,2,36,64.2216626264644,66.47445661869185,0.4459012467155386,0.5253615598622869,0,21.10204633850064,"I am an administrative support professional from Mansoura with 4 years of experience. I provide reliable and efficient support to help businesses manage their daily operations. I have extensive experience in data entry, scheduling, and managing email correspondence. I am proficient in using Microsoft Office Suite (Word, Excel, Outlook). I can help with organizing documents, streamlining workflows, and ensuring smooth administrative processes. My goal is to offer consistent and dependable support to my clients."
EGY_00197,-0.883857436201133,25.272628072420847,3.110142394272578,Bachelor's Degree,Mansoura,Data Entry,27.345112474461487,2,3,0,36,52.62564255164759,32.55546973500612,0.36378290611415476,0.12334003774328095,0,7.07873153810935,"I am a professional Data Entry specialist with 3 years of experience. I provide accurate and efficient data entry services. I have experience in transcribing data, organizing information, and maintaining databases. I am proficient with Microsoft Excel, Google Sheets, and various online data collection tools. I can help with a wide range of administrative support tasks requiring meticulous attention to detail. My goal is to deliver high-quality results consistently. I am reliable and committed to meeting deadlines effectively."
EGY_00198,0.1537251059455279,20.342269560590196,2.3422695605901964,Bachelor's Degree,Zagazig,Social Media Management,63.88140850593604,7,1,1,32,69.08387429135242,58.77581510980909,0.6264346599484798,0.3596655637504751,1,27.322999920724367,"I am a Social Media Management freelancer based in Zagazig with 2 years of experience. I provide comprehensive social media services to help businesses grow their online presence. I have experience in content creation, scheduling, and community engagement. I am proficient with tools like Hootsuite and Canva. I can help manage your social media platforms effectively, ensuring consistent brand messaging and audience interaction. My goal is to deliver reliable support for your digital marketing needs."
EGY_00199,0.058208718445999896,37.3103549882041,13.49246308367463,High School,Mansoura,Social Media Management,50.58510382994578,10,4,1,66,81.47058583517395,45.96213449809558,0.5495273772354545,0.6296957032332048,1,32.00921011219855,"I am a professional Social Media Manager based in Mansoura, offering 13 years of experience in the field. I provide reliable social media management services, including strategic planning, content creation, and community engagement. I have experience with platforms like Facebook, Instagram, and Twitter, and I am proficient with scheduling tools such as Hootsuite and Buffer. I can help your business establish and maintain a strong online presence, ensuring consistent communication with your audience. My goal is to support your brand's social media objectives effectively."
EGY_00200,-1.142970297830623,39.382809553760524,13.8558565724509,Some College,Cairo,Graphic Design,19.57042024238942,8,3,0,80,68.16990982809256,35.939867921315766,0.6829250062159334,0.11935292579542858,0,14.928972710225905,"hello, i am from cairo. i am passionate for design. i want to do good work for you. i will work hard and do my best. i think i can helping your project. i am team player. i will try my best to deliver nice results. i am dedicated to my work."
EGY_00201,0.3577873603482833,37.82369107230767,13.344406217080595,Bachelor's Degree,Cairo,UI/UX Design,62.16896496425248,8,9,0,92,79.72909656970442,44.01566014802179,0.8554664097368826,0.6897269712153967,0,33.139657458403676,"I am a UI/UX Designer based in Cairo with 13 years of professional experience. I provide comprehensive UI/UX design services, focusing on creating intuitive and user-friendly digital experiences. I have experience in key areas such as user research, wireframing, and prototyping. My core tools include Figma and Sketch. I can help clients translate their visions into practical, effective, and visually appealing interfaces. My focus is on delivering clear and functional design solutions that effectively meet project requirements."
EGY_00202,0.5607845263682344,32.831809401618315,9.931442215200907,Bachelor's Degree,Mansoura,Customer Support,56.423270460347005,10,7,1,80,70.0413625867767,56.305548016945224,0.3669359846153979,0.864967138317161,1,25.773604308790453,"I am a customer support professional from Mansoura with 10 years of experience. I provide reliable and efficient customer support services. I have extensive experience in handling customer inquiries, issue resolution, and managing support tickets. I am proficient with various CRM software and live chat tools. I can help your business maintain high customer satisfaction and streamline support operations. My focus is on delivering consistent and professional assistance to every customer."
EGY_00203,1.083051243175277,30.153144965735354,6.0089237889953075,Some College,Port Said,Content Writing,49.16738938623371,7,6,2,45,84.57763992950161,49.927927740885664,0.5403600094020192,0.7691196548698285,1,36.52928029182691,"As a top 1% Content Writing expert hailing from Port Said, I transcend mere wordsmithing; I architect strategic content solutions that consistently deliver measurable impact. My data-driven approach leverages deep audience insights and SEO best practices (E-E-A-T) to optimize content funnels, resulting in documented successes such as increased conversions by 40% for enterprise clients and a significant reduction in content churn through asset optimization. I specialize in crafting scalable, ROI-driven content strategies, from thought leadership to high-converting sales copy. My expertise involves seamless cross-functional collaboration and meticulous stakeholder management, ensuring every piece of content aligns with overarching business objectives. I solve complex challenges by developing robust content frameworks, guaranteeing not just engagement, but tangible business growth."
EGY_00204,1.053802052034903,45.626676786298404,17.43985116112692,Self-Taught,El-Mahalla El-Kubra,Digital Marketing,69.13171161811225,13,10,0,101,100.0,62.333031332850275,0.7530013842616624,0.9090851286361747,1,41.891225852113166,"As a top 1% Digital Marketing expert, I architect strategic, scalable solutions designed to significantly elevate brand performance and market penetration. My fundamentally data-driven approach leverages advanced analytics and methodologies like the AARRR funnel to pinpoint and capitalize on growth opportunities. I specialize in dissecting complex challenges for enterprise clients, developing ROI-driven strategies that consistently deliver measurable impact. For instance, I've increased conversions by over 40% and reduced customer acquisition costs by 25% through meticulous optimization. My expertise extends to fostering cross-functional collaboration and robust stakeholder management, ensuring seamless execution across SEO, SEM, social media, and content marketing initiatives. I transform digital presence into a formidable growth engine."
EGY_00205,-1.377669367957091,34.61061712435898,11.567189325070752,Master's Degree,Alexandria,Administrative Support,39.400916633420636,6,3,0,47,58.639301580101495,55.32631371050425,0.3901351861800664,0.10483374662269525,1,11.645089451511367,"Hello, i am from Alexandria. i am new to administrative support. i will work hard for you. i do my best always. i am very dedicated and a team player. i am passionate to help. i think i can good help your business. i try my best on every work."
EGY_00206,-0.9378250399151228,33.33382008415139,10.708874710117982,Bachelor's Degree,Damietta,Accounting,48.75398180487447,5,5,0,59,57.875820537030364,46.55517029343359,0.5277178385813276,0.20034151923424712,0,22.847091176510396,"I provide professional accounting services, leveraging over 11 years of experience as an Accounting freelancer based in Damietta. I have extensive experience in core accounting functions including bookkeeping, financial reporting, and utilizing QuickBooks. I can help businesses maintain accurate financial records, manage accounts payable and receivable, and prepare comprehensive financial statements. My focus is on delivering precise and reliable accounting support to ensure your financial operations are organized and efficient, helping you make informed decisions."
EGY_00207,0.5150352672086598,18.820546105805942,0.820546105805942,Bachelor's Degree,El-Mahalla El-Kubra,Content Writing,53.942010182132236,9,0,1,26,78.83000733101218,60.546201721899365,0.7616101740490014,0.8750950141545989,1,27.072471323614117,"I am a content writer based in El-Mahalla El-Kubra with 1 year of professional experience. I provide clear and engaging content to meet diverse client requirements. I have experience in creating well-structured blog posts, effective website content, and informative articles. I can help with thorough content research and precise editing to ensure accuracy. My skills include applying SEO content writing principles and using tools like Grammarly for quality assurance. I am committed to delivering reliable and high-quality work."
EGY_00208,0.5137859509122088,28.919930484037003,7.9685659848243295,Bachelor's Degree,Ismailia,Digital Marketing,59.15996981694051,5,9,0,49,79.06455209505405,36.36931914043659,0.6481837214540909,0.5278558802492462,0,29.475923884965546,"I am a Digital Marketing freelancer based in Ismailia with 8 years of experience. I provide comprehensive digital marketing services focused on helping businesses grow their online presence. I have extensive experience in key areas such as SEO, Social Media Marketing, and Google Ads management. I can help clients develop and execute effective online strategies tailored to their specific goals. My objective is to improve your online visibility, attract more qualified leads, and enhance overall digital performance. I am committed to delivering professional and reliable results."
EGY_00209,0.5150476863060479,30.166259801147426,8.00265229577162,Some College,Zagazig,Administrative Support,58.23107872251983,8,10,1,53,80.33020163731824,64.68941826654257,0.2187812997061703,0.7847409303464774,0,21.718670406262312,"I am an Administrative Support freelancer based in Zagazig, Egypt, with 8 years of professional experience. I provide dependable administrative assistance to support businesses and individuals effectively. I have extensive experience in crucial tasks such as data entry, calendar management, and email correspondence. My expertise includes proficient use of Microsoft Office Suite and Google Workspace tools. I can help streamline your daily operations and ensure smooth administrative workflows. My goal is to offer accurate and consistent support, allowing you to focus on your core objectives."
EGY_00210,3.852731490654721,30.762328988700816,9.797697869853344,Master's Degree,Mansoura,Video Editing,100.0,14,8,4,69,100.0,100.0,0.5401260187693685,0.9995832756695573,1,59.67544165579378,"As a top 1% video editing expert hailing from Mansoura, Egypt, I architect bespoke visual solutions that drive unparalleled business growth. My methodology transcends mere cutting; I leverage a data-driven approach, employing advanced post-production techniques and a deep understanding of audience psychology to optimize content for maximum engagement. I specialize in developing scalable video strategies that consistently deliver measurable impact. For enterprise clients, I’ve demonstrably increased conversion rates by 40% through targeted visual storytelling and reduced production timelines by 25% via optimized agile workflows and meticulous stakeholder management. I thrive on complex, multi-platform projects, fostering seamless cross-functional collaboration to transform raw concepts into compelling, ROI-driven narratives. Partner with me to elevate your brand’s visual storytelling."
EGY_00211,0.570890510693167,36.56551581527464,11.086266970666662,Bachelor's Degree,El-Mahalla El-Kubra,Data Entry,50.45847183666434,13,7,0,85,72.7184359742813,60.87467177130103,0.3671840315020308,0.8396590811282072,1,24.735247153927563,"I am a professional Data Entry specialist with 11 years of experience. I provide accurate and efficient data entry services. I have experience in data entry tasks using Microsoft Excel, Google Sheets, and various online databases. I can help with data compilation, record keeping, and information organization. My goal is to deliver high-quality results consistently and on time. I am committed to maintaining data accuracy and confidentiality for all projects."
EGY_00212,1.135565640180599,35.075281495260114,8.481419594700633,Some College,Shubra El-Kheima,Web Development,62.38689008066356,11,7,1,46,96.07199846599187,66.84102505823915,0.8510010051118718,0.8807480586480387,0,41.06935972516541,"As a distinguished top 1% Web Development expert, I architect robust, scalable, and ROI-driven solutions for discerning enterprise clients. Leveraging a data-driven approach, I specialize in full-stack development, predominantly with modern frameworks like React and Node.js, and sophisticated microservices architectures. My strategic thinking illuminates optimal pathways, allowing me to meticulously optimize complex systems; for instance, I recently spearheaded a project that increased conversions by 40% and simultaneously reduced operational costs by 25% through advanced algorithmic refinement and efficient database design. I excel in cross-functional collaboration and adept stakeholder management, ensuring seamless project execution from conceptualization to impactful deployment. My unwavering focus is on delivering measurable impact, transforming intricate business challenges into high-performance digital assets that drive sustainable, exponential growth."
EGY_00213,0.9540017634932023,37.45296296939023,11.345643853746608,Master's Degree,Cairo,Digital Marketing,55.96282335789997,9,9,2,78,83.33049995199809,59.34530325775557,0.7768811197182042,0.7655683739032699,0,34.591946446891406,"I am a Digital Marketing freelancer based in Cairo with 11 years of experience. I provide professional digital marketing services, focusing on helping businesses enhance their online presence. I have experience in SEO, social media marketing, and Google Ads management. I can help with developing and executing effective online strategies designed to attract and engage your target audience. My aim is to deliver reliable and consistent marketing support. I am available to discuss your project needs."
EGY_00214,0.651391251305798,42.4762643693481,13.195953331995963,Bachelor's Degree,Cairo,Data Entry,45.2793635384581,10,11,1,84,92.88417854248345,67.55773275300652,0.2971918240156829,0.8735395807030212,1,27.930900313965612,"I am a Data Entry freelancer with 13 years of experience. I provide accurate and efficient data entry services for various business needs. I have strong experience with Microsoft Excel, Google Sheets, and CRM systems, ensuring precise data organization. I can help clients with tasks ranging from large-scale data input to detailed data verification and clean-up. My focus is on delivering reliable, high-quality results. I am dedicated to maintaining data integrity and meeting all project deadlines effectively."
EGY_00215,-0.3152692446403456,44.01554363891499,14.25896963340023,High School,Port Said,Social Media Management,47.748833140915636,12,7,1,79,89.90322363111112,67.17192738911369,0.5324719883403745,0.5942839250896103,1,26.52089233658881,"I am a professional Social Media Manager based in Port Said, offering 14 years of dedicated experience. I provide comprehensive social media management services designed to enhance your online presence. I have extensive experience in strategic content creation, community engagement, and performance analytics. I can help with developing effective social media strategies and executing daily posting across various platforms. I am proficient in using tools like Buffer, Hootsuite, and Canva. My aim is to deliver consistent, professional social media management to support your business goals."
EGY_00216,0.7589692204932674,40.97993843924782,13.498925722117654,Some College,Alexandria,SEO Specialist,77.39752162517489,9,9,0,84,88.48908904425475,64.06555323950045,0.6325512825619227,0.745987271137881,1,38.22890167830362,"I am an SEO Specialist based in Alexandria with 13 years of experience. I provide professional search engine optimization services to help businesses improve their online presence. My expertise includes keyword research, on-page optimization, and technical SEO. I have experience working with various SEO tools and platforms, ensuring data-driven strategies. I can help you achieve better rankings and increase organic traffic to your website. My approach focuses on reliable and effective SEO implementation."
EGY_00217,-0.7728252145375718,48.57675827055791,16.76121512033482,Some College,Damietta,Mobile App Development,36.422777196785816,5,15,0,78,67.96174326524557,26.15033973639524,0.7846151263520841,0.28004380058684164,0,27.203285548622052,"I am a mobile app development freelancer from Damietta with 17 years of experience. I provide professional mobile application development services. I have experience in native iOS and Android development, and cross-platform solutions such as Flutter. I can help clients develop and deploy robust mobile applications that meet their specific requirements. My goal is to deliver reliable and functional apps, ensuring a smooth project execution."
EGY_00218,-0.23681860674000887,18.583442645643572,0.0,Professional Certificate,Zagazig,Social Media Management,37.62875468346852,5,2,2,5,37.68404982471402,33.72991955683156,0.8620840947949119,0.19675036090717013,1,22.026184245121424,"I am a Social Media Management freelancer based in Zagazig, dedicated to helping businesses build their online presence. I provide services including content creation, scheduling, and community engagement. I have experience using tools like Canva and Hootsuite to manage social media platforms effectively. I can help you maintain an active and consistent online presence to connect with your audience. My focus is on delivering reliable support for your social media needs. I am committed to providing consistent and dependable service."
EGY_00219,-0.48536354782910346,24.264895541873475,0.0,Bachelor's Degree,Mansoura,Graphic Design,44.58814380488413,5,6,0,16,54.839038047293464,55.06923552511522,0.8052447547928313,0.07427879399791495,1,21.90015423395921,"I am a graphic designer available to assist with your visual communication needs. I provide design services that help clients effectively convey their message through engaging visuals. I have experience in using industry-standard tools such as Adobe Photoshop, Illustrator, and InDesign. I can help with projects including logo design, social media graphics, and basic branding materials. As a dedicated freelancer, I am committed to understanding your requirements and delivering clear, high-quality designs that meet your objectives. I am eager to contribute to your success."
EGY_00220,0.08187413938632256,18.242011999300548,0.24201199930054784,Some College,Tanta,SEO Specialist,57.1192938785214,7,4,0,25,63.18291497467448,36.528618597325064,0.533047305070523,0.3330693358318851,1,22.497388559542422,"I am an SEO Specialist from Tanta, dedicated to enhancing online visibility for businesses. I possess a strong understanding of SEO principles and can help with core areas like on-page optimization, keyword research, and technical SEO. I have gained proficiency using tools such as Google Analytics and SEMrush to analyze data. My goal is to implement effective strategies to attract organic traffic to your website. I am reliable, detail-oriented, and committed to delivering thorough and high-quality work on every project."
EGY_00221,2.3146585666735087,38.71919085294729,12.433925462492823,Master's Degree,Asyut,Content Writing,83.1562471257369,15,10,2,86,97.15127279098938,80.79172760974065,0.40701910871089336,0.9858568213909618,1,46.11169807349491,"As a top 1% content strategist, I architect solutions that transcend conventional writing, meticulously crafting narratives designed for measurable impact. I leverage a data-driven approach, optimizing content strategies using advanced SEO and CRO best practices to significantly enhance digital footprint and audience engagement. My expertise lies in devising scalable content frameworks and comprehensive pipelines for enterprise clients, expertly navigating complex stakeholder management and cross-functional collaboration.

I consistently deliver ROI-driven results, demonstrated by projects where I’ve increased content-driven conversions by 40% and reduced production costs by 25% through streamlined processes. My strategic thinking focuses on the 'how' – translating intricate business goals into compelling, performance-oriented content that fuels sustainable growth and market leadership."
EGY_00222,-1.867265192591748,46.73697756639958,15.608009277703365,High School,Port Said,Social Media Management,36.02637543066555,9,5,0,57,65.82484561829291,22.409676567636666,0.6414247052379534,0.09992832399601466,0,12.677616969305557,Hello. i am from Port Said. i want to do social media work. i am very passionate. i will work hard for you. i am good at social media. i will try my best to help you. i think i can do nice work. i am dedicated and i am team player. i do my best always.
EGY_00223,0.6862601903745135,25.791433490441577,5.993351431129756,Master's Degree,Port Said,Social Media Management,52.170283912742484,5,6,1,38,79.29538775580822,42.15158298416457,0.841159501200436,0.709587767548533,1,36.844124712087236,"I am a social media management freelancer based in Port Said with 6 years of experience. I provide reliable social media management services to businesses. I have experience in strategic content creation, community engagement, and platform analytics. I utilize tools like Buffer for efficient scheduling and content delivery. I can help you maintain a consistent and professional online presence across various social media channels. My goal is to ensure your brand's voice is effectively communicated and your online profiles are well-managed."
EGY_00224,-1.6127158711896517,47.66510543348181,19.674203535342205,Some College,Alexandria,Digital Marketing,22.939565567031597,5,6,1,114,81.33556891747388,43.1314533743373,0.8166089741826487,0.2021313668266912,1,22.217364884431042,"Hello, i am from Alexandria. I am new in digital marketing. I am passionate for good work. I will try my best for your project. I am dedicated and i work hard. I think i can help you with good marketing. I am nice team player. I do my best always."
EGY_00225,-0.47193186578943347,19.928556489265947,0.0,Bachelor's Degree,Luxor,Graphic Design,45.88090106158812,5,1,0,0,53.45215821309599,54.938373416455235,0.6467114300797207,0.3675813294164683,0,17.054231840577582,I am a graphic designer ready to provide professional visual design services. I have experience in using Adobe Photoshop and Illustrator. I can help with creating clear and engaging content for your brand. I provide services such as logo design and social media graphics. My goal is to deliver reliable design solutions that meet your project requirements. I am committed to producing high-quality work and ensuring client satisfaction. I look forward to assisting you with your graphic design needs.
EGY_00226,1.088950596967366,47.90195285777646,16.415722157533445,Professional Certificate,Fayyum,Graphic Design,70.26389648068876,10,10,0,100,95.15035581829332,42.73266761458812,0.604392572728837,0.9117136090340039,1,41.09615712447341,"Hailing from Fayyum, Egypt, I am an elite-tier graphic design expert, ranked in the top 1% globally, dedicated to architecting visual solutions that deliver profound commercial impact. My methodology transcends mere aesthetics; I leverage a sophisticated, data-driven approach, often integrating Design Thinking and Agile principles, to optimize brand strategies and enhance user engagement. I specialize in developing scalable, ROI-driven design systems for enterprise clients, adeptly navigating complex projects, managing cross-functional collaboration, and ensuring meticulous stakeholder alignment. I've consistently driven measurable impact, exemplified by increasing conversion rates by 40% through strategic UI/UX enhancements and reducing production costs by 25% via optimized workflow implementation. My expertise lies in translating intricate business objectives into compelling, high-performance visual narratives."
EGY_00227,0.06428001909546277,29.2519259916683,5.212870895426384,Some College,Mansoura,SEO Specialist,51.43648120941355,4,6,0,51,67.03330389862577,57.99301216382297,0.8077162476440805,0.4870029295699869,1,27.647878453604104,"I am an SEO Specialist from Mansoura with 5 years of experience. I provide comprehensive SEO services designed to improve search engine rankings and organic traffic for businesses. I have extensive experience in keyword research, on-page optimization, and technical SEO. I also utilize industry-standard tools to analyze performance. I can help clients enhance their online visibility and effectively reach their target audience. My aim is to deliver reliable and practical SEO solutions that support business growth and improve their digital presence."
EGY_00228,-1.0777447779293061,21.24546651037493,0.06747370400722774,High School,Tanta,Customer Support,21.049629107488926,7,5,0,0,49.592519843332575,42.0959625890889,0.5177989379603304,0.11211888001566613,0,4.522969589222451,Hello. i am from Tanta. i want to start good work in customer support. i think i can help people good. i am hard work and dedicated. i will try my best for your team. i am passionate to learn new things. i will do my best for your project. i nice person.
EGY_00229,-0.7153037092599682,33.547896293962424,10.98768746024095,Some College,Fayyum,Social Media Management,62.65055840316377,4,5,0,58,65.22301905037084,53.97821352425807,0.8231758383180352,0.3361078334980232,0,19.262616195644096,"I provide professional social media management services with 11 years of experience in the field. I have experience in developing and executing comprehensive social media strategies. I can help businesses improve their online visibility and engage effectively with their target audience. My skills include content creation, community management, and performance analysis using platforms like Meta Business Suite. I am committed to delivering consistent and reliable support to achieve your social media goals."
EGY_00230,0.6795977489346758,26.216850167056254,4.542457822688145,Master's Degree,Cairo,SEO Specialist,57.83426708355914,7,7,0,46,69.4659411474231,60.65690206705075,0.5312295137574184,0.5811968907343114,1,34.016006530190964,"I am an SEO Specialist based in Cairo with 5 years of experience in optimizing websites. I provide comprehensive search engine optimization services to help businesses improve their online presence. I have experience in keyword research, on-page optimization, and technical SEO. I am proficient with tools such as Google Analytics and SEMrush. I can help clients increase their organic traffic and achieve better search engine rankings. I am committed to delivering effective and reliable SEO solutions."
EGY_00231,-0.7303666317171367,27.11593286278153,4.940530035047697,High School,Alexandria,Web Development,40.14717571008951,5,1,0,46,56.466946021221766,62.63814254572913,0.9423645788533188,0.19553338594223033,0,21.69347903572448,"I am a Web Developer with 5 years of experience, based in Alexandria. I provide professional web development services for businesses and individuals. I have experience in building responsive websites using technologies like React, Node.js, and WordPress. I can help with full-stack development, website maintenance, and creating custom web solutions tailored to specific needs. My focus is on delivering reliable and functional web solutions, ensuring clear communication throughout the project."
EGY_00232,0.21645858958197486,27.83327887764117,1.8922425977711947,High School,Tanta,Administrative Support,59.41448977545943,9,6,1,15,66.25307972543251,50.697589852022084,0.3936702332454117,0.637621936494683,1,20.031056765456402,"I am an Administrative Support freelancer from Tanta with 2 years of professional experience. I provide dependable administrative assistance to help businesses streamline their operations effectively. I have experience in tasks such as accurate data entry, efficient scheduling, and managing email correspondence. I can help with organizing digital documents and maintaining well-managed calendars. My focus is on delivering consistent, high-quality support. I am dedicated to professional service, clear communication, and ensuring tasks are completed promptly. I am ready to support your administrative needs."
EGY_00233,0.045571839903813784,43.69682873064523,16.68893329880559,Bachelor's Degree,Damietta,Digital Marketing,44.31852397206191,6,6,0,108,78.71060612443742,46.465446116583266,0.7914275217513601,0.7670980081042305,0,25.008096014625,"I am a Digital Marketing freelancer from Damietta with 17 years of experience. I provide comprehensive digital marketing services to businesses looking to enhance their online presence. I have extensive experience in SEO, social media marketing, and Google Ads management. I can help clients improve their online visibility, drive traffic, and effectively reach their target audience. My approach is practical and focused on delivering consistent, reliable support for your marketing needs. I am committed to professional and effective communication."
EGY_00234,-0.6516003476058171,35.253160853608144,7.873379722457941,Bachelor's Degree,Shubra El-Kheima,Customer Support,40.795258994620504,7,7,0,41,61.686114642617454,27.558932664762587,0.5250856251596397,0.3742313654786,1,17.211758351181842,"I am a dedicated Customer Support professional with 8 years of experience. I provide reliable and efficient support to customers, helping them resolve issues and ensure satisfaction. I offer support across various channels including email and chat. I am proficient with CRM systems and Zendesk. I can help your business maintain strong customer relationships by delivering consistent, high-quality service. My focus is on clear communication and timely assistance for all customer needs."
EGY_00235,2.1439440893253257,27.961846372992117,6.096973084327926,Professional Certificate,Port Said,Data Entry,75.38725896334694,9,8,1,49,100.0,61.71820046063378,0.45096662090000234,0.9756972598079078,1,36.012997697826755,"As a top 1% Data Entry expert from Port Said, Egypt, I don't just input data; I architect strategic, ROI-driven solutions that elevate business intelligence. Leveraging a meticulous, data-driven approach, I specialize in transforming raw information into actionable insights, ensuring unparalleled data accuracy and integrity for enterprise-level operations. My expertise extends beyond mere capture; I implement rigorous Data Governance frameworks and QA methodologies, optimizing data quality to support critical business functions. Through cross-functional collaboration and adept stakeholder management, I've consistently delivered measurable impact, evidenced by projects that reduced operational costs by 25% through error mitigation and accelerated processing efficiency, ultimately increasing conversion rates by 40% due to superior data segmentation and targeting. I empower organizations to make informed decisions by providing scalable, pristine datasets, enabling robust analytics and sustained growth."
EGY_00236,0.6339190223180112,37.53068106594939,12.273162515486016,Bachelor's Degree,Fayyum,Translation,63.66429274951248,11,9,0,79,91.9201287204442,42.23975328258456,0.647758214677619,0.8963391173968573,1,34.38177283045611,"I am a professional translator based in Fayyum with 12 years of experience. I provide accurate and reliable translation services between English and Arabic. I have extensive experience in translating various types of documents, ensuring clarity and cultural appropriateness. I can help with general text translation, document localization, and proofreading. I am proficient in using CAT tools such as Trados and MemoQ to maintain consistency and efficiency. My focus is on delivering high-quality linguistic solutions for your projects."
EGY_00237,-2.025142586657607,40.916821575142194,16.471410136762618,Some College,Alexandria,Social Media Management,16.8626347145802,4,6,0,65,56.79904072043492,28.9742836412703,0.7889792579761827,0.06298421892058127,0,7.092902033800076,Hello. i am from Alexandria. i want to start social media work. i am passionate and a dedicated person. i always try my best. i will try to help your business. i think i can do good. i am good team player. i work hard for nice projects. i am do my best.
EGY_00238,0.18645431476942764,26.72396802347308,2.616740015845624,Master's Degree,Cairo,UI/UX Design,55.4839999945881,9,2,0,29,72.70703661621127,48.20096199708612,0.9951723170403617,0.5329649732340719,1,33.07275474894012,"I am a UI/UX Designer with 3 years of experience. I provide professional UI/UX design services. I have experience in user research, wireframing, and prototyping. I can help with designing intuitive and engaging digital products. My skills include using Figma and Adobe XD. I focus on creating clear user flows and effective visual designs. I am dedicated to delivering functional solutions that meet your project goals."
EGY_00239,-0.661786464768388,31.23357124881125,1.9011184376450982,High School,El-Mahalla El-Kubra,Digital Marketing,29.607829563618168,2,0,0,46,61.252949601453246,47.018960822632174,0.7515794301057372,0.3311531757976575,1,20.760242709261018,"I am a Digital Marketing freelancer with 2 years of professional experience. I provide comprehensive services in Search Engine Optimization (SEO), social media management, and content marketing. I have hands-on experience using essential tools such as Google Analytics and various social media scheduling platforms. I can help businesses improve their online presence and effectively reach their target audience. My focus is on delivering reliable and consistent results to support client growth. I am dedicated to implementing practical strategies to help you achieve your marketing objectives."
EGY_00240,0.852433334796224,21.90035498678232,2.707912081576783,Bachelor's Degree,Zagazig,Digital Marketing,54.4973356818813,3,7,0,41,71.7548453784967,42.09046870063064,0.6957650026389687,0.8217344451737086,0,29.305847670070833,"I am a Digital Marketing freelancer with 3 years of experience, ready to assist clients with their online strategies. I provide comprehensive digital marketing services designed to improve online visibility and engagement. I have experience in Search Engine Optimization (SEO), Social Media Marketing, and managing Google Ads campaigns. I can help businesses effectively reach their target audience and strengthen their digital presence. My focus is on delivering reliable and functional marketing solutions. I am committed to professional support for your digital marketing goals."
EGY_00241,-0.7925207384327007,23.79677918510977,5.79677918510977,Bachelor's Degree,Cairo,Digital Marketing,24.460782154941473,4,4,0,32,55.10617781728643,27.654368136201672,0.6274178231318277,0.29850832384813586,0,16.80788793709637,"I am a Digital Marketing freelancer based in Cairo with 6 years of professional experience. I provide comprehensive digital marketing services aimed at enhancing online visibility and engaging target audiences. I have strong experience in SEO, Social Media Marketing, and Google Ads, helping businesses connect with their customers effectively. I can help clients develop and implement practical strategies for their digital presence. My focus is on delivering reliable and effective solutions that support business growth."
EGY_00242,-0.11473644146689901,39.795771326879446,15.555355502006542,Bachelor's Degree,Fayyum,Graphic Design,41.17365258473444,9,8,1,97,75.61355593845892,35.535012050764564,0.6934886340363585,0.4027411659428176,1,30.781149239095676,"I am a professional graphic designer with 16 years of experience. I provide high-quality visual design solutions for businesses and individuals. I have extensive experience in branding, logo design, and creating various print materials like brochures and flyers. I can help you translate your ideas into clear, effective visuals that communicate your message strongly. My proficiency in Adobe Creative Suite ensures professional and polished results. I am reliable and committed to delivering designs that meet your specific project goals and ensure client satisfaction."
EGY_00243,0.5049872789804571,23.806027126260062,3.902935106305289,Bachelor's Degree,Aswan,Content Writing,31.83956674772546,9,6,0,24,72.69499683152839,88.59890837465073,0.6834917347426753,0.5011420380874871,0,23.727422903287778,"I am a content writer based in Aswan with 4 years of professional experience. I provide clear, well-researched, and engaging content for various platforms. My services include articles, blog posts, and website copy tailored to your needs. I have experience applying SEO best practices and working with WordPress. I can help businesses and individuals create effective written content that resonates with their audience. My goal is to deliver reliable and professional writing services consistently. I am here to assist with your content creation requirements."
EGY_00244,0.8657551941701215,34.805228277345925,9.09986459514346,Bachelor's Degree,Shubra El-Kheima,Graphic Design,59.91532585567355,7,8,0,55,75.53747953684434,57.903842396370926,0.5151552250968892,0.7620419835549156,1,37.88660328492982,"I am a professional Graphic Designer with 9 years of experience in creating effective visual content. I provide high-quality design solutions for a range of client needs. I have extensive experience in logo design, branding, and various marketing materials. My toolkit includes proficiency in Adobe Photoshop and Illustrator. I can help with developing clear, impactful graphics that communicate your message effectively. My focus is on delivering reliable and well-crafted design work to support your project goals. I am ready to collaborate on your next design challenge."
EGY_00245,-1.2002964070557762,40.689480375117846,15.227933418345327,High School,Alexandria,Content Writing,26.653151174534095,5,6,0,76,79.61670669433482,34.60094828876489,0.714466498424874,0.1782393572455674,0,14.218622251081216,"Hello, i am from Alexandria. I am new for content writing. I am very passionate and dedicated person. I will work hard for your project. I think i can help. i do my best always. I am team player. I will try my best to do good work."
EGY_00246,-0.3345012358409484,21.420061539031803,0.10494452401014409,Some College,Asyut,Accounting,46.49159109863647,6,7,0,9,67.85885713524581,44.824190060914525,0.5398649689616188,0.5183840169455007,1,23.53086750617205,"I am an Accounting freelancer based in Asyut, ready to support your business with essential financial tasks. I provide services in bookkeeping, financial data entry, and general ledger reconciliation. I am skilled in using Microsoft Excel to manage and organize financial information effectively. My focus is on delivering accurate and well-organized work to help businesses maintain clear and up-to-date financial records. I am committed to providing reliable and diligent support for your accounting needs, ensuring clarity and precision in every task."
EGY_00247,-0.4749453111609562,36.15399102812491,11.845110155587385,Bachelor's Degree,Shubra El-Kheima,SEO Specialist,43.321897576928556,5,9,0,52,72.67577614122678,67.59309606905117,0.5744183215757673,0.2554462320957179,0,17.906065412280626,"I am an SEO Specialist with 12 years of experience dedicated to improving online visibility. I provide professional SEO services, focusing on practical strategies for better search engine performance. I have extensive experience in keyword research, on-page optimization, and technical SEO. I can help with increasing organic traffic and achieving higher search engine rankings. I use industry-standard tools like Google Analytics and SEMrush to support my work. My aim is to deliver reliable and effective SEO solutions that align with client objectives."
EGY_00248,-0.6533292325737119,26.21000907844364,5.936945765399438,Some College,Mansoura,Translation,52.77085919620502,5,5,1,31,71.48237281773908,17.959958182873503,0.46517128055053525,0.37819567158257833,1,19.934449654445423,"I am a professional translator with 6 years of experience, specializing in English to Arabic and Arabic to English translation. I provide accurate and reliable translation services across various document types. I have experience in legal, medical, and general text translation. I can help with your translation needs, ensuring precision and cultural appropriateness. I am proficient with industry-standard CAT tools like Trados Studio. My commitment is to deliver high-quality work that aligns with your specific requirements and deadlines."
EGY_00249,1.7654542402810969,48.81366000760255,20.60861581955929,Master's Degree,Mansoura,Customer Support,100.0,14,13,2,126,100.0,70.2869580186592,0.4056757237356222,0.9669884125966309,1,50.16353644378173,"As a top 1% Customer Support expert, I don't just resolve issues; I architect scalable, ROI-driven solutions that transform customer interactions into tangible business value. Leveraging a data-driven approach and advanced CX analytics, I've consistently optimized support operations, resulting in an average 40% increase in customer conversions and a 25% reduction in operational costs across various enterprise engagements. My expertise spans implementing industry-leading frameworks like ITIL and COPC standards, ensuring robust service delivery and exceptional stakeholder management. I excel in fostering cross-functional collaboration, navigating complex projects, and driving continuous improvement initiatives that deliver measurable impact. Based in Mansoura, Egypt, I am poised to elevate your customer experience strategy."
EGY_00250,0.40498171096095553,33.47346069503759,14.803396494844709,Master's Degree,Aswan,Graphic Design,67.45011579592068,11,11,0,103,80.54009758560366,30.519069776343787,0.5574544751900943,0.9101774466046986,1,36.31607191005254,"I am a Graphic Designer based in Aswan with 15 years of professional experience. I provide a range of graphic design services to businesses and individuals. I have extensive experience in creating impactful logos, branding materials, and various marketing collateral. My core skills include proficiency in Adobe Photoshop and Illustrator. I can help you achieve your visual communication goals, always focusing on clear, effective design solutions. I am committed to delivering high-quality work efficiently and reliably. Client satisfaction is my priority."
EGY_00251,-1.2608839543350452,43.79176159280506,16.25988889004057,Some College,Asyut,Social Media Management,26.555664791223442,6,6,0,68,80.58319523287231,0.0,0.7069901396442642,0.07885626380835244,0,15.319637837543263,Hello. i am from Asyut. i start Social Media Management. i am very passionate and dedicated. i work hard to do my best for you. i think i can help your project. i will try my best for good result. I am good at this. i want to be a good team player.
EGY_00252,0.9178619470547761,35.60724934900038,9.546422357985229,Bachelor's Degree,Ismailia,Customer Support,58.834021708722744,8,6,3,51,96.13718865236966,50.00074414928268,0.5863827728688549,0.8839390330951202,1,32.34603739094586,"I am a customer support freelancer from Ismailia with 10 years of experience. I provide professional and reliable customer service to help businesses manage their client interactions effectively. I have experience in handling inquiries, resolving issues, and ensuring customer satisfaction through various channels. I am proficient with CRM software and skilled in providing email and chat support. I can help with delivering consistent, high-quality support that meets your operational needs. My goal is to offer dependable assistance for your customers."
EGY_00253,2.1221561970126332,19.389201051354213,0.7823720064285391,Bachelor's Degree,El-Mahalla El-Kubra,Content Writing,90.51897337874665,10,10,1,33,98.10038387570687,81.64833206170415,0.7699145581523201,0.9791385110188554,1,42.16213141004108,"As a top 1% Content Strategist and Architect, I don't merely create content; I engineer high-performance solutions designed to deliver profound, measurable impact. Leveraging a rigorous data-driven approach, I deep-dive into market dynamics and audience psychology, meticulously crafting compelling narratives that resonate and convert. My methodology integrates advanced SEO frameworks, including Google's E-E-A-T and semantic optimization, ensuring maximum organic visibility and sustained growth. For enterprise clients, I've spearheaded complex projects that increased conversions by 40% and optimized lead acquisition costs by 25%, demonstrating a clear ROI-driven methodology. My expertise spans seamless cross-functional collaboration and meticulous stakeholder management, translating strategic vision into scalable, conversion-focused content assets. I empower brands to dominate their digital landscapes through sophisticated, data-informed content strategies."
EGY_00254,1.0324652605511468,38.260844019008715,8.618354601626992,Bachelor's Degree,Fayyum,Graphic Design,48.65353196253888,8,8,4,73,85.91342507976883,50.4228722355009,0.5801777767661503,0.8779823194019226,1,36.20551055320478,"As a top 1% Graphic Design expert, I architect visually compelling and strategically optimized solutions that drive tangible business growth. My data-driven approach, rooted in advanced design thinking methodologies and a deep understanding of market dynamics, ensures every creative output is both aesthetically exceptional and performance-focused. I specialize in developing scalable visual identities, comprehensive brand systems, and high-impact marketing collateral for discerning enterprise clients navigating complex challenges. Through meticulous stakeholder management and seamless cross-functional collaboration, I consistently leverage innovative design to deliver measurable impact. This strategic foresight has enabled me to significantly elevate brand recognition, increasing conversions by over 40% and streamlining production processes to reduce associated costs by 25% on critical, multi-faceted projects. I translate intricate business objectives into ROI-driven visual narratives that resonate and convert."
EGY_00255,-1.5193699659540134,48.444906950613024,16.8775179081897,Bachelor's Degree,Aswan,Mobile App Development,24.057421249055007,4,6,0,88,77.01946036426142,37.70403768142869,0.8842956267455305,0.07690829949768793,0,19.341543468694802,"Hello, i am from Aswan. i want start mobile app development. i am good, nice person. i will work hard and i do my best for your project. i am very passionate and dedicated. i think i can help you. i will try my best to be good team player."
EGY_00256,-0.48423407286625136,37.2515782446826,10.73238207058335,Bachelor's Degree,Asyut,Graphic Design,40.35495955656765,10,7,0,63,73.7411702049417,45.78633569317739,0.5852974199701344,0.24348919887665016,0,20.2557010905037,"I am a Graphic Designer with 11 years of experience, providing professional design solutions. I have extensive experience in creating logos, branding materials, and marketing collateral for various businesses. I am proficient in using Adobe Photoshop, Illustrator, and InDesign to produce high-quality visuals. I can help clients effectively communicate their brand message through clear and functional designs. My focus is on delivering reliable work that precisely meets project requirements and deadlines."
EGY_00257,1.2669111491866227,44.21404350165729,14.680249305125185,Bachelor's Degree,Aswan,Translation,74.84498208598745,13,12,1,91,100.0,63.11694981320135,0.5520123902995707,0.9633399688291454,1,41.93431999374958,"As a top 1% translation expert, I don't merely translate; I architect linguistic solutions propelling global business expansion. I leverage a rigorous, data-driven approach, adhering to ISO 17100 and deploying advanced CAT tools for unparalleled precision and cultural resonance. My strategic expertise optimizes communication pipelines, delivering measurable impact for enterprise clients on complex projects.

I excel in cross-functional collaboration and stakeholder management, ensuring seamless linguistic asset integration. This methodology has consistently increased conversions by 40% in target markets and reduced localization costs by 25% for high-volume content. My scalable, ROI-driven solutions are meticulously crafted to meet intricate requirements, guaranteeing linguistic excellence and tangible business outcomes."
EGY_00258,-0.7076694656187807,46.29460682714905,17.281473840356878,Bachelor's Degree,Ismailia,Translation,45.52362147712609,12,10,0,98,82.31178917186156,60.482419809149505,0.4019619612674342,0.49326447433274073,1,24.474724173649008,"I am a professional translator from Ismailia with 17 years of experience in providing accurate and reliable translation services. I have extensive experience translating various document types, ensuring high quality and linguistic precision for all projects. I can help with general, technical, and legal translation needs. My proficiency includes using CAT tools such as SDL Trados and MemoQ to ensure consistency and efficiency. I am committed to delivering clear and culturally appropriate translations that precisely meet my clients' requirements."
EGY_00259,0.44381942814622843,25.29855270236584,2.7342917566551024,Master's Degree,Port Said,Content Writing,49.21168601826313,8,7,0,35,74.98030222574121,46.38528489004176,0.487680285966022,0.7330914501626192,1,27.121445074541096,"I am a content writer based in Port Said with three years of experience. I provide high-quality content writing services, specializing in engaging articles, blog posts, and website copy. I have experience in SEO best practices and utilize tools like Grammarly. I can help businesses and individuals create clear, concise, and effective written content. My focus is on delivering well-researched and error-free work on schedule to meet client needs."
EGY_00260,0.7746340534293368,24.785434877063253,6.313322260886895,High School,Luxor,Content Writing,57.47578418438821,6,4,0,45,68.13297628400079,65.0054399615562,0.6803060488658778,0.8635758084201497,0,27.94997626515006,"I am a content writing freelancer based in Luxor with 6 years of professional experience. I provide well-researched and engaging content for a range of digital platforms. I have experience in crafting blog posts, website content, and articles that resonate with target audiences. My skills include SEO writing, keyword research, and proficiency with WordPress. I can help clients clearly articulate their message and achieve their communication goals. I focus on delivering reliable and high-quality work on time."
EGY_00261,-0.926930471578083,37.55139164323174,11.731249115775435,Master's Degree,Giza,SEO Specialist,40.54708547465582,7,8,0,52,66.47826675494095,11.830532914886163,0.551653404789425,0.1207540254886658,1,20.078009217892895,"I am an SEO Specialist from Giza with 12 years of experience. I provide comprehensive SEO services, specializing in enhancing search engine rankings and increasing organic traffic for websites. I have extensive experience in key areas such as on-page SEO, technical SEO, and strategic content optimization. I am proficient with essential SEO tools, including Google Analytics and SEMrush. I can help businesses effectively enhance their online visibility and achieve sustained growth through reliable SEO strategies."
EGY_00262,-0.05952535606180008,31.15291103381455,7.873145978011501,Bachelor's Degree,Tanta,Translation,41.11791309988535,5,6,0,39,77.72355459553714,50.76738729052428,0.6114830967677689,0.29210110193746003,1,26.321255754505334,"I am a professional translator from Tanta with 8 years of experience. I provide accurate and reliable translation services between English and Arabic. I have experience in legal, technical, and marketing texts. I use industry-standard CAT tools like Trados and MemoQ. I can help clients effectively communicate their messages across languages. My goal is to deliver clear and precise translations that meet specific project needs. I am committed to delivering work promptly and professionally."
EGY_00263,-3.2412673400690726,44.87556169173505,15.469547582015194,Some College,Shubra El-Kheima,Translation,13.442174246706742,1,5,0,70,56.583429924887,7.246551366500697,0.48238509479482833,0.005693165394916247,0,3.0,hello i am from Shubra El-Kheima. i want to translate. i am passionate for good work. i will work hard always. i am dedicated person. i am a team player. i think i can help you with your project. i will try my best for a nice result.
EGY_00264,-1.0243876413342898,46.80073994873636,17.59082533695977,Master's Degree,Tanta,Accounting,40.72593771438806,7,11,0,74,83.33358727104964,19.973652274162525,0.35744636152934534,0.2127966401465521,0,22.638679721122642,hello. i am new for accounting work from Tanta. i am very good person. i am passionate and work hard. i will do my best for your project. i think i can help you with accounting stuff. i try my best for nice work. i am dedicated and a team player.
EGY_00265,-0.2525681513931603,29.30948413768698,8.435887011947457,Some College,El-Mahalla El-Kubra,Social Media Management,47.92657321105103,9,7,0,67,71.09338618151668,52.94666386420816,0.39614306605685307,0.360074661658687,0,20.41890105366882,"I am a Social Media Management freelancer based in El-Mahalla El-Kubra with 8 years of experience. I provide professional social media services to help businesses maintain an effective online presence. I have experience in content creation, community management, and developing social media strategies. I can help with managing your daily posts, engaging with your audience, and ensuring your social channels are consistently updated. My focus is on reliable execution and clear communication to support your social media needs."
EGY_00266,-1.2477831819648495,25.579857887183426,2.8136543008882553,Some College,Tanta,Accounting,35.192658253336454,4,3,0,10,46.526473606601655,23.942336457893692,0.6963461346553343,0.11205388654534963,0,10.161961235006126,Hello. i am new accountant from Tanta. i am very passionate about good accounting work. i will work hard and do my best for your business. i think i can help you with good work. i am dedicated person. i will try my best always. we will have a nice time work.
EGY_00267,1.6324113039316352,42.976816487803575,13.669856914531632,Bachelor's Degree,Tanta,Web Development,69.81726338956652,10,7,0,95,96.35732614296218,95.5717043048431,0.7094583531984124,0.9741068415255679,1,48.30758260083426,"As a Top 1% Web Development expert, I architect high-performance, scalable digital solutions, leveraging a data-driven approach to deliver measurable impact. My expertise lies in optimizing complex systems for enterprise-level clients, where I consistently employ Agile methodologies and robust frameworks like React, Node.js, and Laravel, often integrating with cloud platforms such as AWS. I specialize in strategic problem-solving, meticulously analyzing business challenges to implement ROI-driven strategies that have, for instance, demonstrably increased conversions by 40% and reduced operational costs by 25%. Through meticulous stakeholder management and seamless cross-functional collaboration, I translate intricate business requirements into elegant, efficient web applications. My commitment is to crafting exceptional digital experiences that propel businesses forward, ensuring long-term success and sustained competitive advantage."
EGY_00268,-1.4301413779606327,26.793793137540355,4.668823824970883,Some College,Zagazig,Digital Marketing,22.284965108714324,3,3,0,29,53.07809686991803,0.0,0.7435627383985941,0.06348577188212275,0,6.952289251594763,hello i am from Zagazig. i am new in digital marketing. i very passionate about this work. i will try my best for you. i am good person and i always work hard. i think i can help your project good. i dedicated and a team player. i will do nice work.
EGY_00269,-0.44004448669698376,44.323658192437705,13.102453068516192,Professional Certificate,Ismailia,Accounting,39.15211053815803,8,6,0,65,77.18716120406506,48.44334428606145,0.5853950794376982,0.30095016071794817,0,24.199366570440944,"I am an Accounting freelancer from Ismailia with 13 years of professional experience. I provide reliable and accurate accounting and bookkeeping services. I have extensive experience in financial reporting, accounts payable/receivable, and payroll processing. I am proficient in using QuickBooks and Excel for financial management. I can help your business maintain meticulous financial records, streamline operations, and ensure compliance. My focus is on delivering precise accounting support to meet your specific needs."
EGY_00270,0.13074057728609134,31.55962411676041,6.49725875061325,Some College,Cairo,Video Editing,56.96077558188986,4,7,1,39,63.3103704837001,52.209346044309754,0.468679777095353,0.670614279552553,1,24.42918165021885,"I am a professional Video Editor from Cairo with 6 years of experience. I provide high-quality video editing services for various projects. I have experience in Adobe Premiere Pro, After Effects, and color grading. I can help with corporate videos, social media content, and promotional clips. My goal is to deliver clean, engaging videos that meet client specifications. I am reliable and committed to client satisfaction, ensuring a polished final product."
EGY_00271,1.4412732890661155,39.36159677732705,11.864516319306912,Bachelor's Degree,Alexandria,Graphic Design,73.62924914307827,13,12,1,82,90.08257468412313,63.08232313516892,0.5946474631646445,0.9307136986674072,1,43.977159699399095,"As a top 1% Graphic Design expert, I don't just create visuals; I architect strategic, ROI-driven solutions that elevate brands and captivate audiences. Leveraging a deep understanding of visual psychology and market dynamics, my data-driven approach optimizes brand identities, user interfaces, and marketing collateral for measurable impact. I implement Design Thinking methodologies and Agile sprint frameworks, ensuring every pixel serves a purpose.

My expertise in crafting scalable design systems has consistently delivered tangible results, including increasing client conversion rates by up to 40% and streamlining production processes, which reduced costs by 25%. I excel in cross-functional collaboration and stakeholder management, guiding complex projects for enterprise-level clients from conception to launch. My mission is to translate business objectives into compelling visual narratives, delivering measurable impact and sustainable growth."
EGY_00272,-1.4358621511794394,21.05713004270938,3.0571300427093817,Bachelor's Degree,Damietta,Administrative Support,24.234923135381308,3,1,0,5,49.51773267631664,24.831118678001545,0.4978823910007813,0.07199401407238548,0,4.037709673088376,hello. i am new to admin support from Damietta. i am passionate for work. i am nice person. i will dedicated to your team. i work hard. i do my best for good result. i think i can help you. i will try my best.
EGY_00273,1.1631637521549596,37.96349838965034,12.503221691794053,Some College,Port Said,SEO Specialist,74.94327371540095,8,8,1,71,72.44869678928845,64.98738802485084,0.7293316184820473,0.9005176363829933,1,34.63082885939791,"As an elite-tier SEO Specialist based in Port Said, Egypt, I architect bespoke, scalable, and ROI-driven organic growth solutions. My methodology leverages a deeply data-driven approach, encompassing rigorous technical SEO audits—focused on crawlability, indexability, and Core Web Vitals—and advanced content strategies grounded in E-A-T principles and semantic analysis. I consistently deliver measurable impact for enterprise clients, such as increasing conversions by 40% and reducing acquisition costs by 25% through strategic optimizations. My expertise extends to complex link-building frameworks and leveraging competitive intelligence to secure dominant search visibility. I excel in cross-functional collaboration and stakeholder management, translating intricate SEO insights into actionable strategies that yield sustainable competitive advantage. Ready to elevate your digital presence."
EGY_00274,0.010233061019587049,32.45656571959133,9.061119254489887,Bachelor's Degree,Giza,Digital Marketing,48.414031691932266,5,10,0,46,80.35404774292084,66.05566634664291,0.7039424433525745,0.5791680554673515,1,31.69551501649224,"I am a Digital Marketing freelancer based in Giza with 9 years of experience in the field. I provide a range of digital marketing services designed to enhance online visibility and audience engagement for businesses. I have extensive experience in Search Engine Optimization (SEO), Social Media Marketing, and managing Google Ads campaigns. I can help with developing and implementing practical digital strategies that align with your business objectives. My focus is on delivering consistent and effective online solutions to support client growth."
EGY_00275,-0.9815086510479509,36.77147082161517,12.964678417305045,Bachelor's Degree,Alexandria,Video Editing,28.34426277838906,9,6,0,79,70.94405876860294,13.139113551282609,0.6236904629675322,0.1311475869057185,0,18.973126867570336,"I am a professional video editor from Alexandria with 13 years of experience in post-production. I provide high-quality video editing services for diverse projects. I have extensive experience in editing, color correction, and sound design. I am proficient with industry-standard tools such as Adobe Premiere Pro and After Effects. I can help bring your visual content to life with reliable and clear editing. My focus is on delivering polished videos that meet your project requirements effectively."
EGY_00276,0.46210347426327075,23.37645464783563,2.9511292119025843,Bachelor's Degree,Cairo,Web Development,59.47496720693427,6,2,1,32,71.17027952407233,43.4554382390065,0.8897765335814423,0.7344945858076338,1,33.23536679458007,"I am a web developer from Cairo with 3 years of experience. I provide professional web development services, focusing on creating responsive and user-friendly websites. I have experience in frontend technologies like HTML, CSS, JavaScript, and React. I can help you build new web applications from scratch or enhance existing projects. My focus is delivering reliable, well-coded solutions that meet your specific needs."
EGY_00277,0.19905969557347003,41.579959838213824,14.928905602786074,Bachelor's Degree,Tanta,Administrative Support,42.85560031737367,12,8,0,78,80.25998487168756,36.63395933204953,0.3529583420437472,0.6554118038081733,1,23.874954026008105,"I am an administrative support professional from Tanta with 15 years of experience. I provide reliable and efficient administrative assistance to individuals and businesses. I have extensive experience in data entry, scheduling, and managing correspondence. My skills include proficiency in Microsoft Office Suite and general office management. I can help with organizing information, coordinating appointments, and ensuring smooth daily operations. I am committed to delivering high-quality support to meet your needs effectively."
EGY_00278,-0.6002168771587947,45.60950648138331,16.359260382964994,Some College,Giza,Content Writing,24.124509343261067,12,8,0,96,83.22672480710156,26.338013428254065,0.7200490456773732,0.25444839669417213,1,23.068749578682947,"I am a content writing freelancer based in Giza, Egypt, with 16 years of professional experience. I provide well-researched content for various digital platforms. I have experience in crafting blog posts, articles, and website copy. I can help with content creation, including SEO-friendly optimization and thorough editing tasks. My goal is to deliver clear, accurate, and reliable content that meets client requirements. I focus on producing material that effectively communicates messages and engages readers."
EGY_00279,0.06980208499001891,24.93567360290482,4.692128860542149,Some College,Cairo,Translation,50.995985519197646,9,3,0,27,61.08080754924591,55.97886010141162,0.5707420584961433,0.5785266075242079,1,23.649470968873942,"I am a professional Translation freelancer from Cairo with 5 years of experience. I provide accurate and reliable translation services, specializing in Arabic to English and English to Arabic language pairs. I have experience translating various document types, ensuring precision and cultural nuance. I can help with your translation, localization, and proofreading needs. My skills include using CAT tools such as SDL Trados, and I am committed to delivering high-quality work on time. I am dedicated to helping clients achieve clear and effective communication."
EGY_00280,-0.3853135968617602,21.062865776645175,0.6722021507639409,Bachelor's Degree,Ismailia,Mobile App Development,37.64615810996476,3,4,0,0,51.756653303679215,54.21629610866661,0.6657968822760931,0.2017742498411411,0,23.76540277323366,"I am a Mobile App Developer from Ismailia with 1 year of experience. I provide professional mobile app development services. I have experience in building native applications for Android and iOS platforms. I am proficient with Java, Kotlin, and Firebase. I can help with developing new mobile applications, fixing bugs, and implementing new features. My focus is on creating functional and stable applications that meet project requirements. I am reliable and committed to clear communication."
EGY_00281,0.11351734525124804,18.756434753482765,0.0,Professional Certificate,Cairo,SEO Specialist,49.16121665207022,1,0,0,18,66.16181381844686,67.33875117399553,0.7521674649171746,0.3774641355375877,0,18.724621603900058,"I am an SEO Specialist based in Cairo, dedicated to helping businesses enhance their online presence. I provide foundational SEO services focused on improving search engine visibility. I have experience in keyword research, on-page optimization, and using tools like Google Analytics. I can help with optimizing website content and structure to attract more organic traffic. My aim is to deliver reliable support to clients looking to establish a stronger search engine ranking."
EGY_00282,0.6621306745210467,38.54308801418451,12.0572944841381,Bachelor's Degree,Ismailia,Data Entry,50.264630936371205,11,7,3,92,87.56454236057002,67.02203558369632,0.33844841500063655,0.6678768259250475,1,29.66491562220846,"I am a professional Data Entry specialist with 12 years of dedicated experience. I provide accurate and efficient data entry services to support your business operations. I have extensive experience in tools such as Microsoft Excel, Google Sheets, and various CRM platforms. I can help with a range of tasks including data compilation, data validation, and precise web research. My focus is on delivering reliable and high-quality results. I am committed to maintaining data accuracy and meeting project deadlines consistently."
EGY_00283,1.586016816145352,37.42700915484099,14.501701765104471,Master's Degree,Cairo,UI/UX Design,85.87957363920599,17,11,3,101,87.39191868776386,79.32433065737072,0.7710563809351908,0.9155120121308636,1,48.29801188060834,"As a top 1% UI/UX expert, I architect sophisticated digital solutions that transcend mere aesthetics, driving tangible business outcomes. I leverage a data-driven approach, applying cutting-edge methodologies like Design Thinking and Lean UX to strategically optimize user journeys and deliver measurable impact across complex platforms. My expertise consistently yields ROI-driven results, exemplified by projects where I've increased conversions by 40% and streamlined operational workflows, reducing costs by 25% for diverse enterprise clients. Through meticulous stakeholder management and seamless cross-functional collaboration, I design scalable, intuitive interfaces that empower users and elevate brands. I specialize in crafting robust, future-proof experiences for intricate digital products, ensuring enduring success."
EGY_00284,-1.237815498826849,35.49431720685024,12.349021128593328,Bachelor's Degree,Mansoura,Accounting,24.817840078315882,6,7,0,43,78.76434366532578,13.96909070295797,0.550819483419674,0.17160206424847235,0,15.275488304486112,"Hello, i am from Mansoura. i am new in accounting. i work hard and i do my best for good work. i am passionate for numbers. i think i can help you. i will try my best to be good team player. i am nice person."
EGY_00285,2.1330333746562666,25.422307075711213,6.384179214609069,Some College,Aswan,Translation,77.6755068381359,7,12,2,59,84.83862133989109,97.84984912026458,0.47070524970139044,0.9842288082410057,1,40.40945650659968,"As a distinguished top 1% Translation expert from Aswan, Egypt, I architect sophisticated, ROI-driven localization solutions, transcending mere linguistic conversion. My approach leverages a profound cultural intelligence alongside a rigorous, data-driven methodology, meticulously optimized for global market penetration. I consistently adhere to industry benchmarks like ISO 17100 and employ advanced Translation Environment Tools (TETs) within a comprehensive TEP (Translation, Editing, Proofreading) framework, ensuring unparalleled precision and contextual fidelity.

Through strategic linguistic leadership and adept cross-functional collaboration, I deliver measurable impact. For enterprise-level clientele, my solutions have demonstrably increased market conversions by 40% and, via optimized terminology management, reduced localization costs by 25%. I excel in complex stakeholder management, transforming intricate linguistic challenges into scalable global growth opportunities, ensuring your message resonates authentically and achieves its strategic objectives."
EGY_00286,-1.9520877995225019,30.50899186897647,9.977656564998316,Master's Degree,Giza,Mobile App Development,24.497515682994816,3,7,0,42,54.38485841530174,23.428583444412325,1.0,0.036948617166392195,0,11.302861379086377,Hello. i am from Giza. i am new mobile app developer. i very passionate about good work. i will try my best to do good work for you. i work hard and am dedicated. i think i can help you with app. i good team player. i do my best always.
EGY_00287,-0.15178509503558332,37.02324272595754,11.591260817497398,Bachelor's Degree,Asyut,Video Editing,33.957080591239425,8,4,0,71,89.84333936870587,63.673520046018844,0.45066822747315793,0.368218780178072,0,25.217403402927662,"I am a professional video editor from Asyut with 12 years of experience. I provide high-quality video editing services for various project types. I have extensive experience in crafting engaging content for businesses, social media, and promotional campaigns. I can help with precise cutting, seamless transitions, and effective sound design. My skills include proficiency in Adobe Premiere Pro and After Effects. I am reliable and committed to delivering polished video content that meets client requirements. I am ready to collaborate on your next project."
EGY_00288,0.5883172064845765,33.89653948349342,9.932555104907244,Professional Certificate,Cairo,Content Writing,44.319260364781606,7,4,1,56,64.30375216852593,36.417301231545906,0.6056687477298438,0.5261728803026953,1,31.39433942282416,"I am a Content Writing freelancer based in Cairo with 10 years of professional experience. I provide high-quality written content for various platforms. I have experience in creating blog posts, website copy, and articles. My skills include SEO content writing and basic keyword research. I am proficient with Google Docs. I can help businesses communicate effectively with their audience through clear and engaging writing. I am committed to delivering well-researched and timely work to meet client needs."
EGY_00289,0.28099186773503265,49.609136646876394,17.730178197257132,Some College,Luxor,Administrative Support,58.02440637295962,6,11,0,98,75.75509941347892,49.75060488004702,0.48813515811549163,0.5044033981509484,0,25.079968731275216,"I am an experienced Administrative Support freelancer with 18 years of professional experience. I provide reliable administrative assistance to help businesses manage their daily operations efficiently. I have extensive experience in data entry, email management, and calendar scheduling. I am also proficient with the Microsoft Office Suite. I can help with a wide range of administrative tasks, ensuring your workflow remains organized and productive. I am dedicated to offering consistent and professional support."
EGY_00290,-0.6226995198205938,22.36607208181546,1.9874975370351762,Professional Certificate,Tanta,Video Editing,36.2100308980694,4,2,0,1,60.28972060405496,56.672844390668935,0.6041212775028002,0.2815494543976241,0,18.247732306109825,"I am a video editor from Tanta with 2 years of experience. I provide professional video editing services to help clients create engaging video content. I have experience in editing promotional videos, social media clips, and corporate presentations. I am proficient in tools such as Adobe Premiere Pro, After Effects, and DaVinci Resolve. I can help transform raw footage into polished, engaging videos that meet specific project requirements. My focus is on delivering high-quality work efficiently and reliably for every client."
EGY_00291,-0.20812225035727522,40.244625729523,14.578317737256084,Master's Degree,Giza,UI/UX Design,37.86321517569932,7,6,0,83,59.95796037548082,47.921399635904834,0.7809014191522029,0.26582430026277953,0,26.604793524710445,"I am a UI/UX Designer with 15 years of experience, dedicated to creating intuitive and user-friendly digital experiences. I provide comprehensive design services, covering the entire product design process from initial concept to final interface. I have extensive experience in user research, wireframing, prototyping, and user interface design. My toolkit includes Figma, Adobe XD, and Miro. I can help with developing engaging and functional designs that meet your project requirements. My focus is on delivering high-quality work efficiently and reliably."
EGY_00292,-0.4930009346588328,30.938200579337348,10.17068922194004,Bachelor's Degree,Mansoura,Translation,48.63871770959071,11,6,0,43,53.978076466440754,32.774440504737875,0.5122986717013209,0.24614688062533366,0,17.74167707657476,"I am a professional translator based in Mansoura, offering reliable linguistic services with 10 years of experience. I provide accurate and high-quality translations for various document types. I have experience in areas such as legal and technical content. I am proficient in using CAT tools and terminology management to ensure consistency. I can help clients achieve clear and effective communication across languages. My commitment is to timely delivery and precise results."
EGY_00293,-0.5893647569442115,31.702387677619672,7.942540055209804,Bachelor's Degree,Shubra El-Kheima,Translation,33.040312054756896,6,6,0,49,75.42142512372571,62.57482294455132,0.46968200542020305,0.29970128268812074,1,22.72958536584918,"I am a professional translator offering reliable language services with 8 years of experience. I provide high-quality translation from Arabic to English and English to Arabic. I have experience working across various document types, ensuring accuracy and clear communication. My skills include proficiency in CAT tools like Trados and memoQ, as well as expertise in localization. I can help clients achieve their communication goals with precise and professional translations tailored to their project needs. I am committed to delivering consistent and dependable results."
EGY_00294,0.8496020970210246,40.96312850106164,12.87749857093416,Bachelor's Degree,Shubra El-Kheima,Administrative Support,59.99890845982612,12,8,0,74,84.54128187937879,42.62400928284246,0.367908684182716,0.856081523677696,1,31.363936917146162,"I am an experienced Administrative Support freelancer with 13 years in the field. I provide dependable administrative assistance to ensure smooth daily operations. I have extensive experience in data entry, calendar management, and using Microsoft Office Suite efficiently. I can help with tasks such as organizing documents, managing email correspondence, and streamlining administrative processes. My aim is to offer consistent, high-quality support for your business needs. I am ready to assist you effectively."
EGY_00295,0.35701548596504734,40.15795684237983,13.295830023141095,Master's Degree,Port Said,Data Entry,46.39392760975058,9,8,1,48,100.0,53.97778469787539,0.5158543451267781,0.7348543567273449,0,22.01131236901474,"I am a professional Data Entry specialist from Port Said with 13 years of experience. I provide accurate and efficient data entry services to support various business needs. I have extensive experience in data processing and ensuring high levels of precision. I am proficient in using Microsoft Office Suite, Google Workspace, and various CRM systems. I can help with data collection, data organization, and maintaining databases. My focus is on delivering reliable results and ensuring data integrity for all projects. I am committed to accurate and timely completion of tasks."
EGY_00296,-0.6929095952606542,49.720191798470026,20.234528576940246,Bachelor's Degree,Suez,Mobile App Development,42.64072793358843,10,9,0,114,75.14453868837529,51.28764552011183,0.8058253276503076,0.39831533514523704,1,36.117132485092874,"I am a mobile app development freelancer based in Suez, offering professional services for various mobile platforms. With 20 years of experience in the industry, I provide robust and functional app solutions. I have extensive experience with Swift for iOS, Kotlin for Android, and cross-platform frameworks like React Native. I can help clients develop new mobile applications from concept to deployment, improve existing apps, or provide ongoing maintenance and support. My focus is on delivering reliable software tailored to your project needs. I am ready to discuss your requirements."
EGY_00297,0.8995998754332507,22.108617262532007,0.0,High School,Luxor,Video Editing,76.8147600586665,3,4,1,22,66.44814436336866,92.23055345460449,0.8132185666806379,0.767226021478093,1,33.47742199398196,"I am a video editor based in Luxor, eager to assist with your project needs. I provide professional and reliable video editing services. I have experience using industry-standard tools like Adobe Premiere Pro and DaVinci Resolve. I can help with tasks such as footage trimming, color correction, and adding clear transitions. My focus is on delivering well-edited videos that meet your specifications. I am committed to producing quality work and ensuring timely delivery for every client. I am ready to start working on your next video."
EGY_00298,0.30729952087660933,21.331508780293323,0.0,Some College,Zagazig,Content Writing,35.999093519827994,4,5,1,26,67.39804101819477,46.81226035933372,0.6668940318795767,0.35985479426206685,1,25.83420988536524,"I am a content writer from Zagazig, focused on delivering clear and engaging written content. I provide well-researched articles, blog posts, and website copy tailored to your needs. I have experience in crafting concise and effective text across various subjects. My skills include using Google Docs efficiently and applying basic SEO principles for better visibility. I can help with developing content that communicates your message effectively and without errors. I am committed to producing high-quality work and ensuring client satisfaction. I look forward to supporting your content goals."
EGY_00299,0.8128621188389601,41.17884214811971,12.80623158988866,Bachelor's Degree,Zagazig,Translation,63.31950867009086,13,7,1,60,91.1101964466245,55.607576621169976,0.28323702853935756,0.8025592491182671,0,29.690006720082117,"I am a professional translator from Zagazig with 13 years of experience in the field. I provide high-quality translation services, primarily from English to Arabic and vice versa. I have experience using industry-standard CAT tools, including SDL Trados Studio. My expertise also includes localization and proofreading. I can help clients achieve accurate and reliable translations for their projects. My focus is on clear communication and delivering precise work on time."
EGY_00300,0.6296288419236122,36.50838134420509,8.663603954694736,Bachelor's Degree,Shubra El-Kheima,Video Editing,68.01031704771769,9,6,0,52,77.25249742736746,50.88517910282622,0.6883259016227565,0.7593690258916348,1,36.79660457713379,"I am a professional Video Editor from Shubra El-Kheima with 9 years of experience. I provide high-quality video editing services for various projects, including promotional videos, social media content, and corporate presentations. I have extensive experience using industry-standard tools like Adobe Premiere Pro and After Effects. I can help with refining raw footage, creating dynamic transitions, and ensuring a polished final product that meets your objectives. I am reliable and committed to delivering professional results for every client."
EGY_00301,-0.8289950109220723,26.773141329913788,4.247604402653651,Bachelor's Degree,Damietta,Social Media Management,33.35029736311119,4,3,0,26,52.89377640722041,43.62911225265334,0.6446840194277418,0.07755219298261663,0,13.936063179420232,"I am a social media management freelancer from Damietta with 4 years of experience in managing online presences for businesses. I provide comprehensive social media management services to help you connect with your audience. I have experience in strategic content creation, community engagement, and using tools like Canva for visuals. I can help with scheduling posts, monitoring trends, and analyzing performance to ensure a consistent and professional brand voice. My goal is to support your digital strategy effectively."
EGY_00302,-0.5601810401969696,20.54141980764757,1.2292912469535997,Master's Degree,Mansoura,Data Entry,30.286860654086603,5,3,0,17,58.09302506319103,52.09675153760434,0.2610048252616176,0.15335412532074694,0,5.979746822912464,"I provide professional data entry services with 1 year of experience. My focus is on delivering accurate and organized information. I have experience in precise data input, transcription, and managing various documents efficiently. I am proficient with Microsoft Excel and Google Sheets. I can help with your administrative tasks, ensuring data is handled correctly and projects stay on track. My goal is to offer reliable and consistent support to meet your specific data management requirements."
EGY_00303,0.7472936051232618,20.741063987085777,0.7381415742054395,High School,Fayyum,Video Editing,65.41903934812296,8,5,0,5,79.59523550194757,75.36722394150392,0.7304255199825962,0.7019846837454199,1,31.95814731994448,"I am a video editing freelancer based in Fayyum with 1 year of experience. I provide professional video editing services for diverse project needs. I have experience in Adobe Premiere Pro and After Effects, including tasks like video cutting, sound synchronization, and basic color correction. I can help with creating engaging content for social media, promotional videos, and corporate presentations. My aim is to deliver polished videos that align with your vision. I am committed to reliable and timely project delivery."
EGY_00304,0.6103702654334648,46.614107989251785,20.07339986249256,Bachelor's Degree,Suez,Accounting,69.17208901527297,16,16,0,120,100.0,68.66515982491373,0.5064083066546472,0.818290489817563,0,31.008826464357067,"I am an accounting freelancer based in Suez with 20 years of experience. I provide reliable accounting and bookkeeping services to businesses. I have extensive experience in preparing financial statements, managing accounts payable/receivable, and payroll processing. I can help ensure your financial records are accurate and up-to-date. My skills include working with QuickBooks, Xero, and Microsoft Excel. I am dedicated to delivering precise and timely support. I offer professional assistance to help you manage your financial operations efficiently and effectively."
EGY_00305,-0.020901593964148132,24.139754390999773,4.337342163804504,High School,Zagazig,Administrative Support,58.59169786699247,7,6,2,26,61.2372499755842,42.2885686276759,0.3979067639718217,0.4544610068621091,0,17.512310831981324,"I am an Administrative Support professional from Zagazig with 4 years of experience. I provide reliable administrative support services to help businesses manage their daily tasks efficiently.

I have experience in email management, data entry, and scheduling appointments. I am proficient with Microsoft Office Suite. I can help with organizing information, maintaining calendars, and ensuring smooth operational workflows. My goal is to offer consistent, high-quality assistance to support your administrative needs effectively."
EGY_00306,0.117327383308782,28.347889987696664,6.809682711839654,Master's Degree,Cairo,Customer Support,55.41900412878,5,7,0,26,63.45361673221259,63.60849393914674,0.5375190016942293,0.6492780105003689,0,16.21769866394403,"I am a dedicated Customer Support freelancer based in Cairo with 7 years of professional experience. I provide high-quality, reliable customer service to ensure client satisfaction. I have extensive experience in handling customer inquiries, resolving technical issues, and managing support tickets efficiently. I am proficient with common CRM systems like Zendesk and also experienced in live chat and email support. I can help your business maintain strong customer relationships and deliver consistent, professional assistance. I am ready to contribute to your team's success."
EGY_00307,1.277664895788425,25.253004871263617,5.596217210844974,Bachelor's Degree,Cairo,Customer Support,70.14411081291279,9,7,0,41,75.62866287247205,66.70516341013202,0.6142830339556234,0.9264762888005482,1,31.231247092844754,"As a top 1% Customer Support expert based in Cairo, I don't just resolve issues; I architect scalable, ROI-driven solutions that transform support operations into a strategic competitive advantage. Leveraging a rigorous, data-driven approach, I specialize in optimizing customer journeys and enhancing operational efficiencies. My expertise includes implementing industry best practices like COPC and ITIL frameworks, leading to tangible results. For instance, I've increased customer conversions by 40% through proactive support strategies and refined UX feedback loops, simultaneously reducing operational costs by 25% via strategic workflow re-engineering and resource optimization. I excel in cross-functional collaboration and meticulous stakeholder management, consistently delivering measurable impact on complex, enterprise-level projects. My focus is always on fostering exceptional customer experiences and driving sustained business growth."
EGY_00308,-0.5915713888358299,29.359881786621994,4.538262836411658,Bachelor's Degree,El-Mahalla El-Kubra,Accounting,32.13630361361953,6,2,0,33,50.70173728333266,54.079926766243105,0.5613415198198158,0.3967245395938773,0,15.951362924073436,"I am an Accounting freelancer based in El-Mahalla El-Kubra with 5 years of professional experience. I provide comprehensive accounting services designed to support your business operations. I have experience in financial record keeping, general ledger management, and payroll processing. I can help with maintaining accurate financial statements and ensuring compliance. My focus is on delivering reliable and timely accounting solutions. I am proficient with accounting software like QuickBooks and Microsoft Excel, allowing for efficient data management. I am committed to assisting clients with their accounting needs effectively."
EGY_00309,0.5470973811700379,20.221562967874988,2.2215629678749877,Some College,Tanta,UI/UX Design,66.85891022099,9,4,1,7,69.98259412213082,68.60068006747868,0.8041819347895339,0.5200092984533522,0,24.65715069414751,"I am a UI/UX Designer with 2 years of experience, specializing in creating user-centered design solutions. I provide services including user research, wireframing, and prototyping for web and mobile applications. I have experience working proficiently with tools such as Figma and Adobe XD. I can help clients develop intuitive and visually appealing digital products. My focus is on delivering clear, functional designs. I am dedicated to good communication and ensuring timely project delivery for every client."
EGY_00310,-0.20219265243389406,34.60991330906465,9.81441941236787,Master's Degree,Suez,Content Writing,55.06667834701666,4,5,0,64,79.20999202408714,72.02557436094067,0.5303133985546746,0.4348376130513081,0,21.56917515961613,"I am a Content Writing freelancer based in Suez with 10 years of professional experience. I provide well-researched and engaging written content for diverse platforms. I have extensive experience in creating blog posts, website copy, and articles. My core skills include SEO content writing, meticulous research, and proficiency with tools like Grammarly. I can help with crafting clear, effective content that aligns with your specific project needs. I am dedicated to delivering reliable and professional results."
EGY_00311,-0.2176812032272203,20.163602034950877,2.163602034950877,Master's Degree,Damietta,Web Development,35.35419876503902,6,4,1,22,60.49787103215089,42.06896607372864,1.0,0.47993538945151176,0,22.830089339272142,"I am a web developer from Damietta with 2 years of experience. I provide professional web development services to create and improve online platforms. I have experience in building responsive websites using HTML, CSS, JavaScript, and WordPress. I can help with developing new sites, updating existing web projects, and implementing custom features. My focus is on delivering functional and reliable web solutions that align with your needs. I am committed to clear communication and quality work."
EGY_00312,1.09877685198719,43.61140825031557,13.22313048410903,Master's Degree,Damietta,Administrative Support,70.12645005827277,9,7,0,82,100.0,55.002033182792985,0.462305078655878,0.7986649757549579,1,33.321939727720675,"As a top 1% Administrative Support expert from Damietta, Egypt, I don't just manage tasks; I architect strategic operational solutions that drive tangible business growth. Leveraging a data-driven approach and methodologies like Lean process optimization, I empower enterprise clients to achieve peak efficiency. My expertise spans advanced CRM administration (e.g., Salesforce), sophisticated calendar management, and comprehensive executive support, translating complex requirements into actionable workflows. For a key client, I redesigned their document lifecycle management, significantly reducing operational costs by 25%. Furthermore, through astute stakeholder management and seamless cross-functional collaboration, I've optimized project timelines, leading to a demonstrable 40% increase in team productivity and project delivery velocity. I am committed to delivering measurable impact, providing scalable support that consistently enhances ROI and fosters organizational excellence."
EGY_00313,0.8254163489880298,25.478786621133857,1.3797544406481852,Bachelor's Degree,Tanta,Video Editing,68.9094839900183,6,6,0,7,84.5271117520901,66.61244738414216,0.5774556872583,0.6560885215882538,0,26.114969547202996,"I am a professional video editing freelancer with 1 year of experience. I provide comprehensive video editing services for various projects. I have experience in post-production tasks like cutting, color correction, and sound synchronization. I can help with creating engaging content for corporate videos, social media, and event highlights. My main tools include Adobe Premiere Pro and DaVinci Resolve. I am committed to delivering quality work that meets your specific project needs efficiently. I look forward to collaborating with you."
EGY_00314,0.8135096360006385,35.28038126734434,12.00400807645666,Master's Degree,Mansoura,Web Development,71.02378226076465,12,9,0,61,88.60299062531875,77.49986939706235,0.865049312304123,0.8122782913026194,1,40.26962510231536,"I am a web developer from Mansoura with 12 years of professional experience. I provide robust web solutions for clients. I have extensive experience in front-end and back-end development, using technologies like HTML, CSS, JavaScript, and PHP. I can help businesses create new websites, update existing ones, or fix technical issues. My focus is on delivering functional and reliable web applications that meet project requirements. I am committed to clear communication and timely delivery for all projects."
EGY_00315,1.305478807154329,46.16253080196667,17.650337533375033,Bachelor's Degree,Fayyum,Translation,68.83228591604274,14,13,1,105,100.0,66.53670313621848,0.6526825595587057,0.9778795594456006,1,43.89825801912051,"As a top 1% Translation expert, I architect sophisticated, ROI-driven localization solutions that transcend mere linguistic conversion. Hailing from Fayyum, Egypt, my strategic approach leverages deep cultural insights and a data-driven methodology to optimize global market entry for enterprise clients. I don't just translate; I meticulously craft content to resonate, adhering strictly to ISO 17100 quality standards and deploying advanced CAT technologies for scalable workflows. Through expert stakeholder management and seamless cross-functional collaboration, I deliver measurable impact. For instance, I've increased global content engagement, leading to a 40% rise in conversions for translated marketing materials and reduced localization project overhead by 25% through optimized processes. My expertise ensures unparalleled linguistic precision and cultural nuance, transforming complex challenges into strategic advantages and guaranteeing your global initiatives achieve maximum ROI."
EGY_00316,0.02100384163275905,38.82807580951021,10.692742376991106,Master's Degree,Luxor,Web Development,41.73938188302995,7,6,2,52,69.04548815805867,68.96773047749039,0.8737676403700873,0.4206146057031127,0,25.035222224909184,"I am a web development freelancer based in Luxor with 11 years of professional experience. I provide comprehensive web development services, focusing on creating functional and reliable websites and applications. I have extensive experience in both front-end and back-end development, utilizing technologies like JavaScript, React, and PHP. I can help clients build custom web applications, responsive websites, and maintain existing projects. My goal is to deliver solid web solutions that effectively meet project requirements."
EGY_00317,0.6819529712949639,35.05464916964273,8.493463339236248,Professional Certificate,Ismailia,Data Entry,55.20813277078401,9,6,0,55,76.6732727710906,68.53431075266957,0.5029397618135322,0.8522062101765129,1,26.153583005504437,"I am a professional Data Entry specialist with 8 years of experience. I provide reliable and accurate data entry services to support various business needs. I have extensive experience in data collection, data organization, and spreadsheet management. I am proficient in using tools like Microsoft Excel and Google Sheets. I can help clients maintain organized and up-to-date records, ensuring efficient and error-free data handling. My focus is on delivering high-quality support and timely completion for your data entry projects."
EGY_00318,-0.31026675659345604,28.37868009969202,8.478077628644751,Master's Degree,Suez,Graphic Design,35.273500066538546,6,5,0,59,79.79261189916497,43.25856675249717,0.6028425296643464,0.3700126141210677,0,16.270251913829316,"I am a professional Graphic Designer with 8 years of experience in creating effective visual solutions. I provide a range of graphic design services to help businesses and individuals communicate their message clearly. I have strong practical experience using industry-standard tools like Adobe Photoshop, Illustrator, and InDesign. I can assist clients with projects such as logo design, developing brand identity, and creating various marketing materials like brochures and digital graphics. My commitment is to deliver high-quality work that is both reliable and meets client objectives efficiently."
EGY_00319,0.3241663524884421,28.656061217862334,4.0148129449827445,Some College,Damietta,Data Entry,54.35188863617681,13,4,0,30,64.629702004051,62.34002877574489,0.472230548378274,0.4665465110674267,1,23.272512278565817,"I am a Data Entry freelancer from Damietta with 4 years of experience. I provide accurate and efficient data entry services. I have experience in various data entry tasks, including data collection, spreadsheet management, and data organization. I am proficient with tools like Microsoft Excel and Google Sheets. I can help with organizing your information and ensuring data integrity for your projects. My focus is on delivering reliable results and timely completion of work."
EGY_00320,-0.13014305436768459,39.423582566342084,16.139495446317177,Bachelor's Degree,Shubra El-Kheima,Accounting,45.57900021879783,10,11,0,87,94.80685108193055,41.915881478571734,0.5707096180342363,0.8400527033016155,1,31.347237324840652,"I am an Accounting freelancer from Shubra El-Kheima with 16 years of professional experience. I provide reliable accounting and bookkeeping services to support various business needs. I have extensive experience in managing financial records, processing payroll, and conducting account reconciliations. I am proficient with industry-standard tools such as QuickBooks and Microsoft Excel. I can help clients maintain accurate financial data, prepare necessary reports, and ensure operational compliance. My focus is on delivering consistent and organized financial support."
EGY_00321,0.09699596499271819,49.81245955907736,17.28623426615068,Some College,Damietta,Administrative Support,72.90530368257785,9,12,0,94,95.79982386575186,54.74295267890413,0.3549245011416044,0.7468710127968355,1,29.222622248499036,"I am an experienced Administrative Support freelancer based in Damietta, with 17 years of dedicated experience. I provide comprehensive administrative assistance to help businesses and individuals manage their daily operations effectively. I have experience in data entry, scheduling, and proficient use of the Microsoft Office Suite. I can help with organizing information, coordinating appointments, and ensuring smooth workflow. My focus is on delivering accurate and timely support. I am reliable and ready to assist with your administrative needs."
EGY_00322,0.5951570254369136,39.17885407518011,13.984096296324834,Master's Degree,Luxor,Graphic Design,67.87412680593502,13,13,0,95,92.94070638722724,41.044497132774424,0.6413023902373276,0.8448191059178966,1,38.56999314137183,"I am a Graphic Designer from Luxor with 14 years of experience providing professional design solutions. I have extensive experience creating engaging visuals for both print and digital platforms. My skills include Adobe Photoshop and Illustrator, which I use to craft effective designs. I can help with branding, marketing materials, and digital graphics, ensuring your visual communication is clear and impactful. I am reliable and committed to delivering high-quality work that meets client requirements. My focus is on clear communication and timely project completion."
EGY_00323,-0.8182206832334725,35.8490693558408,10.052204662006508,Bachelor's Degree,El-Mahalla El-Kubra,Administrative Support,47.42217042038888,9,5,1,67,57.51454104339791,39.15900234468177,0.23093970835988625,0.31251211468641193,0,13.077118586488362,"I am an Administrative Support freelancer based in El-Mahalla El-Kubra with 10 years of professional experience. I provide reliable administrative assistance, helping businesses and individuals manage their daily operations. My skills include efficient data entry, comprehensive email management, and proficient use of Microsoft Office Suite. I can help you with organizing schedules, maintaining accurate records, and streamlining communications. My goal is to deliver consistent, high-quality support, allowing you to focus on your core business activities."
EGY_00324,2.0923872756854602,41.38081632765588,15.234864658758214,Some College,Zagazig,Social Media Management,86.0993340435592,17,6,3,107,100.0,90.10398461740587,0.5755960158968149,0.986101717587433,1,47.344082696802914,"As a top 1% Social Media Management expert, I architect bespoke, ROI-driven strategies that fundamentally transform digital presence into tangible business growth. My data-driven approach leverages sophisticated analytics to optimize campaign performance, ensuring scalable solutions for enterprise-level clients. I specialize in developing comprehensive content ecosystems and engagement frameworks, grounded in Agile Marketing principles, consistently delivering measurable impact. For a recent complex project, I spearheaded initiatives that increased conversions by 40% and reduced customer acquisition costs by 25% through meticulous A/B testing and influencer collaboration. My expertise extends to cross-functional collaboration and adept stakeholder management, ensuring seamless execution and alignment with overarching business objectives. If you seek a strategic partner to elevate your brand's digital footprint, I'm poised to deliver exceptional results."
EGY_00325,-1.006017381499702,32.88657959307898,7.843719751619,Some College,Asyut,UI/UX Design,31.23656281081929,10,4,0,43,66.8590765231845,49.43499494353971,0.6422193594740353,0.3621684805334297,1,21.981127034781863,"hello, i am UI/UX Designer from Asyut. i am passionate for good design. i will work hard and do my best for your project. i am dedicated and a good team player. i think i can help make nice design. i will try my best for good results. i always looking for work."
EGY_00326,-1.2141886127877322,19.924554963225127,0.8291471657904876,Some College,Tanta,UI/UX Design,29.03327122000328,4,2,1,7,41.21585002479217,44.74236286704729,0.9997500093179674,0.1917848104604346,0,14.394766309488059,"Hello, i am new UI/UX designer from Tanta. i am very passionate about design. i work hard and i will do my best for your project. i am dedicated and good team player. i think i can help you. i will try my best for nice work. My goal is give good design."
EGY_00327,1.1581108735000678,35.993498108093114,10.877937215647309,Bachelor's Degree,Tanta,SEO Specialist,65.53297010433481,10,11,1,88,86.37739658073886,68.20952560722313,0.5433969383983387,0.8457513822703026,0,35.003647844571915,"As a distinguished top 1% SEO Specialist, I architect comprehensive, ROI-driven digital visibility solutions. My data-driven approach leverages advanced analytical platforms like Ahrefs and SEMrush to execute rigorous technical SEO audits, strategic content gap analyses aligned with E-E-A-T principles, and sophisticated backlink strategies. For enterprise-level clients, I consistently deliver measurable impact, exemplified by increasing organic conversions by up to 40% and optimizing campaign efficiency, thereby reducing acquisition costs by over 25%. My expertise spans managing complex SEO ecosystems, fostering seamless cross-functional collaboration, and effective stakeholder management. From Tanta, Egypt, I bring a global perspective, passionately dedicated to transforming digital landscapes into scalable business growth. I don't just optimize; I engineer sustainable competitive advantage."
EGY_00328,0.7916626939629359,48.64400910417217,16.382030550940357,Some College,Zagazig,Content Writing,63.757273136455375,11,11,2,103,98.50672035906099,61.89764307324715,0.8585790627217977,0.9469014450334854,1,39.878578215738926,"I am a content writing freelancer with 16 years of experience. I provide high-quality articles, blog posts, and website content. I have extensive experience in SEO best practices and content strategy, ensuring your message reaches the right audience. I am proficient with industry-standard content optimization tools. I can help clients communicate effectively with their audience through well-researched and engaging copy. My focus is on delivering reliable and professional writing services to meet your project needs efficiently."
EGY_00329,0.6241198170521551,23.60969415544511,4.847465184107317,Master's Degree,Luxor,UI/UX Design,63.253495358016814,7,5,0,54,68.96701812330417,38.48358127364986,0.8514279532668483,0.6654168933863653,0,26.56700278579513,"I am a UI/UX Designer with 5 years of experience, based in Luxor. I provide user-centered design solutions for web and mobile applications. I have experience in the full design process, from wireframing and prototyping to final user interface design. I use industry-standard tools such as Figma and Adobe XD. I can help with creating intuitive and visually appealing digital products that focus on user experience and business objectives. My aim is to deliver clear, functional, and effective designs for your projects."
EGY_00330,0.6283455092642799,40.080156506261304,12.221666770813611,Bachelor's Degree,Cairo,Digital Marketing,59.43226891576942,9,12,0,72,77.84431931871403,54.44886551559231,0.6981132832046979,0.8217002094785545,1,37.565844684054596,"I am a Digital Marketing freelancer based in Cairo with 12 years of experience. I provide comprehensive digital marketing services designed to help businesses enhance their online presence. I have extensive experience in key areas such as SEO, social media marketing, and content strategy. I am also proficient with essential tools including Google Analytics. My approach focuses on delivering reliable and effective solutions through clear communication and efficient project management. I am committed to helping clients achieve their digital marketing goals."
EGY_00331,-0.012246772846914623,24.429878037089807,3.4007269915738467,Bachelor's Degree,Tanta,Translation,46.910313633864945,8,2,0,14,50.57242708858618,52.59227548081797,0.6306360100620827,0.28676066172887493,0,17.25395043215343,"I am a professional translator with three years of experience providing accurate and timely language services. I specialize in English-Arabic and Arabic-English translation, ensuring high quality and linguistic precision for various document types. I have experience using essential CAT tools such as Trados Studio and memoQ. My skills also include careful proofreading and localization to meet specific project requirements. I can help clients communicate effectively across languages, delivering reliable and consistent results for all translation projects."
EGY_00332,-0.8972543714858315,35.1464859031386,8.299192792666133,Some College,El-Mahalla El-Kubra,Translation,30.600028122832676,6,4,0,38,60.38317189242641,22.366895106065936,0.48554852808404503,0.27980715691331526,0,14.28758051536452,"I am a professional translator with 8 years of experience, based in El-Mahalla El-Kubra. I provide accurate and reliable translation services, helping clients communicate effectively across languages. I have experience in translating a variety of content, including technical documents and marketing materials. I am proficient in industry-standard CAT tools like SDL Trados Studio. My focus is on delivering high-quality linguistic accuracy and cultural relevance. I am committed to meeting deadlines and ensuring clear communication. I can help you convey your message effectively to your target audience."
EGY_00333,0.07580455819372633,21.093646388695028,0.0,Master's Degree,Fayyum,Social Media Management,37.210580795073355,7,1,0,5,66.94349768441836,24.633315946476472,0.5090451119592392,0.37908192321106055,1,24.279716818867144,"I provide social media management services to help businesses maintain an active online presence. I have experience in content scheduling, community engagement, and managing profiles on platforms like Facebook and Instagram. I can help with daily posting, basic analytics tracking, and ensuring consistent brand messaging. My goal is to support your social media efforts with reliable and focused work. I am dedicated to learning client needs and delivering consistent support to help grow their online community."
EGY_00334,-0.6771617115121117,32.411869960261924,8.265066450956816,Master's Degree,Shubra El-Kheima,SEO Specialist,52.67636597778484,7,5,0,62,58.64275315870212,58.80655066600636,0.7079070268208828,0.19075425298729531,0,18.65261337842073,"I am an SEO Specialist from Shubra El-Kheima with 8 years of experience. I provide professional SEO services to help businesses improve their online presence. I have experience in keyword research, on-page optimization, and technical SEO. I am also proficient with tools like Google Analytics and Google Search Console. I can help clients implement effective strategies to enhance their website's visibility and organic traffic in search engine results. My aim is to offer reliable and consistent SEO support."
EGY_00335,0.9751197334177512,42.197226524647874,19.343566758014553,Bachelor's Degree,Aswan,Social Media Management,86.68209168392042,11,15,3,122,98.90952432294098,62.464014700160604,0.7200072696326241,0.9594682475929156,1,42.74556934258151,"I am a Social Media Management freelancer based in Aswan, offering 19 years of professional experience. I provide comprehensive social media management services designed to enhance online presence. I have experience in developing content strategies, managing community engagement, and scheduling posts. I can help with effective platform management across channels like Facebook and Instagram, utilizing tools such as Buffer. My focus is on consistent and reliable social media operations to support your business goals."
EGY_00336,-0.14705738150213865,29.122288775647426,8.242581841184503,Some College,Giza,Video Editing,59.78750708675043,4,6,1,44,69.09962477240283,51.38500063334108,0.7278410895261888,0.6741672037994958,1,30.74991321197671,"I am a professional Video Editor based in Giza with 8 years of experience. I provide reliable video editing services for a variety of projects. I have experience in Adobe Premiere Pro and After Effects, covering aspects like precise cutting, audio synchronization, and color correction. I can help with creating engaging content for corporate videos, social media, and promotional campaigns. My focus is on delivering polished videos that align with your project goals. I am available to help you achieve professional results for your video editing requirements."
EGY_00337,-0.8254971967925115,39.27717518359098,12.727784350685797,Bachelor's Degree,Shubra El-Kheima,Mobile App Development,25.026885788804865,5,7,0,75,65.50371611035919,48.42843598041296,0.8997730109558992,0.3854491122814908,0,24.731193935837616,"I am a Mobile App Development freelancer based in Shubra El-Kheima with 13 years of professional experience. I provide comprehensive mobile app development services. I have extensive experience in native iOS and Android development, ensuring robust and efficient applications. I can help with building new mobile applications from concept to deployment, and also with enhancing existing apps. My core skills include Swift, Kotlin, and Firebase. I focus on delivering functional and reliable solutions that align with client objectives. I am committed to providing quality work consistently."
EGY_00338,-0.32138584165299344,43.454398745271334,14.746857588746265,Bachelor's Degree,Shubra El-Kheima,Administrative Support,53.049378071614015,8,5,0,80,85.60807276159656,31.410865642890116,0.3970654476330669,0.3165616228181996,1,23.2890392000842,"I am an administrative support professional with 15 years of experience dedicated to efficient operations. I provide reliable administrative assistance to businesses and individuals, focusing on clear communication and timely task completion. I have experience in managing schedules, organizing documents, and handling email correspondence. I can help with data entry, calendar management, and general office tasks. I am proficient with Microsoft Office Suite and common project management tools. I am committed to supporting your administrative needs effectively."
EGY_00339,0.41293145427562433,47.669690223342485,17.846745919629583,Bachelor's Degree,Fayyum,Digital Marketing,66.43173483034252,11,10,2,119,100.0,48.90274054036807,0.8886276082080823,0.8998615108629284,1,36.3454724580846,"I am a Digital Marketing freelancer from Fayyum with 18 years of experience. I provide comprehensive digital marketing services. I can help businesses improve their online presence and achieve their marketing goals. I have experience in SEO, social media marketing, and Google Ads. My approach focuses on delivering consistent and effective strategies. I am committed to providing professional and reliable support to my clients. Let's discuss how I can assist with your specific digital marketing needs."
EGY_00340,-0.5637245528039747,25.508546619374513,5.599366201975128,Master's Degree,Tanta,Digital Marketing,37.5097547217268,4,7,0,30,70.79650732405656,65.79631943415528,0.866297582623604,0.23762236542995624,0,18.556449172232462,"I am a Digital Marketing freelancer based in Tanta, Egypt, with 6 years of professional experience. I provide a range of digital marketing services designed to enhance online presence. I have extensive experience in SEO, SEM, and Social Media Marketing, utilizing tools like Google Ads and Google Analytics. I can help businesses effectively reach their target audiences, drive traffic, and improve engagement online. My focus is on delivering consistent and reliable results for every client."
EGY_00341,-0.8222203955664315,30.77810930589786,5.305239952921026,High School,Asyut,Accounting,42.555966462893814,6,3,1,15,54.168164754111515,32.80352430402682,0.5769017527771542,0.41784035933435676,0,19.890781761881257,"I am an Accounting freelancer based in Asyut with 5 years of experience. I provide professional and reliable accounting and bookkeeping services. I have experience in managing financial records, processing payroll, and preparing essential financial statements. I am proficient with accounting software such as QuickBooks and also Microsoft Excel. I can help businesses maintain accurate financial data and ensure efficient financial operations. My aim is to support your business with precise and organized accounting."
EGY_00342,0.2436872114919123,22.877312426573358,4.877312426573358,Master's Degree,Alexandria,Data Entry,49.09227784715249,6,5,0,34,85.69176606554672,48.93641710620007,0.5210777746823495,0.6481644626969671,0,13.625636150844086,"I am a dedicated Data Entry freelancer based in Alexandria with 5 years of professional experience. I provide accurate and efficient data entry services to help businesses and individuals manage their information effectively. I have strong experience using Microsoft Excel, Google Sheets, and various CRM platforms. My focus is on delivering reliable results and ensuring data integrity. I can help streamline your data management tasks, ensuring precision and timely completion for all your projects."
EGY_00343,0.24496657110872277,49.75947206906801,20.486445872323294,Bachelor's Degree,Zagazig,Data Entry,68.96378851476825,12,14,0,111,100.0,42.89727637827196,0.6184810310984808,0.8092282367595833,1,31.966800220064282,"I am a dedicated Data Entry freelancer from Zagazig with 20 years of experience. I provide accurate and efficient data entry services for various projects. I have extensive experience in transcribing data, managing databases, and organizing information effectively. I am proficient in Microsoft Excel, Google Sheets, and various CRM systems. I can help with your data management needs, ensuring precision and timely completion. My focus is on delivering consistent and reliable support for all your data tasks."
EGY_00344,-0.5069431753711298,47.664030973577454,19.23479003556234,Some College,Ismailia,Mobile App Development,46.04956159158619,10,9,0,89,80.1238967479179,32.803868498336534,0.7956416059906267,0.4646043095266207,1,36.963731151561205,"I am a mobile app developer based in Ismailia, with 19 years of professional experience in the field. I provide expert mobile application development services for both iOS and Android platforms. I have extensive experience working with Swift, Kotlin, and Flutter to create robust solutions. I can help clients transform their app ideas into functional, high-quality products. My focus is on delivering reliable and user-friendly applications that align with project goals. I am committed to providing professional service for your mobile app development needs."
EGY_00345,-0.4710383056183228,35.2786281689779,11.244128379006197,Bachelor's Degree,Zagazig,Accounting,33.76287050201468,11,9,0,68,65.95319845543077,60.92976061771184,0.4600322317716997,0.3438851633950962,0,24.373036774101347,"I am an accounting professional from Zagazig with 11 years of experience. I provide reliable accounting and bookkeeping services, ensuring your financial records are accurate and well-maintained. I have experience in general ledger management, financial reporting, and utilizing accounting software such as QuickBooks. I can help businesses with their daily financial operations and preparing necessary financial statements. My aim is to deliver consistent and accurate financial support, allowing you to focus on your core activities. I am ready to assist with your accounting requirements."
EGY_00346,0.2320499373576363,44.94506542004548,16.206272567415265,Bachelor's Degree,Cairo,Social Media Management,60.178830040457925,8,7,0,107,95.59822233545864,15.634375907841303,0.5927310809572035,0.6549291575766402,1,35.1981506780038,"I am a dedicated Social Media Management freelancer based in Cairo, bringing 16 years of professional experience to my clients. I provide comprehensive social media services, focusing on strategic content creation, audience engagement, and performance monitoring. I have extensive experience in managing diverse platforms like Facebook, Instagram, and LinkedIn. I can help your business build and maintain a strong, active online presence effectively. My goal is to deliver reliable and consistent support for all your social media needs. I am available to discuss how I can assist your projects."
EGY_00347,-1.4480843414973241,34.670655272705346,11.348115635556846,High School,Ismailia,Accounting,38.86654161244261,10,7,0,44,63.93148365402021,25.76778060424914,0.41503499700341573,0.07093899281179004,0,13.299172883902234,hello i am from Ismailia. i am new in Accounting. i am very passionate and dedicated person. i work hard and i will try my best for you. i think i can help with good work. i am good team player and i always do my best.
EGY_00348,-1.4074637743765552,37.95474201608831,13.156473477135743,Master's Degree,Tanta,Video Editing,30.869359895710428,5,9,0,74,58.85395368243624,36.49158684693123,0.6591214784616691,0.10300519426326069,0,14.684582120354209,"Hello, i am from Tanta. I want do video editing work. i am passionate and dedicated. i will working hard for you. i think i can do a good job. i will try my best. i am a team player. i will do good work. i hope for nice work."
EGY_00349,-0.718444221252436,20.85198182771253,1.0031076747454715,Bachelor's Degree,Ismailia,SEO Specialist,44.017753598646145,1,4,1,3,53.13534746381878,66.83053582607509,0.5390096798656312,0.3092017926715647,1,17.035805250028343,"I am an SEO Specialist with 1 year of experience. I provide services focused on improving online visibility for businesses. I have experience in keyword research, on-page optimization, and link building strategies. My skills include using tools like Google Analytics and SEMrush to analyze performance and identify opportunities. I can help clients enhance their search engine rankings and drive more organic traffic to their websites. I am committed to delivering reliable and effective SEO solutions."
EGY_00350,-0.21344715171184725,42.168653455897854,13.353988527744908,Bachelor's Degree,Cairo,Web Development,46.10075843203432,8,4,0,75,74.638936731448,30.4102538411312,1.0,0.3323501710194924,0,30.712970949972686,"I am a professional web developer with over 13 years of experience. I provide comprehensive web development services, focusing on creating functional and efficient online solutions. I have extensive experience in full-stack development, leveraging technologies such as React and PHP. I can help clients build robust and user-friendly web applications that meet their specific requirements. My approach ensures reliable and maintainable code. I am committed to delivering high-quality results and am available to collaborate on new projects."
EGY_00351,0.3109075655980046,22.086831476327514,2.6558114763204816,Master's Degree,Fayyum,Data Entry,43.32080895250773,13,3,0,24,60.500319920956464,34.145820581632435,0.33278183638265124,0.7087528682005029,1,16.8815928963792,"I am a Data Entry freelancer with 3 years of experience. I provide accurate and efficient data entry services for various projects. I have experience in transcribing data, organizing spreadsheets, and maintaining information databases. I am proficient with Microsoft Excel, Google Sheets, and several online data entry tools. I can help clients manage their data effectively, ensuring high accuracy and timely task completion. My focus is on delivering reliable support and maintaining data integrity for your business needs. I am dedicated to providing consistent, quality work."
EGY_00352,1.475356216949552,44.43416416808091,18.95853880383892,Some College,Zagazig,Video Editing,70.6130056700382,15,12,2,116,100.0,54.80276978347365,0.7358707798844158,0.9600751339485084,1,46.044639411038695,"As a top 1% Video Editing expert, I architect solutions designed to elevate brand narratives and deliver measurable impact for discerning enterprise clients. From Zagazig, I leverage a rigorous, data-driven approach, meticulously optimizing video content for multi-platform deployment and maximal engagement. My comprehensive methodology integrates industry-standard Agile content workflows, ensuring seamless cross-functional collaboration and proactive stakeholder management across even the most complex global projects. I specialize in crafting ROI-driven video strategies that have demonstrably increased client conversions by up to 40% and reduced production costs by 25%, all through implementing scalable and efficient frameworks. My expertise isn't merely in post-production; I strategically consult, conceptualize, and execute, transforming raw footage into compelling, high-performing visual assets that consistently exceed strategic objectives and drive tangible business growth."
EGY_00353,0.8576596232020194,43.02489880545235,12.536725131963609,Master's Degree,Mansoura,Content Writing,68.09529067766587,12,11,1,84,93.63547743648012,70.8174964302675,0.34429617016795516,0.9021377625365883,1,36.45960407190965,"I am a professional content writer from Mansoura with 13 years of experience. I provide high-quality, engaging content for various platforms. I have experience in creating blog posts, website copy, and articles. I can help with SEO-optimized writing and thorough research to meet your project needs. I deliver clear and effective content to support your communication goals. I am proficient in using standard writing and editing tools. I am ready to assist you with your content requirements."
EGY_00354,-0.1599385299634271,40.67983032777525,10.672847665160269,Bachelor's Degree,Zagazig,Accounting,46.32065337071621,9,4,0,52,81.11821801858022,49.96001958961922,0.511481237229617,0.5905314212187874,0,26.24925353028821,"I am an Accounting freelancer from Zagazig with 11 years of professional experience. I provide reliable bookkeeping, financial reporting, and payroll services. I have extensive experience using QuickBooks and Xero to manage client accounts efficiently. I can help businesses maintain accurate financial records and ensure compliance with relevant regulations. My focus is on delivering consistent and accurate accounting support to help my clients operate smoothly. I am dedicated to professional service and timely delivery for all accounting tasks."
EGY_00355,-0.01901620790268883,19.157132176792388,1.023800988548466,Master's Degree,Alexandria,Translation,57.722411148855585,4,1,1,28,67.94290255035192,28.132270439970025,0.42069895842437466,0.5694253931744583,1,22.480421439795162,"I am a professional translator based in Alexandria, Egypt, with 1 year of experience. I provide accurate and reliable translation services for English to Arabic and Arabic to English language pairs. I have experience in using CAT tools like Trados Studio and I am proficient in document localization. I can help clients with their general and technical document translation needs. I am committed to delivering quality work on time."
EGY_00356,-1.0025293646378088,27.700107390250515,5.921839837862345,High School,Ismailia,Translation,31.040243918457026,5,1,0,37,51.52919615275465,39.46301158834579,0.6853354922588203,0.15135430059977137,0,9.984028732395174,Hello. i am from Ismailia. i want to start my translation work here. i am very passionate for language. i will work hard for you. i am good and dedicated person. i think i can help you with your project. i will try my best. i am good team player. i will do my best for your success.
EGY_00357,-0.01851313599238993,26.41960223714697,5.398444671028999,Bachelor's Degree,Tanta,Video Editing,46.45639468560587,7,3,0,45,63.083037472243625,73.04940885643066,0.7679024798503828,0.4814587128629792,1,26.755898915027963,"I am a video editing freelancer from Tanta with 5 years of experience. I provide professional video editing services. I have experience using Adobe Premiere Pro, After Effects, and DaVinci Resolve. I can help with corporate videos, social media content, and promotional materials. My goal is to deliver clean, engaging video edits. I focus on clear communication and meeting project requirements efficiently. I am ready to assist with your next video project."
EGY_00358,-0.2886586389201383,29.52436503908861,7.402525419270167,Some College,Port Said,Mobile App Development,53.981320396136965,10,3,0,37,79.88646192320516,50.503302349055375,0.6155921102650623,0.5329428318830968,1,30.203912759819676,"I am a mobile app development freelancer based in Port Said with 7 years of experience. I provide professional mobile application development services. I have experience in developing native iOS and Android applications. I also utilize Flutter for efficient cross-platform development. I can help with full-cycle app development, from initial concept and design implementation to successful app deployment. My focus is on delivering functional and reliable mobile solutions for clients."
EGY_00359,0.3227185603380895,20.804567896442833,1.2363362285960897,Master's Degree,Ismailia,SEO Specialist,57.059303573101786,6,7,0,8,65.94578692578702,56.34099108348678,0.7865861558333787,0.4526322025465295,1,26.770689904359603,"I am an SEO Specialist from Ismailia with 1 year of experience. I provide services in search engine optimization to help businesses improve their online visibility. I have experience in keyword research, on-page optimization, and using tools like Google Analytics. I can help with improving your website's organic search rankings and driving relevant traffic. My focus is on implementing effective SEO strategies. I am committed to delivering reliable and consistent results for my clients who aim to strengthen their digital presence."
EGY_00360,-0.827230943552323,47.98265033699401,20.96931707940057,Bachelor's Degree,Damietta,UI/UX Design,33.47432003515924,9,9,0,120,71.4179006339432,43.444360471104744,0.9068687353658907,0.21620541952840058,0,24.39077565373977,"I am a UI/UX Designer based in Damietta with 21 years of professional experience. I provide services in user interface design, user experience strategy, and wireframing. I have experience in creating intuitive and effective digital product interfaces for various platforms. I am proficient in tools such as Figma, Sketch, and Adobe XD. I can help clients deliver user-centered designs that meet their project goals. I am available to discuss your design needs."
EGY_00361,0.5193465142411723,35.721671702796044,7.431195064724594,Some College,Shubra El-Kheima,Customer Support,68.12825147370383,6,8,0,40,78.07581236026458,62.44969897933706,0.5325684525210826,0.6975746538224585,1,27.00500145115547,"I provide reliable and professional customer support services. With 7 years of experience, I have developed strong skills in assisting customers effectively. I have experience in managing inquiries through email, live chat, and phone. I can help with various ticket management systems and ensuring all customer concerns are addressed promptly. My focus is on clear communication and efficient problem resolution. I am dedicated to maintaining high levels of customer satisfaction and delivering consistent, quality support to your clients."
EGY_00362,1.5327389130025777,27.776777941056753,4.20907271507356,Bachelor's Degree,Mansoura,Digital Marketing,66.1037265155334,10,7,0,45,86.8793282959812,49.38634353500335,0.8088163309412022,0.9273617432815207,1,36.666204835053215,"As a top 1% Digital Marketing strategist, I don't just execute campaigns; I architect scalable, ROI-driven solutions designed for profound business impact. I leverage a meticulous, data-driven approach to optimize intricate customer journeys, consistently delivering measurable results for enterprise clients facing complex challenges. My methodology integrates strategic planning with advanced analytics, applying frameworks like the AARRR funnel to achieve outcomes such as a 40%+ uplift in conversion rates and a 25% reduction in customer acquisition costs. This strategic thinking, coupled with robust cross-functional collaboration and proactive stakeholder management, ensures seamless execution. I specialize in transforming marketing spend into tangible revenue, crafting actionable strategies that drive sustainable growth and unparalleled competitive advantage."
EGY_00363,-0.1087601484568576,30.70340854637707,7.415535607528146,Bachelor's Degree,Alexandria,Mobile App Development,41.09910818297365,8,6,0,56,74.22803342568531,45.216018186813365,0.9016055014775565,0.6816275414068242,1,33.19776601274452,"I am a mobile app developer from Alexandria with 7 years of experience. I provide professional mobile application development services. I have experience in native iOS (Swift) and Android (Kotlin) development, and I also work with Flutter. I can help clients build robust and user-friendly mobile applications from concept to deployment. My focus is on delivering functional and reliable solutions that meet project requirements. I am committed to clear communication and timely delivery to ensure client satisfaction."
EGY_00364,0.40171172209894146,32.31048129615474,5.29991115538451,Some College,Tanta,Video Editing,27.73118772084338,5,5,0,38,64.46402712877307,52.124198669041185,0.686950848200012,0.5803788388533415,1,30.660528395743537,"I am a professional video editor with 5 years of experience. I provide high-quality video editing services for various projects, focusing on compelling storytelling. I have strong experience using Adobe Premiere Pro, After Effects, and DaVinci Resolve. I can help clients create engaging content, from promotional videos to short films and documentaries. My focus is on delivering polished videos that meet client specifications. I am committed to clear communication and timely project completion for every project."
EGY_00365,0.6901439917111125,37.21901866753976,11.179702391659712,Master's Degree,El-Mahalla El-Kubra,SEO Specialist,54.812474389892216,11,10,0,83,98.76476597866112,51.02969260087085,0.5907532959523659,0.9130952139606977,1,37.62067665170816,"I am an SEO Specialist with 11 years of experience in optimizing websites for search engine visibility. I provide comprehensive SEO services, focusing on improving organic rankings and website traffic. I have extensive experience in keyword research, on-page optimization, and technical SEO. I can help businesses enhance their online presence through proven strategies. My goal is to implement effective SEO solutions that drive sustainable results. I am proficient with tools like Google Analytics and SEMrush to analyze performance and identify opportunities."
EGY_00366,-0.40122047188583626,34.50174168628793,13.223985343228794,Bachelor's Degree,Luxor,SEO Specialist,57.068859710935286,9,8,0,70,63.81901659911482,55.47717846897802,0.8200494344440017,0.5254588951591785,0,24.43662209891758,"I am an SEO Specialist from Luxor with 13 years of experience. I provide comprehensive SEO services designed to improve online visibility. I have experience in keyword research, on-page optimization, and technical SEO. I can help with optimizing website content, resolving technical issues, and establishing a stronger organic search presence. My approach focuses on practical implementation and consistent efforts. I aim to deliver dependable SEO support for your projects."
EGY_00367,0.22409248181041677,47.420543142861355,17.694098862308735,High School,Aswan,Administrative Support,32.63846036543186,13,11,1,87,89.66924455287457,43.17920783287729,0.4709346335895429,0.6191103588333304,0,24.303236348698928,"I am an Administrative Support freelancer based in Aswan with 18 years of experience. I provide reliable administrative assistance to individuals and businesses. I have extensive experience in email management, calendar scheduling, and precise data entry. I am proficient with Microsoft Office Suite, including Word, Excel, and Outlook. I can help streamline your daily operations and ensure your administrative tasks are handled efficiently and accurately. I am dedicated to delivering consistent, high-quality support."
EGY_00368,0.01259240078179486,33.90283145298657,10.003100683229308,Bachelor's Degree,Fayyum,Graphic Design,40.669684609434746,10,6,0,64,89.02299785479057,44.75158248801967,0.6649333839769801,0.6638757610922899,1,28.722598036547975,"I am a Graphic Designer from Fayyum with 10 years of experience. I provide professional design services for businesses and individuals. I have experience in logo design, branding, and creating marketing materials. I use tools like Adobe Photoshop and Illustrator effectively. I can help with developing clear and engaging visual content for your projects. My goal is to deliver reliable and high-quality design work to meet your specific needs."
EGY_00369,0.09767609854883172,49.749056474346006,16.52910435426244,Some College,Luxor,Translation,55.855827037134176,10,9,0,95,90.50367418836554,32.26952297277309,0.6066624949241071,0.6506296103837822,1,28.13363543006762,"I am a professional translator based in Luxor, Egypt, with 17 years of experience in the industry. I provide accurate and reliable translation services for various document types. I have extensive experience in legal and technical translation, ensuring precision and cultural appropriateness. I am proficient with CAT tools such as SDL Trados Studio and MemoQ. I can help clients effectively communicate their messages across languages, delivering consistent and professional results. My focus is on meeting client deadlines with high-quality work."
EGY_00370,-0.7730097838554665,45.24559864784307,15.114636372626887,High School,Cairo,Video Editing,15.956185503240725,6,9,0,106,81.6316132727965,46.398540988347285,0.47292312111704593,0.27156360913339755,0,19.150100797440654,"I am a professional video editor based in Cairo with 15 years of experience in the industry. I provide high-quality video editing services for various project types. I have extensive experience using Adobe Premiere Pro and After Effects to create polished and engaging videos. I can help clients transform their raw footage into compelling visual content. My focus is on delivering reliable and efficient editing solutions that meet project requirements. I am committed to producing clear, professional videos that effectively communicate client messages."
EGY_00371,0.024510174258942714,24.672336459434746,3.253009115012973,Some College,Zagazig,UI/UX Design,45.26066647878649,4,5,0,17,56.69930222174781,64.42266651752263,0.6446557815250594,0.30456734749089326,0,23.244339983348322,"I am a UI/UX Designer with 3 years of experience in creating user-centered digital products. I provide UI/UX design services, focusing on intuitive interfaces and engaging user experiences.

I have experience in wireframing, prototyping, and user research. I am proficient with tools like Figma and Adobe XD.

I can help you design responsive websites and mobile applications. My goal is to deliver clear, functional designs that meet project requirements and enhance user satisfaction."
EGY_00372,0.49799829124544975,47.77904686860532,17.23199792765072,Bachelor's Degree,Damietta,Accounting,68.8786065247892,15,11,2,98,93.60435146470556,50.5606717309111,0.5378967837697124,0.6858543868654723,1,40.71735265236273,I am an Accounting freelancer from Damietta with 17 years of professional experience. I provide comprehensive accounting services designed to support your business operations. I have extensive experience in accurate bookkeeping and financial reporting. I am proficient in using industry-standard tools such as QuickBooks and Xero. My focus is on maintaining clear financial records and ensuring compliance with regulations. I am committed to delivering reliable and precise accounting support for my clients. I look forward to assisting you with your accounting needs.
EGY_00373,1.4511436077950417,21.723724732335235,3.723724732335235,Professional Certificate,Ismailia,Digital Marketing,92.19741213541552,9,5,1,33,79.8042018748937,79.52457945334905,0.9043538931380799,0.9451166512520429,1,41.928900782987526,"As an elite Digital Marketing Strategist, I architect bespoke, ROI-driven solutions that consistently accelerate growth for enterprise clients. Leveraging a rigorous data-driven approach, I optimize performance across the full digital spectrum, applying methodologies like Agile and OKRs to deliver measurable impact. My strategic thinking and deep analytical capabilities enable me to consistently increase conversions by over 40% and reduce acquisition costs by 25% on complex, multi-market initiatives. I excel in stakeholder management and fostering cross-functional collaboration, ensuring every strategy is not just scalable, but deeply integrated and poised for sustainable success. My commitment is to transforming complex challenges into strategic advantages."
EGY_00374,0.9592708260852069,44.15839067171813,16.810416524481127,Master's Degree,Alexandria,Accounting,67.29152804794843,15,15,2,100,85.76797969425884,59.30689828146455,0.4314617371299515,0.9392771133585873,1,41.47859119847471,"I am an accounting freelancer based in Alexandria with 17 years of professional experience. I provide comprehensive accounting services designed to support your business operations. I have extensive experience in accurate bookkeeping, financial statement preparation, and utilizing software like QuickBooks. I can help streamline your financial processes and ensure compliance. My aim is to deliver reliable and efficient accounting support, allowing you to focus on your core business. I am available to assist with your accounting needs."
EGY_00375,2.1531824575115563,30.179945391250563,5.085051320876273,Bachelor's Degree,Shubra El-Kheima,Graphic Design,73.03306668026218,12,7,2,51,96.07997347222967,37.92644893927357,0.6675154440666474,0.988263628572,1,48.33848944056907,"As a top 1% Graphic Design expert, I architect visual solutions that transcend aesthetics, focusing on strategic, ROI-driven impact for enterprise clients. My data-driven approach, deeply rooted in Design Thinking methodologies, leverages comprehensive market insights to optimize brand experiences across all touchpoints. I don't just create; I strategically develop scalable visual ecosystems, consistently delivering measurable impact. For complex projects, I've increased conversions by up to 40% through meticulously crafted campaigns and reduced production costs by 25% via optimized asset frameworks. My expertise includes seamless cross-functional collaboration and adept stakeholder management, ensuring creative outputs are perfectly aligned with overarching business objectives. I am dedicated to propelling brands forward through transformative design."
EGY_00376,-0.7673475628880495,46.09517825424223,17.350116509409347,Bachelor's Degree,Shubra El-Kheima,Content Writing,28.888499170196432,10,9,0,82,71.79580522602818,40.01909922477631,0.5283316092063922,0.224168083769206,0,20.262610450669403,"I am a professional content writer based in Shubra El-Kheima, bringing 17 years of experience to my work. I provide high-quality, clear, and effective written content. I have extensive experience in crafting engaging articles, informative blog posts, and compelling website copy. I am proficient in using tools like Grammarly and WordPress for content delivery. I can help businesses and individuals communicate their message effectively and reach their audience with well-structured, original content."
EGY_00377,0.8723206367206782,45.777814083438415,17.66313194705662,Bachelor's Degree,Asyut,Data Entry,64.53388924411921,14,11,0,110,89.61050723044349,57.83427950288749,0.31490215707470465,0.9425631201988305,1,33.66126126729322,"I am a dedicated Data Entry specialist with 18 years of experience. I provide accurate and efficient data entry services. I have extensive experience in transcribing data, managing spreadsheets, and organizing information. I am proficient in Microsoft Excel and Google Sheets. I can help with various administrative tasks, ensuring data integrity and timely completion. My focus is on delivering reliable and high-quality results for every project. I am committed to attention to detail and maintaining confidentiality."
EGY_00378,0.18334200573835174,43.78961280376387,17.754065759300858,Some College,Zagazig,Administrative Support,55.55976329772626,8,14,0,98,91.92515327301359,53.74503806528543,0.5000748365976841,0.8301452331812589,1,29.53260917589728,"I am an Administrative Support freelancer with 18 years of professional experience, based in Zagazig. I provide reliable and efficient support for various administrative tasks. I have extensive experience in data entry, scheduling, and document management. I can help with organizing information and streamlining daily operations. My skills include proficiency with Microsoft Office Suite and Google Workspace. I am committed to delivering consistent, professional support to help your business run smoothly."
EGY_00379,2.1898029332176723,43.280973961825964,18.329665750232323,Bachelor's Degree,Giza,Data Entry,100.0,15,13,3,133,100.0,80.07541672572096,0.4759375499389452,0.9860138970380324,1,46.23343340496287,"As a top 1% Data Optimization Specialist, I architect solutions that transform raw information into strategic, actionable intelligence. My data-driven approach leverages advanced methodologies to optimize data integrity, accuracy, and accessibility, ensuring scalable outcomes for complex, high-volume initiatives. I've consistently delivered measurable impact for enterprise clients, such as increasing data processing efficiency by over 40% and reducing error rates by 25% through rigorous QA protocols and adherence to DAMA-DMBOK principles. My strategic thinking focuses on ROI-driven results, anticipating challenges and facilitating seamless cross-functional collaboration and transparent stakeholder management. I am committed to upholding ISO 27001 data security standards, ensuring every project not only meets but exceeds expectations, delivering tangible value and measurable impact."
EGY_00380,-0.8082982853551515,27.749732451137305,3.819651087026646,High School,Luxor,Graphic Design,47.58357424504476,2,3,1,16,59.00079796623656,30.041597695496066,0.5712448531036779,0.34154459559482386,1,18.569361442857637,"I am a Graphic Design freelancer from Luxor with 4 years of professional experience. I provide high-quality graphic design solutions tailored to various business and individual needs. I have experience in logo design, branding, and developing marketing materials. My skills include proficiency in Adobe Photoshop and Illustrator. I can help clients effectively communicate their message through professional and visually appealing designs. I am committed to delivering reliable, functional design work that meets project requirements."
EGY_00381,-0.8397218421807761,20.58941705764007,0.0,Some College,Ismailia,Graphic Design,38.24523724617327,3,2,0,22,49.966784308033546,61.99306256022987,0.7887250255966783,0.2264385109529001,0,7.220224201048279,"I am a graphic designer based in Ismailia. I provide clear and effective visual solutions to help clients achieve their project goals. I have experience in foundational design principles and using tools such as Adobe Photoshop and Illustrator. I can help with a variety of graphic design needs, including logo design, social media graphics, and basic print layouts. My focus is on delivering functional and professional designs that communicate your message effectively. I am dedicated to providing reliable service and am ready to apply my skills to your next project."
EGY_00382,-0.5993926454440222,30.895365720485167,5.222063714461867,Bachelor's Degree,Mansoura,Data Entry,37.65703778574548,7,3,0,34,73.14365586528491,41.81486494758799,0.44225036264925377,0.3740198501675305,0,7.195326169692057,"I am a dedicated Data Entry freelancer from Mansoura with 5 years of professional experience. I provide accurate and efficient data entry services for various project types. I have experience in Microsoft Excel, Google Sheets, and performing meticulous web research. I can help with data organization, data transcription, and administrative support tasks. My focus is on delivering reliable results and maintaining data integrity. I am committed to assisting clients with their data management needs effectively and precisely."
EGY_00383,-2.123895724309807,23.552784479568277,2.8636309695270037,Some College,Alexandria,Social Media Management,48.288681228375,1,1,0,20,35.65624403328351,21.51829619548608,0.625832203548673,0.09283356447350098,1,6.650725905160078,Hello. i am from Alexandria. i am new social media manager. i very passionate about social media. i will work hard for you. i do my best for your project. i think i can help your business be good. i am dedicated and try my best. i am good team player.
EGY_00384,-0.525755021680761,40.238434844878775,14.275777655819935,Some College,Damietta,Digital Marketing,48.37962267474754,9,13,0,78,72.43764602527419,54.85888386435191,0.7847518035905269,0.5389317217691688,0,23.606353878826443,"I am a Digital Marketing professional with 14 years of experience. I provide comprehensive digital marketing services to help businesses grow their online presence. I have strong experience in SEO, SEM, and Social Media Marketing. I can help with developing effective digital strategies, managing ad campaigns, and optimizing content for better visibility. My goal is to deliver consistent and reliable results for clients. I focus on practical solutions to meet specific business objectives."
EGY_00385,-0.759132661553698,29.075191249209137,8.619783782703685,Some College,Shubra El-Kheima,Digital Marketing,31.925492940919078,3,6,1,39,69.18772151915236,41.16850724069114,0.9536347514656217,0.09169994908085419,0,14.390642523383084,"I am a Digital Marketing freelancer based in Shubra El-Kheima with 9 years of professional experience. I provide comprehensive digital marketing services to help businesses succeed online. I have extensive experience in key areas such as SEO optimization, Social Media Marketing, and managing effective Google Ads campaigns. I can help clients improve their online presence, attract more customers, and achieve their digital marketing goals. I am committed to delivering reliable and professional support."
EGY_00386,0.15039378647620763,49.21952642751728,18.57981380922532,Master's Degree,Zagazig,Web Development,50.00967756122834,13,11,0,101,81.4703159094719,90.29235032638047,0.9753530751100683,0.7341883735844289,1,37.87726556579765,"I am a web developer from Zagazig with 19 years of professional experience. I provide comprehensive web development services, focusing on reliable and functional online solutions. I have experience in full-stack development, utilizing technologies such as JavaScript, PHP, and database management. I can help with building new websites, updating existing platforms, or addressing specific web application needs. My aim is to deliver stable and effective web solutions. I am committed to clear communication and ensuring projects are completed efficiently."
EGY_00387,0.34175597577715944,38.511106475050624,11.666968838520686,Some College,Damietta,Accounting,46.35179223662639,8,7,1,57,72.6602259563856,50.952454842706494,0.4801303064741192,0.4922014229562309,1,32.02687674649846,"I am an accounting professional with 12 years of experience. I provide comprehensive accounting services to businesses. I have experience in bookkeeping, financial reporting, and tax preparation. I am proficient in using QuickBooks and Xero. I can help clients maintain accurate financial records, manage transactions, and prepare necessary reports. My goal is to ensure your accounting needs are handled efficiently and reliably. I am dedicated to delivering accurate financial support."
EGY_00388,1.8761708392158862,44.319378036299554,16.095142806277213,Master's Degree,Giza,UI/UX Design,54.097067329734394,12,16,2,104,100.0,77.79128183429907,0.7981292504722979,0.9690488012298873,0,45.38968887044628,"As a top 1% UI/UX Design expert, I don't just design interfaces; I architect strategic, ROI-driven solutions. Leveraging a data-driven approach rooted in Design Thinking and Lean UX principles, I optimize complex digital ecosystems for enterprise clients. My process, emphasizing seamless cross-functional collaboration and meticulous stakeholder management, ensures scalable and intuitive experiences. I consistently deliver measurable impact, exemplified by increasing conversion rates by over 40% and reducing operational costs by 25% through enhanced usability. My expertise lies in transforming intricate challenges into elegant, high-performing products that accelerate growth and user adoption, meticulously crafting solutions for enduring success."
EGY_00389,0.9504238381860503,22.24078952773915,0.8741879133834438,Some College,Alexandria,Content Writing,67.38286748486398,4,9,2,24,77.75434728328669,50.16779623522669,0.6131268871171506,0.8060825327929062,1,32.15525491519575,"I am a content writer from Alexandria with 1 year of experience. I provide clear and engaging content for various needs. I have experience in writing blog posts, website content, and articles. I can help with crafting well-researched text that meets your project requirements. My skills include content writing, basic SEO principles, and using Google Docs. I am committed to delivering quality work on time and ensuring client satisfaction. I look forward to assisting you."
EGY_00390,-0.5769036556624031,45.58446343272392,20.729755503023902,Some College,Ismailia,Accounting,59.170987330637104,9,12,0,109,93.30861922426585,56.135189277624946,0.6165356787644954,0.42295284025516466,1,30.266180003522066,"I am an experienced Accounting Professional from Ismailia with 21 years in the field. I provide comprehensive accounting services to businesses. I have extensive experience in financial record keeping, payroll processing, and preparing financial statements. I can help with general ledger management, accounts payable and receivable, and tax preparation support. My expertise includes using QuickBooks and Microsoft Excel for efficient financial management. I am dedicated to accurate and timely financial reporting for your business needs."
EGY_00391,-0.898414671348358,47.528230096428615,14.501616003621049,High School,Fayyum,Digital Marketing,20.218207907301593,4,9,0,89,73.50219629984623,43.849799856727316,0.7739547720869231,0.1426167221347192,0,17.248394517283945,"I am a Digital Marketing freelancer from Fayyum with 15 years of experience. I provide comprehensive digital marketing services to help businesses grow online. I have experience in SEO, social media marketing, and content strategy. I can help with website traffic generation, lead acquisition, and brand visibility. My focus is on delivering effective and reliable marketing solutions tailored to your needs. I am proficient with tools like Google Analytics and various social media platforms. I am committed to helping clients achieve their marketing objectives."
EGY_00392,0.4919191715065057,33.585981402205945,9.721069999115016,Bachelor's Degree,Zagazig,UI/UX Design,57.93141353138777,8,7,0,61,74.12373544575895,50.81850929572802,0.989532390895217,0.6800373100332257,0,30.300464550746007,"I am a UI/UX Designer with 10 years of experience in creating user-centered digital products. I provide comprehensive UI/UX design services, focusing on intuitive interfaces and enjoyable user experiences. I have experience in user research, wireframing, and prototyping. I am proficient with design tools such as Figma. I can help with developing effective designs that improve usability and achieve project objectives. My goal is to deliver reliable and functional design solutions for your digital products."
EGY_00393,-1.3202332070206422,37.400094008031274,15.687268843278044,Master's Degree,Suez,Customer Support,23.1274541033144,9,8,0,59,72.5338767757847,21.070630036727124,0.47733135712988306,0.12057066571446944,0,9.089879160082354,hello i am from Suez. i want start my customer support work. i am good person and i will work hard. i am dedicated and a team player. i think i can help you nice. i will do my best for your project. i am passionate for this work.
EGY_00394,1.8314587658543537,42.47391362889586,14.69794786645751,Master's Degree,Fayyum,Content Writing,82.68690674351383,13,10,1,134,100.0,52.33617069623239,0.4270094302573207,0.9709279773206312,1,45.31372642436797,"As a distinguished content architect and strategist, I empower enterprise-level clients to dominate their digital landscapes. I don't just write; I meticulously design and implement scalable content ecosystems, leveraging advanced SEO methodologies and a rigorous data-driven approach. My expertise spans complex content marketing frameworks, enabling cross-functional collaboration and meticulous stakeholder management to solve intricate business challenges. I've consistently delivered measurable impact, evidenced by projects that increased organic search visibility by 60% and directly boosted conversion rates by 40%, simultaneously reducing content production costs by 25%. My focus is on architecting ROI-driven solutions that translate into sustained growth and competitive advantage. If you require a strategic partner to optimize your content strategy and deliver exceptional, quantifiable results, let's connect."
EGY_00395,1.179440120721287,23.5948360723332,2.976823573396932,Master's Degree,Damietta,Content Writing,65.96830024357365,6,4,0,27,78.35452184163046,70.43399983179236,0.6214528569497251,0.8655692185057677,1,36.71695700594681,"As a distinguished top 1% Content Writing expert, I architect solutions that propel enterprise-level clients to unprecedented growth. My strategic, data-driven approach leverages deep insights to optimize content performance across complex digital ecosystems. I specialize in crafting SEO-centric, scalable content strategies that don't just inform, but convert, consistently delivering measurable impact. For a recent initiative, I increased conversions by over 40% and reduced content production overheads by 25% by implementing a bespoke content framework. My expertise extends to cross-functional collaboration and stakeholder management, ensuring seamless execution from ideation to deployment. I transform intricate business objectives into compelling narratives, consistently exceeding expectations and fostering sustainable digital ascendancy."
EGY_00396,-0.4691756521047048,34.08211444683016,8.934377822477243,Bachelor's Degree,Shubra El-Kheima,Graphic Design,29.361818674253414,7,3,0,61,78.58316908299982,23.566700116838135,0.6058874800803893,0.37470667255783346,1,20.974549127947594,"I am a graphic designer with 9 years of professional experience, based in Shubra El-Kheima, Egypt. I provide a range of graphic design services to help businesses communicate effectively. I have experience in creating logos, brand identities, and marketing materials. My work includes designs for digital and print platforms. I am proficient with Adobe Photoshop and Illustrator. I can help clients develop clear and professional visual content that meets their project requirements. I focus on delivering reliable and functional design solutions."
EGY_00397,-1.7131345290908775,30.75721688871402,7.293546769703596,High School,Suez,Content Writing,14.49194492413948,4,4,0,18,45.69568474160688,49.06949818891192,0.4495969009851155,0.04363010889589732,0,8.516767244587154,Hello. i am from Suez. i am good content writer. i am very passionate for my work. i will work hard for you project. i am dedicated and a good team player. i think i can help you with good content. i will try my best to do good work. i do my best always.
EGY_00398,1.3538723741654128,22.68396774919197,4.683967749191972,Bachelor's Degree,Alexandria,Administrative Support,62.00508029263912,13,4,1,47,74.98886722429359,47.303789743459475,0.3796476018332886,0.9398507509615094,1,28.944524084503055,"As a top 1% Administrative Support expert, I don't merely execute; I strategically architect solutions that redefine operational efficiency and drive significant business growth. My data-driven approach, leveraging principles from Agile and Lean Six Sigma, enables me to meticulously analyze workflows, identify critical bottlenecks, and implement scalable, ROI-driven protocols across complex organizational structures. For enterprise clients, this has consistently resulted in delivering measurable impact, including enhancing executive decision-making processes by 40% through optimized information flow and reducing operational costs by 25% through refined resource management. I excel in cross-functional collaboration and nuanced stakeholder management, skillfully coordinating projects for multinational corporations. My expertise lies in transforming administrative functions into strategic assets, ensuring seamless execution and optimizing organizational performance, fostering an environment of proactive problem-solving and sustainable excellence."
EGY_00399,-0.11453984525261789,29.761101513329006,2.6329370853383898,Some College,Ismailia,Data Entry,61.72508440108281,7,3,0,14,71.56680073067119,45.94989806284449,0.36416120318226797,0.4455712457940595,0,14.488171854462022,"I am a professional Data Entry freelancer based in Ismailia with 3 years of experience. I provide reliable and accurate data entry services. I have extensive experience in Microsoft Excel and Google Sheets, and I am proficient in data transcription. I can help with various administrative tasks, including organizing databases, inputting information, and ensuring data accuracy. My focus is on delivering precise work and meeting deadlines consistently. I am available to support your data management needs."
EGY_00400,1.2378163119734618,20.181513900335794,2.181513900335794,Professional Certificate,Shubra El-Kheima,Social Media Management,81.49983744890343,9,6,2,3,63.8662753261162,51.63067666257405,0.7639804216250485,0.9245644157695063,1,35.4086286938587,"As a top 1% Social Media Management expert, I don't merely manage; I architect solutions that transform digital presence into quantifiable business growth. I leverage a data-driven approach, combining deep market insights with sophisticated platform analytics, to craft bespoke, ROI-driven strategies. My expertise in meticulous optimization, grounded in Agile marketing methodologies, consistently delivers measurable impact. For enterprise clients, this has frequently translated into increasing conversions by over 40% and significantly reducing customer acquisition costs by up to 25%. I excel in cross-functional collaboration and stakeholder management, ensuring social initiatives align perfectly with broader strategic objectives. My solutions are designed to be scalable, fostering sustainable brand advocacy and market leadership. Partner with me to transcend conventional social media and cultivate a powerful, revenue-generating asset."
EGY_00401,-1.594427658794367,18.825981022383584,0.0,High School,Asyut,Web Development,22.970106246957517,4,3,0,0,39.74063759540433,31.357161611046244,0.7516751682102125,0.040378532892013624,0,6.82619319573702,"hello, i am web developer from Asyut. i am very passionate about web work. i will try my best for your project. i am good person and work hard. i think i can help you good. i am dedicated and a team player. i do my best always."
EGY_00402,-0.5993750229537729,22.32532125295433,2.0618880933037675,Master's Degree,Suez,Accounting,53.28740899020687,4,2,2,15,51.24675955260703,43.20510741518429,0.5849785267575284,0.578187025581132,0,19.289009569741594,"I am an Accounting freelancer from Suez with 2 years of experience. I provide professional accounting services, including accurate bookkeeping, financial record management, and preparation of financial reports. I have experience in managing accounts payable and receivable. I am proficient in accounting software like QuickBooks and have strong skills in Microsoft Excel. I can help your business maintain organized and compliant financial records. My focus is on delivering reliable support for your financial needs."
EGY_00403,0.005243699718183166,48.81968357085356,17.633321301914812,Master's Degree,Zagazig,Video Editing,48.34681710181101,10,12,1,96,73.9887797392783,56.73496936691183,0.8220480621521189,0.6906853896290062,0,28.905600783178755,"I am a professional video editor based in Zagazig, offering 18 years of experience in post-production. I provide high-quality video editing services for various types of projects. I have experience using industry-standard tools such as Adobe Premiere Pro and DaVinci Resolve. I can help with corporate videos, social media content, and event highlights. My focus is on delivering reliable and timely results that meet your project's specifications. I am ready to assist you with your video editing requirements."
EGY_00404,0.046980593764742055,35.58494514864054,11.728073628725765,Professional Certificate,Port Said,Mobile App Development,47.438081321969264,12,10,0,71,76.56472594360875,27.669582217652046,0.8325138364323318,0.7583731308994377,1,36.19630099708388,"I am a Mobile App Developer based in Port Said with 12 years of experience. I provide professional mobile application development services for both iOS and Android platforms. I have experience in Swift, Kotlin, and Flutter. I can help with building new applications from scratch, adding features to existing apps, and maintaining performance. My focus is on delivering functional and reliable solutions. I am ready to assist with your next mobile development project."
EGY_00405,-0.45006547147924364,48.906309156903035,15.347536790374324,Some College,Giza,Web Development,43.820196333323096,5,6,0,80,84.49100134987668,33.14367445456472,0.8795759510334829,0.34777134113733366,0,26.348830517007915,"I am a Web Development freelancer from Giza, Egypt, with 15 years of experience. I provide professional and reliable web solutions. I have extensive experience in full-stack development, specializing in technologies like React and Node.js. My expertise includes efficient database design and robust API integration. I can help clients develop new web applications, maintain existing systems, and implement custom features. My focus is on delivering high-quality, functional code that meets project requirements. I am committed to clear communication and efficient project delivery."
EGY_00406,0.6228499323474987,31.839932106564223,9.22830459610242,Master's Degree,Mansoura,Administrative Support,62.191001771448846,11,10,0,62,81.32157954179745,72.03241095545296,0.5219776519477699,0.7346621882854075,1,27.1095096827261,"I provide professional administrative support with 9 years of dedicated experience. I have extensive experience in email management, accurate data entry, and efficient scheduling. I am also proficient in using the Microsoft Office Suite. I can help streamline daily operations, organize tasks, and maintain a smooth workflow for your business. My focus is on delivering reliable and consistent support. I am committed to providing precise and dependable administrative assistance, ensuring your needs are met effectively."
EGY_00407,-1.0676204293825944,27.978116258728306,9.978116258728306,Professional Certificate,Luxor,Web Development,28.431245630611066,6,5,0,53,70.68780037668313,47.06682887746903,0.9522181595913607,0.1433894888529281,0,18.372619726024666,hello. i am new web developer from Luxor. i am very passionate for my work. i work hard and do my best always. i think i can help you with your nice project. i will try my best for you. i am dedicated and good team player. i want good work.
EGY_00408,-0.1423794850212935,34.19653961088781,6.991575757347066,Some College,Damietta,Content Writing,48.08296514650283,6,5,0,43,78.59921652695144,10.799208255599197,0.741756222390402,0.7406798545265968,1,18.532369673438364,"I am a Content Writing freelancer from Damietta with 7 years of professional experience. I provide high-quality, engaging content for diverse platforms. I have extensive experience in writing compelling blog posts, website content, and detailed articles. I can help with crafting clear and effective copy tailored to your project requirements. My skills include SEO content creation and precise keyword research. I am proficient with standard content optimization tools to ensure quality. I am committed to delivering well-researched, original content that meets professional standards and deadlines."
EGY_00409,0.12029563171189886,32.06437403625313,8.818036756972669,Some College,Damietta,Graphic Design,59.67765953214372,7,6,1,53,71.34495736501383,57.101991379465474,0.6332888872101323,0.5820287489995748,0,20.54775060687975,"I am a Graphic Designer from Damietta with 9 years of professional experience. I provide high-quality design solutions that help businesses effectively communicate their message. I have extensive experience in creating logos, branding materials, and marketing collateral. I am proficient in Adobe Photoshop, Illustrator, and InDesign. I can help with a range of graphic design projects, ensuring professional results and strong visual communication."
EGY_00410,0.514438834058749,21.381269896375805,0.7047975822322647,High School,Giza,Mobile App Development,59.011978902941706,7,4,0,9,87.37635289784572,40.686291369183444,0.9202192911649629,0.5506568106396466,1,35.96380272023717,"I am a mobile app developer based in Giza with 1 year of experience. I provide mobile application development services for both iOS and Android platforms. I have experience in Swift, Kotlin, and Firebase. I can help with building new apps, adding features to existing ones, and ensuring smooth functionality. My focus is on delivering reliable and well-structured applications that meet client specifications. I aim to provide practical solutions for your mobile development needs."
EGY_00411,0.7116148780888898,38.5064420700866,13.15563965443803,Master's Degree,Suez,Digital Marketing,61.102052192576544,10,8,1,87,84.08628487003526,49.66203538648739,0.8218100788874021,0.901044300373501,1,40.156826439165336,"I am a Digital Marketing freelancer with 13 years of experience, dedicated to helping businesses grow online. I provide comprehensive digital marketing services designed to meet your specific needs. I have extensive experience in search engine optimization (SEO), Google Ads campaigns, and social media management. I can help businesses improve their online presence, attract more customers, and achieve their marketing goals. My focus is on delivering reliable and effective strategies to support your business objectives. Let's discuss how I can assist you."
EGY_00412,-1.1246420918378692,24.913221840307187,4.186228659015816,High School,Shubra El-Kheima,Graphic Design,38.07217076523991,3,1,0,19,53.332673863395506,33.094381088230534,0.6164444106848698,0.13108680608182924,0,13.576032453673015,hello i am graphic designer from Shubra El-Kheima. i am very passionate about design. i am dedicated person. i will work hard and i will do my best. i try my best for all project. i think i can help you with good work. i want to learn more. i am a team player. i will try nice work for you.
EGY_00413,-1.5341141707356223,37.82681455673055,10.613114915949708,Some College,Asyut,Content Writing,33.65534804755176,4,3,0,47,54.91756637161812,54.951482315917524,0.5886019810017971,0.08504369988229052,0,7.568220466792325,"Hello, i am from Asyut. i am content writer. i am very passionate and dedicated person. i am always work hard. i will do my best for your project. i think i can help you. i will try my best always for good results. i am good team player."
EGY_00414,1.277676821898509,38.80643495674091,13.459605543786692,Master's Degree,Port Said,Content Writing,68.5389941423484,8,11,0,93,97.32929238206253,49.691660725032825,0.5988800828540229,0.9008604835275686,1,40.56045040348478,"As a top 1% content architect from Port Said, Egypt, I don't merely produce copy; I engineer high-impact, ROI-driven content strategies designed to elevate your brand's digital presence. I leverage a meticulously data-driven approach, informed by advanced SEO best practices and sophisticated content frameworks like the Pillar/Cluster model, to optimize organic visibility and foster deep audience engagement. My strategic thinking centers on understanding complex business objectives, allowing me to architect scalable solutions that consistently deliver measurable impact.

For enterprise clients, I specialize in cross-functional collaboration and rigorous stakeholder management, translating intricate requirements into compelling narratives. My methodologies have demonstrably increased conversions by 40% and, through streamlined content workflows, reduced operational costs by 25% on multifaceted projects. I am dedicated to empowering your brand to dominate its niche through expertly crafted, performance-driven content."
EGY_00415,0.33231401197959165,22.86479530011674,4.864795300116739,Bachelor's Degree,Asyut,Mobile App Development,50.24289960891239,6,5,2,39,68.29630571815522,32.929367872752785,0.7262300185359584,0.6657533042211938,1,30.394794571178608,"I am a Mobile App Development freelancer based in Asyut with 5 years of experience. I provide professional app development services for both iOS and Android platforms. I have experience in Swift, Kotlin, and Flutter. I can help with building new mobile applications from scratch, improving existing apps, and integrating various APIs. My focus is on delivering functional and reliable mobile solutions that meet client specifications. I ensure clear communication and timely project delivery. I am committed to creating high-quality applications."
EGY_00416,-0.7484865365565536,19.96318806754138,0.7961052570702314,Bachelor's Degree,Port Said,Mobile App Development,40.66473498639405,3,3,0,1,53.07815474471984,47.77294396303221,0.811132160654636,0.27615401521476923,0,18.17401463153671,"I am a mobile app developer from Port Said with one year of experience. I provide professional development services for both iOS and Android platforms. I can help businesses and individuals bring their ideas to life by creating functional and user-friendly mobile applications. I have practical experience in native development using Swift for iOS and Kotlin for Android. My focus is on delivering reliable, efficient, and well-structured applications that align with project goals. I am committed to clear communication and timely delivery."
EGY_00417,1.551151975522523,42.984370754190074,16.43013833681041,Master's Degree,Damietta,Customer Support,57.327642334604846,13,12,2,117,98.51502321063315,68.19355937126026,0.6496164526766879,0.9654507520047912,1,42.08690092503123,"As a top-tier Customer Support architect, I leverage a data-driven approach to transform customer experiences into significant business growth. I don't just solve problems; I architect strategic, scalable solutions designed to optimize operational efficiency and elevate customer satisfaction. My expertise spans complex projects for enterprise clients, where I've consistently delivered measurable impact, such as increasing conversions by 40% and reducing support costs by 25% through Lean Six Sigma principles and ITIL-aligned processes. I excel in cross-functional collaboration and meticulous stakeholder management, ensuring seamless implementation and ROI-driven outcomes. My methodologies are rooted in optimizing every customer touchpoint, from proactive support strategies to post-resolution analysis, ensuring a superior customer journey. I am committed to redefining support as a powerful revenue driver, not merely a cost center."
EGY_00418,0.11567463429285867,32.71361356061824,6.241622220628617,Master's Degree,Luxor,Translation,49.63189955935433,11,6,1,30,68.69594329605651,69.49314419280253,0.6537716615671118,0.4853814096322497,0,21.45412345601602,"I am a professional translator with 6 years of experience. I provide accurate and reliable translation services. I have experience in legal, marketing, and general document translation. I can help with English to Arabic and Arabic to English language pairs. I am proficient in using CAT tools such as Trados Studio and MemoQ. My focus is on delivering high-quality translations that meet your requirements. I am ready to assist with your translation projects."
EGY_00419,1.1792971840638264,19.861241456175225,0.0,Some College,Asyut,SEO Specialist,42.97385867781479,6,6,0,9,73.05926007582686,58.85905762099555,0.6420064084284509,0.7090512628722084,1,31.84559404748683,"As a top 1% SEO Specialist from Asyut, Egypt, I architect solutions that transcend mere keyword rankings. My expertise lies in leveraging a holistic, data-driven approach to optimize complex digital ecosystems. I implement strategic, scalable methodologies rooted in Google's E-A-T guidelines, ensuring measurable impact and sustained growth. Through meticulous analytics and cross-functional collaboration, I've consistently delivered ROI-driven results for enterprise clients, increasing conversions by 40% while reducing acquisition costs by 25%. My proficiency extends to sophisticated stakeholder management, navigating intricate project landscapes to achieve ambitious business objectives. I empower businesses to dominate their search landscapes, translating strategic insights into unparalleled organic visibility and revenue."
EGY_00420,0.06751848141010895,49.83572214943255,20.046245845420284,Some College,Port Said,SEO Specialist,34.254859386786634,9,14,0,117,87.14276515793846,68.97248066480128,0.6984257851467367,0.1986247017250773,0,28.344713203025265,"As an SEO Specialist from Port Said with 20 years of experience, I help businesses enhance their online presence. I provide comprehensive SEO services focused on driving organic search growth. I have extensive experience in keyword research, on-page optimization, and technical SEO audits. I can help clients develop and implement effective strategies to improve search engine rankings. My aim is to deliver consistent and reliable results for your website. I am proficient with tools like Google Analytics and SEMrush."
EGY_00421,2.060747924881987,19.848977951883732,1.8489779518837324,Bachelor's Degree,Asyut,UI/UX Design,62.649360379062706,8,10,3,53,80.15458152130873,74.97300406435802,0.8971389889427543,0.9284173579254267,1,47.80005246687121,"As a top 1% UI/UX Design expert from Asyut, I architect sophisticated, ROI-driven digital experiences. I leverage a data-driven approach, employing methodologies like Design Thinking and Lean UX, to transform complex challenges into intuitive, scalable solutions. My strategic focus on user behavior and business objectives consistently delivers measurable impact; for instance, I’ve optimized interfaces that increased conversions by 40% and streamlined workflows, reducing operational costs by 25% for enterprise clients. I excel in cross-functional collaboration and meticulous stakeholder management, ensuring seamless project execution from concept to launch. My expertise extends to adhering to WCAG standards, crafting accessible designs that resonate globally. Let's optimize your digital product for unparalleled user engagement and robust growth."
EGY_00422,1.7553408424432044,40.241127323473705,14.055903091655543,Master's Degree,Aswan,Social Media Management,86.80363006117858,13,14,0,89,100.0,79.00081673777426,0.694340568754222,0.964132000923454,1,46.00447818123785,"As an elite-tier Social Media Management expert, I architect bespoke, ROI-driven strategies that transcend conventional digital marketing. Leveraging a meticulous data-driven approach, I optimize complex social ecosystems, transforming raw insights into scalable solutions. I consistently deliver measurable impact, employing agile methodologies and advanced A/B testing protocols to ensure maximum efficiency. My strategic interventions have historically increased client conversion rates by over 40% and reduced acquisition costs by 25% across diverse enterprise portfolios. I specialize in cross-functional collaboration and adept stakeholder management, ensuring seamless execution from ideation to implementation. My expertise lies in crafting sophisticated social narratives that build brand equity and directly contribute to bottom-line growth, positioning clients for unparalleled success in competitive markets."
EGY_00423,-0.2489641484790735,49.47772560842924,18.260519304011236,Master's Degree,Damietta,Graphic Design,46.40535593250715,11,12,1,103,82.55295776017483,71.37158252349514,0.7299910952490805,0.5416343954668138,0,25.794075972632246,"I am a graphic design freelancer based in Damietta with 18 years of professional experience. I provide clear and functional design services to help clients effectively communicate their message. I have extensive experience in logo design, brand identity, and creating marketing materials. I am proficient with Adobe Photoshop and Illustrator. I can help with various design projects, focusing on delivering reliable and well-structured visual solutions. My goal is to ensure your project requirements are met with attention to detail and efficiency."
EGY_00424,0.9715709509543554,25.65376333490962,4.5908408117924795,Master's Degree,Giza,Digital Marketing,51.95307403215199,10,10,1,29,79.67038995688927,59.15013284036467,0.8034128118794674,0.7815854664975972,1,38.114669344659774,"I am a Digital Marketing freelancer operating from Giza, Egypt, with 5 years of professional experience. I provide comprehensive digital marketing services to help businesses enhance their online presence. I have experience in search engine optimization (SEO), social media marketing, and email campaigns. I am proficient with tools like Google Analytics and various content management systems. I can help clients implement reliable marketing solutions to attract and engage their target audience effectively."
EGY_00425,0.6453759495851475,22.551979797990278,0.2303724108547316,Master's Degree,Tanta,Web Development,64.59129967823078,8,5,0,7,59.683384188225986,73.41450493015287,0.9215411402730124,0.9050909709243209,1,33.81573842413023,"I am a Web Developer based in Tanta, ready to help businesses establish a strong online presence. I provide web development services focused on creating functional and user-friendly websites. I have experience with core technologies including HTML, CSS, and JavaScript. I can help clients build new websites or update existing ones. My goal is to deliver reliable and well-structured code. I am committed to understanding project requirements and ensuring client satisfaction. I am eager to take on new projects and deliver professional results."
EGY_00426,1.3686315575323487,21.884318061517725,3.539621489621368,Some College,Port Said,Content Writing,80.41601815665041,11,7,1,50,75.43822759253256,57.21960011431806,0.5834107317153616,0.9269396871288023,1,33.21684995524855,"As a top 1% content strategist, I architect high-impact, data-driven content solutions designed for tangible business growth. I leverage a rigorous understanding of SEO best practices and advanced content marketing frameworks to optimize the entire content lifecycle, ensuring every piece serves a strategic, ROI-driven purpose. My approach involves meticulous stakeholder management and seamless cross-functional collaboration, particularly on complex projects for enterprise-level clients. I don't just write; I identify pain points and implement scalable content strategies that have demonstrably increased organic traffic by 40% and significantly improved lead conversion rates by 25% for my clients. My commitment is to delivering measurable impact, transforming content into a powerful engine for sustained success."
EGY_00427,-0.9649234605801045,27.704804722163058,7.5875489579446525,Master's Degree,Luxor,Content Writing,40.61100365277217,5,9,0,44,51.8716043311905,41.83400278148237,0.4804891439739794,0.10914571369749453,0,15.283220446009386,"I am a professional Content Writing freelancer based in Luxor with 8 years of experience. I provide high-quality, clear, and effective content for various digital platforms. I have extensive experience in writing articles, blog posts, and website copy. My skills include SEO writing and proficiency with WordPress. I can help clients achieve their communication goals by delivering well-researched and engaging text. I am reliable and committed to producing consistent work on schedule."
EGY_00428,0.6860514599984393,21.233465952340694,1.0358989057382555,Professional Certificate,Port Said,Translation,58.40367061505073,11,0,0,32,83.24983042548641,36.5627299447319,0.6192234885468259,0.7702104469448728,1,30.81540474875187,"I am a freelance translator from Port Said with one year of experience. I provide reliable translation services for various content types, specializing in English to Arabic and Arabic to English. I have experience in document translation and general content localization. I can help with ensuring your texts are accurately and culturally appropriate. I am proficient in CAT tools like SDL Trados and skilled in using Microsoft Office Suite. I am committed to clear communication and timely delivery."
EGY_00429,1.0584244868495878,40.14916293421222,12.349413465008329,Master's Degree,Port Said,Graphic Design,68.20123348693748,10,9,1,91,100.0,55.13629430750659,0.6278247981992591,0.9104596781702587,1,34.5023076642185,"As a top 1% Graphic Design expert, I architect visually compelling and strategically potent brand experiences that drive tangible business growth. Leveraging a data-driven approach and deeply rooted in Design Thinking methodologies, I don't merely create aesthetics; I engineer scalable solutions designed to optimize engagement and deliver measurable ROI. My expertise shines in transforming complex business challenges for enterprise clients, where my strategic branding initiatives have demonstrably increased conversion rates by 40% and, through streamlined asset development, reduced production costs by 25%. I excel in cross-functional collaboration and adept stakeholder management, ensuring seamless project execution from initial concept to successful deployment. My commitment is to consistently deliver impactful, ROI-driven results on intricate, large-scale projects."
EGY_00430,-1.7587394864231143,19.993337540162006,1.7277589834013005,Master's Degree,El-Mahalla El-Kubra,Social Media Management,32.63387303508061,2,4,0,0,49.7679155571003,13.024597280050461,0.48521131061431555,0.02698626645212019,0,3.6209208069483743,hello i am from el-mahalla el-kubra. i am social media manager. i am very passionate. i think i can helps your business. i will try my best to do good work for you. i am dedicated and work hard. i am good team player. i do my best always.
EGY_00431,-1.183258512665775,34.30150810079327,8.90746538839477,High School,Aswan,Graphic Design,27.558663933386814,8,7,0,33,78.73743471825304,54.11218689683176,0.5954341006788568,0.14749211323285155,0,12.107574722315388,"Hello, i am a new graphic designer from Aswan. I am passionate for graphic design. I work hard and i will try my best for your project. I am dedicated person. I think i can help you. I always do my best. i make nice work."
EGY_00432,-2.0392321777601006,49.89429932329526,19.00431436472551,Some College,Giza,Customer Support,19.71018656617675,8,13,0,91,74.27643818055226,51.61118928114182,0.5852289689452812,0.07536649202518612,0,8.666797569226459,Hello. i am from Giza. i want to start work in customer support. i am good person and i work hard. i am passionate about help peoples. i will try my best for you. i think i can help. i am a team player. i do my best always.
EGY_00433,-0.26940683444455776,44.0470486241926,19.82767275284859,Some College,Fayyum,Accounting,43.38696703726732,6,11,0,90,85.67163483563672,41.44658882168619,0.3583835618734055,0.6726442755558767,1,31.974317375332205,"I am an Accounting freelancer based in Fayyum, Egypt, with 20 years of professional experience. I provide comprehensive accounting services for businesses. I have extensive experience in bookkeeping, financial reporting, and preparing financial statements. I am proficient with common accounting software such as QuickBooks and Microsoft Excel. I can help clients maintain accurate financial records and ensure compliance with regulations. My goal is to offer reliable and consistent support to manage your financial operations effectively."
EGY_00434,0.7175422557959623,37.687022023392345,11.318161812543412,Master's Degree,Suez,Data Entry,44.628975310414575,10,8,1,62,87.13282261350811,47.01493433353518,0.29704754848042064,0.596266582655186,1,27.853846705793476,"I am a dedicated Data Entry specialist with 11 years of professional experience. I provide accurate and efficient data entry services to help businesses organize their information. I have experience using Microsoft Excel, Google Sheets, and various CRM systems. I can help with data transcription, database management, and ensuring data integrity for your projects. My focus is on delivering high-quality, reliable results promptly. I am committed to supporting your data management needs effectively and consistently."
EGY_00435,1.502357052096028,27.800115865171573,5.163389215060499,Some College,Cairo,UI/UX Design,81.70103758788343,11,7,1,62,93.65494518738416,48.319117174502786,0.8137133401319216,0.9486393556448155,1,43.52071502406723,"As a top 1% UI/UX Design expert based in Cairo, Egypt, I architect elegant, scalable digital solutions that redefine user engagement and deliver exceptional ROI. My strategic, data-driven approach leverages deep expertise in Design Thinking and Lean UX methodologies to optimize complex user journeys. I specialize in transforming intricate business challenges into intuitive, high-performing interfaces for enterprise-level clients, often necessitating seamless cross-functional collaboration and adept stakeholder management.

My impact is consistently measurable: I’ve increased conversions by 40% and reduced operational costs by 25% for diverse platforms. I prioritize accessibility standards (WCAG) and contemporary design systems, ensuring every pixel is purpose-driven. If you seek a partner to elevate your product vision with measurable impact and sophisticated execution, let’s connect."
EGY_00436,0.07409478041977519,37.96466676133243,10.683716445529141,Master's Degree,Tanta,Mobile App Development,71.68414035623672,6,8,0,59,69.72399307242772,54.8572580065683,0.9905718643394266,0.7875951398622254,0,31.558358268482664,"I am a Mobile App Development freelancer with 11 years of experience. I provide professional services for creating high-quality mobile applications across various platforms. I have extensive experience in developing both iOS and Android native apps using Swift and Kotlin, as well as cross-platform solutions with Flutter. I can help you throughout the entire development lifecycle, from concept to deployment. My focus is on delivering reliable, user-friendly, and functional mobile apps that meet project requirements effectively."
EGY_00437,1.6286155455712918,34.86532684517285,11.607580050103586,Professional Certificate,Port Said,Digital Marketing,65.69128697115748,13,13,1,88,84.3149832327358,60.50909122682934,0.849997606893382,0.9792743759674605,1,47.26173226588372,"As a Top 1% Digital Marketing expert, I architect sophisticated, ROI-driven strategies designed to transform marketing spend into predictable, accelerated revenue growth. Leveraging a data-driven approach, I specialize in optimizing complex digital ecosystems, applying methodologies like Agile Marketing and the AARRR framework to deliver measurable impact. My strategic acumen has consistently led to increased conversions by 40% and reduced customer acquisition costs by 25% for enterprise clients navigating intricate market landscapes. I excel at cross-functional collaboration and meticulous stakeholder management, developing bespoke, scalable solutions that not only achieve immediate objectives but also build long-term competitive advantage. My expertise is rooted in understanding the ""why"" behind performance, enabling me to solve critical business challenges and deliver unparalleled digital transformation."
EGY_00438,-1.3801014582148914,31.634668284491887,7.818352624258927,Bachelor's Degree,Mansoura,Social Media Management,38.925280475639624,5,7,0,38,61.17514768727897,25.208037381197286,0.8001634618629974,0.06150465957975134,0,9.630583083853882,"hello, i am from Mansoura. i want to be social media manager. i am passionate for social media. i am dedicated person and i work hard. i will do my best for your project. i think i can help you good. i am team player and i will try my best for your company."
EGY_00439,-1.7033824393551547,22.182732055686383,1.2108931567689778,Bachelor's Degree,Port Said,Mobile App Development,16.029325612056674,4,1,0,0,40.087717473212024,54.003239989217164,0.8707781848726217,0.036433485727190566,0,9.421291630803598,"hello, i am from Port Said. i love mobile app development. i am very passionate and work hard. i will do my best for your project. i think i can make good app. I am a dedicated and nice person. i will try my best work."
EGY_00440,-0.05554769889661878,46.371334887694935,19.665408997162984,Some College,El-Mahalla El-Kubra,Digital Marketing,50.494662667321364,9,11,0,91,70.86342556711048,44.88744784004784,0.7290819565532967,0.6413784626851483,1,34.088429057496896,"I am a Digital Marketing professional based in El-Mahalla El-Kubra with 20 years of experience. I provide practical digital marketing services to help businesses improve their online presence. I have extensive experience in Search Engine Optimization (SEO), social media marketing, and email campaigns. I can help with managing Google Ads and analyzing website performance using Google Analytics. My focus is on delivering reliable strategies tailored to client needs. I am committed to providing consistent support and achieving client objectives."
EGY_00441,0.3840654489393073,32.393108762282324,11.475071266396668,Some College,Asyut,Accounting,70.84110447198738,11,7,1,73,71.10979461370353,63.40852894235174,0.6343306674432956,0.8080989064840559,1,32.57900064957221,"I am an Accounting freelancer based in Asyut, with 11 years of professional experience. I provide a range of accounting services to support businesses in managing their finances effectively. I have experience in financial reporting, meticulous bookkeeping, and payroll management. I can help with ensuring accurate financial records and timely compliance. My skills include QuickBooks and Microsoft Excel for efficient data handling. I am committed to delivering reliable accounting solutions for your business needs."
EGY_00442,-0.03269474809409311,24.227920378264482,2.535905095481279,Master's Degree,Suez,Administrative Support,44.3051889246675,6,3,0,37,60.98551536745263,50.40207937159006,0.3600632720162744,0.40784067114076455,0,16.832662252216455,"I am an administrative support professional with 3 years of experience providing reliable assistance to various businesses. I can help clients with essential tasks such as email management, scheduling, and data entry. I am proficient in Microsoft Office Suite and Google Workspace. My focus is on delivering accurate and timely support, ensuring daily operations run smoothly. I am committed to clear communication and helping clients organize their administrative needs effectively. I aim to be a dependable resource for your team."
EGY_00443,-2.0674421000398766,29.768299228073268,3.3278996341227276,Bachelor's Degree,Mansoura,Video Editing,18.841504355483117,5,3,0,4,44.702938488768545,4.8626136894149745,0.5022616749765363,0.018589992878992774,0,3.0,hello i am from Mansoura. i am new in video editing. i think i can help you with your video. i am very passionate and dedicated. i will work hard and do my best for your project. i am good team player. i try my best always to make nice work. i will learn fast.
EGY_00444,-0.08912003951278841,31.252152080925665,9.966318628229242,Bachelor's Degree,Tanta,Accounting,30.64816944222741,13,10,0,60,74.68203034228237,21.25735393327496,0.43449102248319815,0.4852547997208246,1,29.755295121417333,"I am an accounting professional from Tanta with 10 years of experience. I provide reliable financial accounting and bookkeeping services to businesses. I have extensive experience in preparing financial statements, managing accounts payable/receivable, and using QuickBooks and Excel. I can help businesses maintain accurate financial records, ensure compliance, and support their financial operations efficiently. My focus is on delivering consistent and precise accounting support. I am available to assist with your accounting requirements."
EGY_00445,-1.3044695005048532,44.48121265813998,14.519467943363981,Some College,Mansoura,UI/UX Design,23.790914052964887,10,5,0,57,84.776077631881,41.65919687437693,0.9088884620965061,0.11774177376979075,0,15.825215340091733,"hello, i am from Mansoura. i am new UI/UX design. i am very passionate and want do good work. i am work hard and dedicated person. i will try my best for your project. i think i can help your team. i want to learn and do nice designs."
EGY_00446,0.6696725488300385,41.47566017796487,15.666647305104458,High School,Fayyum,Customer Support,40.98236501244352,12,11,0,87,88.53569439234832,83.59772839896252,0.416541942252284,0.8403352123150585,0,27.91291685657119,"I am a customer support professional from Fayyum with 16 years of experience in various industries. I provide reliable and efficient customer service, technical support, and user assistance. I have extensive experience in handling customer inquiries, managing support tickets, and utilizing CRM software effectively. My background includes resolving complex issues and guiding customers through processes. I can help businesses maintain positive customer relationships and ensure operational smoothness through consistent and professional support."
EGY_00447,0.36659824609684827,42.617756596522874,10.830446322490051,Some College,Giza,SEO Specialist,59.79075489020271,14,7,1,70,82.13665586099239,59.12399198446969,0.8000603408516268,0.6234282425688559,1,34.33091650253071,"I am an SEO Specialist based in Giza with 11 years of experience. I provide professional SEO services to enhance online presence. I have extensive experience in keyword research, technical SEO, and on-page optimization. I am proficient with tools like Google Analytics and SEMrush. I can help with improving search engine rankings and increasing organic website traffic. My focus is on delivering consistent and reliable results for clients."
EGY_00448,-0.9398797863273552,18.35300046171671,0.35300046171671084,Professional Certificate,Luxor,Accounting,44.21817879460544,4,3,0,12,38.123566610305545,48.08279531183377,0.5648450283651054,0.09340877745364949,0,14.444644441611695,"I provide accurate accounting support for businesses. I can help with tasks such as data entry and bookkeeping. I have experience using Microsoft Excel. Based in Luxor, I am committed to delivering reliable and organized financial services. My focus is on maintaining clear and precise financial records. I am ready to assist clients with their accounting needs and contribute to their financial organization."
EGY_00449,-0.5138669173366935,31.31692794175237,5.567812906489857,Some College,Zagazig,UI/UX Design,40.075647374241555,4,4,0,39,62.963965879845645,30.263002408177478,0.9101739649544595,0.4368928761141015,0,24.21727505894733,"I am a UI/UX Designer with 6 years of experience. I provide professional design services to create intuitive and engaging digital products. I have experience in user research, wireframing, and prototyping. I use tools like Figma and Sketch to bring ideas to life. I can help with improving user journeys and designing user-friendly interfaces. My goal is to deliver clear and functional design solutions that meet project requirements. I am reliable and focused on delivering quality work."
EGY_00450,-1.0592135218889516,33.403012852330356,10.703335949531262,Bachelor's Degree,Luxor,SEO Specialist,36.97066684423365,6,2,0,35,68.13646025078151,52.51285286827771,0.5894617818634937,0.4076372110009669,1,18.378404620287878,hello i am seo specialist from luxor. i am very passionate about seo. i am good person and very dedicated. i will do my best for your project. i work hard. i think i can help you. i will try my best to be a good team player for your good work. nice to meet you.
EGY_00451,-0.06267909727317188,18.614152858337814,0.3970378506755566,Master's Degree,Zagazig,Digital Marketing,45.80250898839795,7,5,0,7,48.966689955432095,64.28541765595251,0.6874484343317991,0.6193049094432382,1,23.67626102408452,"I provide comprehensive digital marketing support. I have experience in Social Media Marketing, Search Engine Optimization (SEO), and content creation. I am skilled in using tools like Google Analytics and various social media platforms. I can help clients improve their online presence, reach target audiences, and engage effectively through digital channels. My goal is to deliver clear, effective marketing strategies. I am dedicated to learning and applying the latest industry best practices to achieve positive outcomes for your projects. I am ready to start contributing to your team's success."
EGY_00452,0.9551423205012383,26.314022679841095,3.080534769111367,Some College,Tanta,SEO Specialist,71.73258846626294,9,5,0,23,66.70028968158378,51.018730761452176,0.7453989064379545,0.8192935398241362,0,27.313734083878472,"I am an SEO Specialist with 3 years of experience, based in Tanta. I provide professional SEO services to enhance online visibility for businesses. I have experience in keyword research, on-page optimization, and technical SEO. I can help with developing effective SEO strategies and implementing best practices. I am proficient with tools like Google Analytics and SEMrush. My aim is to help clients improve their organic search rankings and achieve their online goals."
EGY_00453,-0.9857260463355437,42.329274339908324,13.783491978091433,Bachelor's Degree,Ismailia,Mobile App Development,36.50872865621883,5,7,0,68,74.73132657447668,46.35241905147039,0.8069040093299846,0.32656859118298565,1,28.059629622195878,"I am a mobile app development freelancer with 14 years of experience based in Ismailia. I provide comprehensive services for building robust mobile applications. I have extensive experience in native iOS and Android development, utilizing Swift, Kotlin, and Flutter. I can help clients build user-friendly mobile applications, from initial concept to deployment. I am committed to delivering high-quality and reliable solutions that meet project requirements."
EGY_00454,0.5040465155178444,22.38751058332797,4.005143263910183,Master's Degree,Suez,UI/UX Design,37.70406417473207,5,6,0,33,66.67756993654842,29.55229042611962,0.5506649951517316,0.5413141684500112,1,32.90037565777855,"I am a UI/UX Designer from Suez with 4 years of experience in creating intuitive digital products. I provide comprehensive UI/UX design services, focusing on user-centered methodologies. I have experience in wireframing, prototyping, and conducting user research to ensure optimal user experiences. I am proficient with industry-standard tools like Figma and Adobe XD. I can help with transforming ideas into clear, functional, and visually appealing designs for web and mobile applications. My aim is to deliver reliable design solutions for your project."
EGY_00455,-0.5302576183724408,35.12992420648293,10.489743430120228,Bachelor's Degree,Ismailia,Content Writing,51.44594390534159,6,7,1,69,69.61170478937613,54.49558808091551,0.46277405475902056,0.4256899153424979,1,24.183902139634057,"I am a professional content writer with 10 years of experience providing high-quality written content. I have extensive experience in creating engaging blog posts, informative website content, and well-researched articles. I can help with crafting SEO-optimized text to improve visibility and conducting thorough research to ensure factual accuracy. My services are designed to meet diverse client requirements efficiently. I am reliable and committed to delivering clear, effective content consistently. I often use tools like Grammarly to maintain high standards."
EGY_00456,-0.7928728322623442,24.8864599045516,5.300701903675929,Self-Taught,Luxor,Mobile App Development,34.2114795702333,6,5,0,33,64.34854468456228,31.899262226151187,0.7386743305979007,0.15373037193152014,0,23.515469780590088,I am a mobile app developer based in Luxor with 5 years of experience. I provide professional mobile application development services for clients seeking reliable solutions. I have experience in native iOS (Swift) and Android (Kotlin) development. I can help with building robust and user-friendly mobile applications from concept to deployment. My focus is on delivering functional and stable apps that meet project requirements. I am dedicated to clear communication and timely project completion to ensure client satisfaction.
EGY_00457,-0.10703035995455783,18.387864788604585,0.38786478860458473,High School,Zagazig,Digital Marketing,35.690749888597594,6,0,0,25,75.80647095772783,30.308698626894994,0.646085386963958,0.5038471133623952,1,24.040877453680157,I am a Digital Marketing Freelancer dedicated to helping businesses enhance their online visibility. I provide support in various digital marketing areas. I have experience in social media marketing strategies and basic search engine optimization (SEO) techniques. I am also familiar with content creation tools. I can help with managing social media presence and optimizing website content for better reach. My goal is to deliver reliable assistance to meet your marketing needs. I am committed to providing effective support for your projects.
EGY_00458,-1.035242322419374,25.718446643185327,1.5025847624890933,Master's Degree,Alexandria,Social Media Management,30.082025440269362,4,3,0,2,50.12717231091276,43.61669148584757,0.718178318183463,0.18923055626656568,0,10.129113739391832,Hello. i am from Alexandria. i am passionate about social media management. i am very dedicated person. i will work hard for you. i try my best for your project. i think i can help make your social media good. i am good team player. i will do my best for good work for you.
EGY_00459,-0.553649305347182,49.22796015712172,21.97120124421028,Bachelor's Degree,El-Mahalla El-Kubra,Graphic Design,22.67456393432787,9,7,0,101,100.0,16.780258859099135,0.6837048690844746,0.6633274418594064,1,26.55775012484883,"I am a graphic designer based in El-Mahalla El-Kubra with 22 years of professional experience. I provide a range of graphic design services to meet diverse client requirements. I have extensive experience in logo design, brand identity development, and creating marketing materials. I am proficient with industry-standard tools like Adobe Photoshop and Illustrator. I can help you create clear and effective visual content for your projects, delivering reliable design solutions tailored to your needs."
EGY_00460,-1.1978778925888485,43.64918758025567,15.598224423199827,Bachelor's Degree,Tanta,Mobile App Development,19.532938498776844,11,9,0,93,55.74836841854652,40.76166900045867,0.866222461337816,0.14219677431718142,0,23.52404410948894,Hello. i am from Tanta. i am new in mobile app development. i am very passionate for this work. i will try my best for your project. i am good and dedicated person. i think i can help you with app. i work hard and do my best to complete a good work. i am nice team player.
EGY_00461,1.9647251329163893,48.70645261827307,16.626303474317584,Master's Degree,Tanta,SEO Specialist,80.90037309489972,12,15,2,113,100.0,56.59251465182324,0.9008669008239166,0.9904225870657288,1,49.46557937656326,"As a top 1% SEO Specialist, I architect robust, ROI-driven strategies that transcend conventional keyword optimization. My data-driven approach leverages advanced analytics to engineer scalable SEO ecosystems, ensuring sustained organic growth and market dominance for enterprise-level clients. I don't merely chase rankings; I implement sophisticated methodologies like E-A-T principles and rigorous Core Web Vitals optimizations, translating complex technical audits into actionable strategic roadmaps.

My expertise lies in delivering measurable impact, consistently increasing organic conversions by 40% and optimizing resource allocation to reduce operational costs by 25% across diverse, complex projects. Through meticulous stakeholder management and seamless cross-functional collaboration, I ensure every SEO initiative is deeply integrated with broader business objectives, propelling brands toward their strategic goals with unparalleled efficiency and precision."
EGY_00462,0.03526355197172861,33.6113294056436,6.706170391908181,Some College,Cairo,Translation,52.79607014298159,10,3,0,36,67.73917745081772,30.229020775182853,0.6675224455567834,0.5926639975766017,0,23.05564799901608,"I am a professional translator based in Cairo with 7 years of experience. I provide high-quality translation services for Arabic and English language pairs. I have experience in various fields including legal, marketing, and technical documents. I am proficient in using industry-standard CAT tools such as SDL Trados and MemoQ. I can help you achieve accurate and culturally appropriate communication for your global audience. My focus is on delivering reliable and precise translations on every project."
EGY_00463,-0.6997255079925856,21.511558357680112,1.7286942330540003,Bachelor's Degree,Cairo,Data Entry,42.5685057226629,6,3,1,17,51.33611439710796,42.501088324784234,0.48018192902010526,0.2117118994906398,0,5.985970857546123,"I am a professional Data Entry freelancer based in Cairo with 2 years of experience. I provide reliable and accurate data entry services to support your business needs. I have experience in various tasks including data compilation, web research, and database maintenance. My skills include proficiency in Microsoft Excel and Google Sheets. I can help with organizing information and ensuring data integrity for your projects. My focus is on delivering high-quality and efficient results, helping you manage your data effectively."
EGY_00464,0.213979910734222,35.534703647158175,12.364122412143823,High School,Giza,Accounting,53.241797338648304,12,10,0,82,85.95052333001277,49.97949006608765,0.4004733939998576,0.6998480670564156,1,35.15882604324504,"I am an accounting freelancer from Giza with 12 years of experience. I provide reliable accounting and bookkeeping services. I have experience in financial reporting, accounts payable/receivable management, and general ledger reconciliation. I am proficient with QuickBooks and Excel. I can help businesses maintain accurate financial records and ensure compliance with financial standards. My goal is to provide precise and timely financial support to your operations."
EGY_00465,-0.11232804969082982,32.54007470591875,8.46894658279618,Master's Degree,Zagazig,Content Writing,41.38642801991743,6,5,1,53,69.86317405420421,70.50390517006764,0.6059539936230994,0.6683205585005382,1,25.995666211653592,"I am a professional content writer with 8 years of experience in creating effective digital content. I provide well-researched articles, engaging blog posts, and clear website copy. I have experience in SEO content writing and keyword research, ensuring your content is both compelling and optimized. My goal is to deliver accurate, high-quality writing that aligns with your specific requirements. I am committed to meeting deadlines and communicating effectively throughout the project. I can help with a variety of content needs to support your online presence."
EGY_00466,-0.22096959953322298,45.019426647667714,19.233965849095323,Bachelor's Degree,Aswan,Accounting,46.140864612396,10,12,0,97,70.44162609916502,28.07634605376203,0.5798696662321267,0.5542767608781466,1,34.880382609108665,"I am an Accounting freelancer from Aswan with 19 years of experience in financial management. I provide comprehensive accounting services to businesses. I have extensive experience in bookkeeping, financial reporting, and payroll processing. I can help with managing accounts payable and receivable, reconciling statements, and preparing financial statements. I am proficient in using QuickBooks and Microsoft Excel for various accounting tasks. My focus is on delivering accurate and reliable financial support."
EGY_00467,0.6141667000434252,21.138642585095827,0.0,Master's Degree,Giza,SEO Specialist,54.84042603117253,6,0,1,11,53.43471301442959,77.99581776799174,0.6584772770739179,0.6544831055054522,0,24.402412139545063,"I am an SEO Specialist based in Giza, ready to help improve your website's online presence. I provide core search engine optimization services designed to increase organic visibility. I have practical experience in performing keyword research, optimizing website content for on-page SEO, and analyzing data using tools like Google Analytics. I can help businesses ensure their websites rank better in search results and attract relevant visitors. My aim is to offer reliable and foundational SEO support to clients. I am available to discuss your project requirements."
EGY_00468,0.7575077100473051,33.623716384696905,9.350051935126034,Master's Degree,Cairo,Translation,45.10479966995774,8,10,0,66,87.37637067001366,42.02542345652851,0.7206379780782409,0.5528445863498751,1,31.301568822797005,"I am a professional English-Arabic translator based in Cairo with 9 years of experience. I provide accurate and culturally appropriate translation services. I have experience translating various document types, including general, legal, and marketing content. I am proficient in using industry-standard CAT tools such as Trados and MemoQ to ensure consistency and efficiency. I can help clients achieve clear and effective communication across languages. My commitment is to deliver reliable and timely results for every project."
EGY_00469,-0.5305011476105275,22.801557270207496,0.3761474732982597,Bachelor's Degree,Ismailia,Digital Marketing,34.31833287573621,5,2,0,10,42.16138647844961,57.42562247504928,0.7551203910573965,0.20773241892738206,1,19.1945875010106,"I am a Digital Marketing freelancer based in Ismailia, ready to assist with your online marketing needs. I provide foundational support in digital marketing strategies. I have experience in social media marketing, including content scheduling and audience engagement. I can help you with basic search engine optimization (SEO) and email campaign setup. My focus is on delivering reliable and effective solutions. I am eager to apply my skills to help businesses grow their online presence."
EGY_00470,-0.57581824064468,28.38962966048192,6.961041561539087,Bachelor's Degree,Luxor,Administrative Support,50.25813870202004,9,4,0,52,70.67394938530806,59.68156895506445,0.3271651234762096,0.3361727791745088,0,8.807545554308554,"I am an Administrative Support freelancer from Luxor with 7 years of professional experience. I provide reliable administrative assistance to help businesses manage their daily operations efficiently. I have experience in data entry, scheduling, and using Microsoft Office Suite. I can help with tasks such as organizing documents, managing calendars, and maintaining clear communication. My focus is on delivering accurate and consistent support. I am dedicated to ensuring your administrative tasks are handled professionally and on time."
EGY_00471,-0.275051697151644,41.595426476409585,15.931030666040352,Some College,Shubra El-Kheima,Customer Support,61.75716606327479,7,11,0,85,82.14421693083334,51.52126142254416,0.40026226292509137,0.4610630197094251,0,20.423038561732547,"I am a customer support freelancer from Shubra El-Kheima with 16 years of experience. I provide reliable and consistent customer support services. I have extensive experience in email support, live chat, and using CRM systems like Zendesk. I can help businesses maintain high customer satisfaction through effective communication and problem-solving. My goal is to offer dependable support that ensures smooth customer interactions."
EGY_00472,-2.301921164735585,33.23258013980053,8.298024496518213,Some College,Tanta,Translation,21.98393297015311,2,6,0,23,48.06554884281507,10.51263781509677,0.7782342338226566,0.015096199835414348,0,3.0,"hello, i am from Tanta. i am new translator. i am very passionate about language and good translation. i work hard and will do my best for your project. i think i can help you with good work. i am dedicated and tries my best. Let's work together."
EGY_00473,-1.5151910621985523,30.02842512466462,2.0086273615445025,Master's Degree,Fayyum,Video Editing,42.70911167694585,1,3,0,34,47.20923703474505,8.973390174270651,0.5579877022728106,0.029728631948053644,0,8.27995629754985,hello i am from Fayyum. i am new in video editing work. i am very passionate about video and very dedicated. i will work hard for you. i do my best for your project. i think i can help you with good video editing. i am nice team player. i will try my best for you.
EGY_00474,1.3668742674445247,30.62324091424113,7.9718408421376665,Professional Certificate,Alexandria,Accounting,71.35700011301745,10,11,0,63,89.7445680990924,37.125843955406594,0.3421471056799379,0.8921470402808485,1,33.276131543378895,"As a top 1% Accounting expert, I transcend traditional financial management, architecting scalable, ROI-driven solutions that fuel enterprise growth. My strategic methodology leverages advanced financial modeling and a rigorous data-driven approach, ensuring optimal resource allocation and robust compliance with frameworks like IFRS and GAAP. I consistently deliver measurable impact, having optimized cost structures by over 25% and significantly improved financial reporting accuracy, directly enhancing stakeholder confidence. Through a proactive analysis informed by COSO principles, I transform intricate financial data into actionable intelligence, identifying both risks and untapped opportunities. My expertise encompasses complex budgeting, strategic financial planning, and audit preparedness for multi-jurisdictional entities. I excel in cross-functional collaboration and adept stakeholder management, dedicated to converting intricate financial challenges into sustainable competitive advantages."
EGY_00475,1.6449677135012837,32.70229658899157,9.694855056861963,Bachelor's Degree,Tanta,Administrative Support,92.09827654954465,11,6,2,80,81.57207193145425,97.52397687307868,0.39006555194334996,0.979527006675319,1,39.40214574998207,"As a top 1% Administrative Support expert, I architect robust, scalable solutions that propel organizational efficiency and deliver measurable impact. My data-driven approach leverages sophisticated process optimization methodologies, often integrating Lean principles, to streamline complex operations for enterprise clients and multi-million dollar initiatives. I don't just execute tasks; I strategically identify bottlenecks, design comprehensive workflows, and orchestrate cross-functional collaboration to achieve tangible results. For instance, I’ve optimized administrative processes, accelerating project delivery by 40% and reducing operational overhead by 25%. My expertise extends to advanced stakeholder management, ensuring seamless communication and alignment across all levels. My objective is to empower executives and teams, allowing them to focus on core strategic objectives while I meticulously manage the intricate support infrastructure, driving ROI-driven outcomes consistently."
EGY_00476,-0.24903603955637832,43.12052940278582,15.880907151594887,Bachelor's Degree,Port Said,UI/UX Design,66.80934380994013,11,10,0,93,81.66932908381035,42.558744119343906,0.617338050651617,0.3968224305668382,0,25.933308059863894,"I am a UI/UX Designer based in Port Said, with 16 years of professional experience. I provide comprehensive UI/UX design services for web and mobile applications. I have experience in user research, wireframing, and prototyping. I can help with crafting intuitive user interfaces and enhancing user experiences. I am proficient with tools like Figma and Sketch. My goal is to deliver clear, functional designs that align with project requirements effectively."
EGY_00477,0.5765569630557664,46.5467100460875,19.59959041129681,Some College,Suez,Web Development,41.313659465474615,12,11,0,114,86.04893289485275,40.34867034075647,0.99173107984708,0.8623666786877292,1,40.54529483891766,"I am a web development freelancer with 20 years of experience, based in Suez. I provide professional web development services, focusing on robust and functional solutions. I am proficient in front-end technologies like HTML, CSS, and JavaScript. I also have strong experience with backend development, including PHP and MySQL. I can help you build and maintain reliable web applications, ensuring clear communication and efficient project delivery."
EGY_00478,0.3112501545435361,48.570709968125705,16.200318621577324,Master's Degree,El-Mahalla El-Kubra,Content Writing,56.883685389481364,11,8,0,91,88.7221376858243,36.58759276392122,0.40451479208688546,0.8174504522068,1,35.39163436586308,"I am a Content Writing freelancer based in El-Mahalla El-Kubra with 16 years of professional experience. I provide high-quality written content for various platforms and industries. I have extensive experience in creating engaging blog posts, website content, and articles. I can help with SEO-friendly writing and content strategy to meet your specific needs. My aim is to deliver clear, well-researched, and effective content that aligns with your project goals. I am proficient in using tools like Grammarly to ensure accuracy and clarity. I am committed to providing reliable service and professional results for every client."
EGY_00479,3.0788808084552377,43.18090836016944,16.46897722700256,Professional Certificate,Shubra El-Kheima,SEO Specialist,97.04751401770399,17,10,4,89,100.0,89.46450560556426,0.5597794909663187,0.9990256557448477,1,59.03681633604668,"As a top 1% SEO Specialist, I architect bespoke, ROI-driven strategies that elevate digital presence and catalyze substantial growth for enterprise-level clients. Leveraging a profound understanding of technical SEO, advanced content strategy, and E-E-A-T principles, I optimize complex digital ecosystems to outperform competitors. My data-driven approach, encompassing granular competitive analysis and intricate schema markup implementation, consistently delivers measurable impact. For intricate projects, I've driven remarkable results, increasing organic traffic by over 100% and boosting conversion rates by 40%. Through strategic cross-functional collaboration and meticulous stakeholder management, I ensure seamless execution and scalable success, often reducing client acquisition costs by 25%. My objective is to transform unique challenges into sustainable competitive advantages, positioning brands at the zenith of their industry."
EGY_00480,1.1195749114345768,28.093020663936407,8.440827423317794,Self-Taught,Alexandria,UI/UX Design,62.552585515677656,10,9,1,51,85.18455715182098,57.51211738315355,0.8003988560511123,0.9220988961057077,1,42.3985092830645,"As a top 1% UI/UX Design expert, I architect intuitive, high-impact digital solutions that consistently deliver measurable impact. My data-driven approach leverages Design Thinking, adhering to industry-leading HCD (Human-Centered Design) principles and Agile methodologies to optimize user journeys. Through rigorous user research and strategic UX enhancements, I've increased conversions by 40% and reduced operational costs by 25% for enterprise clients. I specialize in transforming complex challenges into elegant, scalable experiences with a clear focus on ROI-driven outcomes. I excel in cross-functional collaboration and strategic stakeholder management, ensuring seamless integration and adoption of my designs. Let's elevate your digital product with strategic, user-centric innovation."
EGY_00481,-0.12791759148076653,40.02031059476935,9.655011188848576,Some College,Port Said,UI/UX Design,53.00039150930237,9,8,0,61,78.07215817990992,19.67560021937628,0.9109380167016442,0.6234384807195921,0,24.176328676428703,"I am a UI/UX Designer from Port Said with 10 years of experience. I provide comprehensive design solutions for web and mobile applications. I have experience in user research, wireframing, and prototyping. I use tools like Figma and Adobe XD to create intuitive and engaging user experiences. I can help with designing new products or improving existing interfaces. My goal is to deliver clear, functional, and user-centric designs that effectively meet project requirements. I ensure all designs are practical and easy to use."
EGY_00482,-0.9555404406004258,32.00329996977254,9.041283633701479,Some College,Giza,Web Development,36.07814407741238,6,8,0,20,58.40640236380167,51.50162475474663,0.8930565931520671,0.22020706235134052,0,21.283187072754632,"I am a web development freelancer with 9 years of professional experience. I provide web development services, focusing on creating functional online solutions. I have experience in various technologies, including React, Node.js, and database management. I can help with building new websites, developing custom web applications, and improving existing web platforms. My aim is to deliver reliable and efficient development work. I am committed to meeting project requirements and ensuring client satisfaction."
EGY_00483,-1.6064463202575725,26.149459905473638,3.8813162812688398,Bachelor's Degree,Alexandria,Mobile App Development,18.548815992215978,6,4,0,17,49.260070784762924,35.747397489378,0.7242354562200952,0.05252112322266329,1,16.9143072073669,hello. i am from Alexandria. i am new mobile app developer. i passionate about app work. i will try my best for your project. i am a good person and very dedicated. i think i can help you with good apps. i will work hard. i am good team player too. do my best always.
EGY_00484,0.2034636358672231,44.90789054162953,15.981688978774423,Master's Degree,Ismailia,Digital Marketing,52.78590348763853,15,8,1,98,84.10336332183469,80.04022861793993,0.7682562990695343,0.7796813668473822,0,29.79786561606521,"I am a Digital Marketing freelancer based in Ismailia with 16 years of experience. I provide comprehensive digital marketing solutions to businesses. I have extensive experience in search engine optimization (SEO), social media marketing, and paid advertising. I can help with improving online visibility, driving targeted traffic, and engaging your audience effectively. I am proficient in tools like Google Analytics and Google Ads. My goal is to deliver reliable and consistent results for your marketing needs."
EGY_00485,-0.7563507452843033,19.2296431667944,1.2296431667943999,Bachelor's Degree,Cairo,Content Writing,50.700684614419345,5,5,0,18,51.85344220025263,58.03566276990644,0.5532202536023866,0.3229418016688604,0,14.739304395989496,"I am a content writer from Cairo with 1 year of professional experience. I provide clear and engaging content for various online platforms. I have experience in writing blog posts, website content, and articles. My skills include SEO best practices, basic keyword research, and tools like Google Docs. I can help clients create well-structured and grammatically correct content that meets their requirements. I am reliable and committed to delivering quality work on time. I am available to discuss your content needs."
EGY_00486,-1.4222537095976742,46.856383748333556,16.33937312077303,Some College,Tanta,Customer Support,30.491575324861643,8,10,0,86,63.8813932695677,0.0,0.6132702173216111,0.14613217987017735,0,7.830255669317436,Hello. i am from Tanta. i want to work good in customer support. i am new but i will tries my best for you. i am good person and very dedicated. i like help people. i think i can helps your team. i am passionate for nice work. i will do my best and work hard.
EGY_00487,-0.6465728842425266,32.76727886799149,7.508951162471671,Master's Degree,Alexandria,Graphic Design,46.57095421892343,7,5,0,52,61.34311750588271,63.49573499665313,0.7354788001413047,0.4280975446197096,1,23.94294858795823,"I am a Graphic Designer from Alexandria with 8 years of experience. I provide professional graphic design services to help businesses communicate effectively. I have experience in Adobe Photoshop, Illustrator, and InDesign. I can help with a range of projects including logo design, branding materials, brochures, and social media graphics. My focus is on delivering clear, effective designs that meet your specific requirements. I am committed to reliable project delivery and professional communication."
EGY_00488,-1.081548003614395,38.39044725786498,12.302573189695035,Bachelor's Degree,Suez,UI/UX Design,31.00624894299316,4,6,0,79,58.736742988346585,55.13379269574532,0.7462840537519337,0.4766388436229943,1,24.058887528201915,"Hello, i am from Suez. i am new in UI/UX design. i am very passionate about design and i want do good work. i am dedicated and i will try my best for your project. i am good team player. i think i can help make nice design. i want do nice work for you always."
EGY_00489,1.6871416350725648,39.09932551058505,10.485103428625422,Bachelor's Degree,Mansoura,Administrative Support,79.82776462760462,12,8,0,87,79.04583419906713,59.20010833553078,0.5279772810403127,0.958842878639456,1,37.888824065527075,"As a top 1% Administrative Support expert, I architect strategic solutions, moving beyond mere task execution to drive profound organizational efficiency. I leverage a rigorous data-driven approach to optimize complex operational workflows and cultivate robust cross-functional collaboration, ensuring impeccable execution across diverse, high-stakes projects. My proficiency in applying Lean Six Sigma methodologies has consistently delivered measurable impact, evidenced by a 40% reduction in project completion times and a 25% decrease in operational expenditures for enterprise clients. I excel at meticulous stakeholder management, adeptly translating strategic visions into scalable, ROI-driven administrative frameworks. My proven track record navigating the complexities of multi-stakeholder initiatives positions me as a pivotal partner for organizations seeking sustained growth and operational excellence."
EGY_00490,0.8816397569494505,46.64376770260917,15.014610363795128,Professional Certificate,Fayyum,UI/UX Design,51.13245104940995,10,13,0,94,85.73257983086113,54.09104072654722,0.8271225614199157,0.8625082003391001,1,39.410142675816004,"I am a UI/UX Designer with 15 years of experience, dedicated to creating user-friendly digital experiences. I provide comprehensive UI/UX design services, focusing on practical and functional solutions. I have experience in user research, wireframing, and prototyping. I can help with developing intuitive interfaces and ensuring a smooth user journey. I am proficient in using tools such as Figma and Adobe XD. My aim is to deliver reliable designs that meet project requirements and enhance usability."
EGY_00491,-0.007972641316617372,38.373429829350634,13.582804463523388,Master's Degree,Giza,Graphic Design,44.883205386052815,10,5,0,77,85.30215747236822,56.08020491281922,0.7866809466720283,0.5645677816255099,0,24.883187280766396,"I am a graphic designer based in Giza with 14 years of professional experience. I provide a range of graphic design services to help businesses establish strong visual identities. I have extensive experience in logo design, brand guidelines, and marketing collateral. I can help with projects using industry-standard tools like Adobe Photoshop, Illustrator, and InDesign. My goal is to deliver clear, effective, and professional designs that meet your specific requirements. I am reliable and focused on delivering quality work."
EGY_00492,1.4799441388900259,37.64587471232198,9.489936757075874,Master's Degree,Asyut,UI/UX Design,71.17247599769111,9,10,1,70,90.90687445295951,52.54610453472789,0.8737181306698576,0.9379266052543552,1,43.127594757382134,"I am a top 1% UI/UX Design expert, specializing in architecting elegant, ROI-driven digital solutions. Leveraging a data-driven approach rooted in Design Thinking and Lean UX methodologies, I consistently optimize user experiences to deliver measurable impact. My strategic focus on deeply understanding user needs and business objectives enables me to design scalable interfaces that not only captivate but also perform.

I excel at cross-functional collaboration and stakeholder management, translating complex requirements into intuitive designs. My expertise has repeatedly driven success, exemplified by projects where I increased conversions by 40% and reduced operational costs by 25% for enterprise clients. I architect solutions adhering to WCAG standards, ensuring accessibility and broad reach. Let's discuss how my expertise can elevate your next complex project."
EGY_00493,0.0773683076476183,20.13286529794208,2.132865297942079,Bachelor's Degree,Aswan,Web Development,38.3971654084489,5,3,2,19,53.92015538941126,47.287486668578964,0.9546995724877636,0.5974892189333656,0,26.843043679047472,"I am a web developer from Aswan with two years of experience. I provide professional web development services to help clients build effective online presences. I have experience in front-end development using React and back-end development with Node.js. I can help with website creation, updates, and maintenance. My focus is on delivering reliable and functional web solutions. I ensure clear communication and timely project completion. I am ready to assist with your next web project."
EGY_00494,-0.8612842013282637,34.58905670224653,10.878616607055822,Bachelor's Degree,El-Mahalla El-Kubra,Translation,28.778569791153323,3,4,0,69,64.456992070258,54.66515127144953,0.6827959478670964,0.2211245009921822,0,15.219867679571799,I am a professional translator based in El-Mahalla El-Kubra with 11 years of experience. I provide accurate and reliable translation services across various domains. I have extensive experience in translating legal documents and technical manuals. I am proficient in using CAT tools such as SDL Trados Studio and MemoQ to ensure consistency and efficiency. I can help with projects requiring precise language transfer from source to target. My focus is on delivering high-quality work that meets client expectations promptly. I am ready to assist with your translation needs.
EGY_00495,1.5231240772696573,22.805408026145333,0.0,Bachelor's Degree,Aswan,Translation,75.97797884478378,6,2,1,28,80.77095550361119,76.04340755758709,0.5515404681557601,0.9161392665646375,1,34.28457238274113,"As a distinguished top 1% translation expert hailing from Aswan, Egypt, I don't merely translate; I architect sophisticated, *scalable* linguistic solutions. My approach *leverages* a rigorous, *data-driven methodology* aligned with ISO 17100 standards and cutting-edge CAT tools to *optimize* your global communication strategy. I specialize in spearheading complex, multi-market localization initiatives for enterprise clients, demanding meticulous *stakeholder management* and seamless *cross-functional collaboration*. Through this *strategic* framework, I have a proven track record of *increasing target market engagement by up to 40%* and *reducing time-to-market for complex content by 25%*. My focus is on delivering *ROI-driven* outcomes, ensuring every translated word contributes directly to your business objectives. I am committed to *delivering measurable impact*, transforming linguistic challenges into decisive competitive advantages."
EGY_00496,0.5389100436846587,41.59788059908754,12.803599054781213,Bachelor's Degree,Ismailia,Social Media Management,59.3819698181502,11,8,1,75,81.00656806072159,46.46514906478981,0.5726899544060929,0.7570003703219699,1,31.52504315877055,"I am a Social Media Management freelancer based in Ismailia with 13 years of experience. I provide comprehensive social media management services. I have experience in content creation, scheduling, and community engagement across various platforms. I can help with developing effective social media strategies and managing your online presence consistently. My skills include using tools like Hootsuite and Canva. I am committed to delivering reliable support for your social media needs."
EGY_00497,-1.0372461543264564,34.39110146600558,12.222879685698093,High School,El-Mahalla El-Kubra,Digital Marketing,42.50496193168024,5,4,0,76,56.61972844025133,52.89445449770089,0.7700839738694105,0.25159248998537814,0,16.322878106379534,"hello, i am from El-Mahalla El-Kubra. i am new digital marketing. i will work hard and do my best for your good project. i am passionate and dedicated person. i think i can help you. i will try my best. i am good team player too."
EGY_00498,-0.1903386780836082,39.767288934667306,11.09804229852102,Master's Degree,Alexandria,Web Development,41.139809646894236,10,7,0,61,92.80470503826018,52.25936480114067,0.8644585695871453,0.40407209483806267,0,29.14914816355087,"I am a web development freelancer based in Alexandria with 11 years of experience. I provide professional web development services to clients seeking robust online solutions. I have extensive experience in building custom websites using JavaScript frameworks like React, PHP, and database integration with MySQL. I can help with front-end and back-end development, ensuring functional and maintainable web applications. My focus is on clear communication and delivering reliable results for your project needs."
EGY_00499,-0.8756182533847572,19.333532819276297,0.0,High School,Mansoura,Data Entry,37.44174845928106,1,5,0,0,49.90814682092883,43.523162753586014,0.46041965491497006,0.08492790916406082,0,4.4712650260795295,"I am a dedicated Data Entry freelancer based in Mansoura, ready to support your administrative needs. I provide accurate and efficient data entry services, ensuring all information is organized correctly. I have experience using Microsoft Excel and Google Sheets for managing and compiling various datasets. I can help with tasks such as data compilation, database entry, and text transcription. My focus is on delivering clean, error-free work. I am reliable, detail-oriented, and available to start new projects promptly to meet your deadlines."
EGY_00500,-1.382799730964336,20.713344513465703,2.552128494583215,Master's Degree,Tanta,UI/UX Design,22.539329926696677,4,2,0,12,40.69156423223932,25.68241778370991,0.8061944034978188,0.0868843025351234,0,10.398833727077406,"Hello, i am from Tanta. i am new UI/UX designer. i am passionate for good design. i will work hard to do my best for your project. i think i can help you. i am dedicated and a team player. My goal is give nice work. i try my best for all project."
EGY_00501,0.9261775475316414,40.92234841800583,15.32019006936869,Bachelor's Degree,Asyut,Content Writing,70.95394870406788,10,15,1,86,93.61216878593099,61.01605241534677,0.640293687242053,0.9567446432803769,1,41.935470219434215,"I am a content writing freelancer based in Asyut, with 15 years of experience. I provide high-quality content for various online platforms. I have extensive experience in writing blog posts, website content, and articles for diverse industries. I am skilled in SEO optimization and ensure all content is well-researched and engaging. I use tools like Grammarly to maintain editorial quality. I can help you create clear and effective written communication to meet your project requirements."
EGY_00502,1.9094166404701305,20.306698751957548,0.8809414790855372,Bachelor's Degree,Ismailia,Administrative Support,90.54871076730444,10,4,1,39,79.73075196482773,61.30162746134498,0.32958852671044864,0.9502533037721327,1,34.402912753224804,"As a top 1% Administrative Support expert, I transcend traditional task execution, architecting strategic, data-driven solutions. Leveraging Lean Six Sigma principles, I optimize complex operational workflows to deliver measurable impact. My expertise ensures scalable, ROI-driven administrative support, transforming bottlenecks into high-efficiency processes.

I excel in empowering enterprise clients and navigating intricate projects through sophisticated stakeholder management and seamless cross-functional collaboration. For a prominent multi-national corporation, I spearheaded initiatives that reduced administrative overhead by 25% and accelerated project completion by 30%, directly enhancing profitability. My commitment is to elevate your operational excellence with unparalleled precision and strategic foresight."
EGY_00503,-1.3985675738191412,20.280215288488275,0.17310878370968186,Some College,Port Said,Translation,33.854734665240905,1,0,0,0,33.942162598058175,4.1089153436155605,0.6008286535355625,0.042961400525040994,0,3.7765974179753963,"Hello, i am new translator from Port Said. i am very passionate for translation. i will do my best for good work. i am hard work and dedicated. i am good team player too. i think i can help you with your project. i will try my best to deliver good nice work."
EGY_00504,0.5629692366905709,18.3874712075164,0.3874712075163984,Bachelor's Degree,Shubra El-Kheima,Translation,69.0564813131244,5,2,0,15,66.95785006460564,52.558748354802084,0.4214777213145791,0.851993940787206,1,28.222925955316555,"I provide accurate and reliable translation services. I have strong linguistic skills and a commitment to clear communication. I am proficient in using CAT tools like Trados for consistent and efficient work. I can help with various document types, ensuring precision in every translation. My focus is on delivering high-quality results that meet your specific requirements. I am dedicated to professional service and timely project completion, ensuring your content is accurately conveyed."
EGY_00505,-0.6506425691218269,48.60804474558336,21.842626174945174,Master's Degree,Tanta,Graphic Design,40.565360092051215,9,11,0,123,94.12739766236467,40.3600054791161,0.7461760181535351,0.43185963947397993,1,29.822099225537745,"I am a Graphic Design freelancer with 22 years of experience. I provide professional design services. I have extensive experience in creating logos, branding materials, and marketing collateral. I am proficient in Adobe Photoshop and Illustrator. I can help clients bring their visual ideas to life with clear and effective designs. My goal is to deliver reliable and high-quality work that meets project requirements. I am ready to assist with your design needs."
EGY_00506,-0.48712538376469605,41.600267502688226,16.117876603176526,High School,Port Said,Graphic Design,50.74905759348132,11,14,0,80,77.44227940719587,46.213827087138625,0.7463254376589039,0.5637692246131047,0,21.764786809179313,"I am a graphic design freelancer from Port Said with 16 years of professional experience. I provide reliable design services to businesses and individuals. I have extensive experience in logo design, branding, and marketing collateral. I can help with various design needs, from concept to final production. My expertise includes using Adobe Creative Suite (Photoshop, Illustrator, InDesign). I focus on delivering clear, effective designs that meet client requirements."
EGY_00507,-0.5923939242388692,29.304045072066053,6.95306332836968,Master's Degree,Shubra El-Kheima,Customer Support,41.868268562541566,7,2,0,44,48.02406737243223,61.07359188466099,0.5347954132606789,0.21366031823869802,1,15.839849200088114,"I am a dedicated Customer Support freelancer with 7 years of professional experience. I provide reliable and efficient support to ensure customer satisfaction. I have strong experience in handling customer inquiries through email support and live chat platforms. I am also proficient in using CRM tools like Zendesk. I can help businesses maintain positive customer relationships by resolving issues promptly and clearly. My focus is on delivering consistent, high-quality service and clear communication."
EGY_00508,-0.863990769679816,27.489138601204967,4.076951717441128,Bachelor's Degree,Damietta,Social Media Management,26.79085778894508,2,5,1,14,60.21089276407796,29.847838092941558,0.6810086908352532,0.158989899962503,1,20.403259266704477,"I provide professional social media management services with 4 years of experience. I have experience in creating engaging content, scheduling posts, and analyzing performance across various platforms. I can help with building your online presence, community engagement, and managing daily social media operations. My skills include content planning, platform management (e.g., Facebook, Instagram), and using scheduling tools. I am dedicated to delivering consistent and effective social media support for your business. I am ready to assist you in reaching your social media goals."
EGY_00509,0.04852162794482699,29.190503351867186,5.05341319800718,Some College,Mansoura,Accounting,53.19503830615847,6,4,0,38,72.88853643844426,45.06597948261713,0.5276343929387081,0.6822368854989672,1,27.291562899059866,"I am an Accounting freelancer based in Mansoura with 5 years of professional experience. I provide comprehensive bookkeeping, general ledger management, and financial reporting services. I have extensive experience using QuickBooks and Microsoft Excel to ensure accuracy and efficiency. I can help businesses maintain precise financial records, prepare clear financial statements, and assist with month-end closing procedures. My focus is on delivering reliable and accurate accounting support to help businesses manage their finances effectively."
EGY_00510,-0.8309501164110378,42.78891299779782,15.918376009210208,Some College,Shubra El-Kheima,SEO Specialist,27.58278131592934,7,8,0,89,70.87676623508163,51.521262567385826,0.6396771328369624,0.27805565420624806,0,15.706010303877816,"I am an SEO Specialist with 16 years of experience. I provide comprehensive search engine optimization services to improve online visibility. I have strong experience in keyword research and on-page optimization, utilizing tools like Google Analytics. I can help clients achieve their website ranking goals and drive organic traffic. My focus is on delivering consistent and reliable SEO strategies to enhance your online presence."
EGY_00511,0.2704568257798388,39.163859554253264,13.535112174329326,Professional Certificate,Fayyum,Mobile App Development,77.44814190238668,12,6,0,79,78.37474370857858,41.95765019063038,0.8485020794570622,0.7655621081229834,1,40.73486337989016,"I am a mobile app development freelancer with 14 years of experience. I provide professional services in creating functional and reliable mobile applications. I have experience in native iOS development using Swift and Android development with Kotlin. I also work with cross-platform frameworks like React Native. I can help with the full lifecycle of app development, including design, development, testing, and deployment. My goal is to deliver high-quality and maintainable solutions that meet client specifications. I focus on clear communication and efficient project delivery."
EGY_00512,-0.05023810944913695,23.926258171758974,5.926258171758974,Some College,Tanta,Data Entry,45.9055467705096,9,7,0,40,86.44985656520828,51.70338561873753,0.598268492160917,0.2947396329139368,1,21.440489990433083,"I am a professional Data Entry specialist from Tanta with 6 years of experience. I provide accurate and efficient data entry services to support business operations. I have experience in data transcription, database management, and using Microsoft Office Suite, including Excel. I can help clients with organizing and inputting various types of information, ensuring high levels of accuracy. My focus is on delivering reliable results and maintaining data integrity. I am dedicated to completing tasks thoroughly and on time, ensuring client satisfaction."
EGY_00513,-0.23894804686640975,23.5714987306907,4.643799423486698,Some College,Ismailia,Graphic Design,52.866157851493824,3,4,0,36,59.31050427582913,41.00839323413774,0.6729318916788023,0.5004196326683673,0,18.691201832904724,"I am a graphic designer based in Ismailia with 5 years of professional experience. I provide a range of graphic design services to help businesses and individuals. I have experience in creating custom logos, developing brand identities, and designing marketing materials. I can help with projects requiring strong visual communication. My skills include Adobe Photoshop, Illustrator, and InDesign. I am focused on delivering clear, effective designs that meet client needs reliably."
EGY_00514,-0.9075636620415979,21.148660790828714,0.0,Master's Degree,Fayyum,Graphic Design,36.26241287412009,5,4,0,0,41.94931564891001,35.454870314829435,0.5154250895950431,0.09804504179490744,0,11.173141033632957,"I am a graphic designer offering services to help businesses and individuals with their visual communication. I provide clear and effective designs for various projects. I have experience using Adobe Photoshop and Illustrator to create professional graphics. I can help with developing logos, social media visuals, and basic print materials. Although new to freelancing, I am committed to delivering high-quality work and meeting project requirements. I am reliable and eager to contribute to your visual needs. I look forward to discussing how I can assist you."
EGY_00515,-0.5767713305683327,39.129687030442824,14.781707453711531,Bachelor's Degree,Zagazig,Social Media Management,29.012295801115954,7,8,0,88,76.60576054709206,54.45091737134017,0.479164103376086,0.4705157781014752,1,22.570118393820003,"I am a Social Media Manager based in Zagazig, offering 15 years of professional experience. I provide comprehensive social media management services to help businesses establish and grow their online presence. I have experience in developing effective social media strategies, creating engaging content, and managing online communities. My tools include proficiency with Facebook Ads and Hootsuite. I can help with consistent content scheduling, audience engagement, and performance analysis to meet your social media objectives."
EGY_00516,0.755391225825756,42.45992519109555,12.679833860028504,Some College,Damietta,Content Writing,42.34563808674062,10,5,0,93,91.17240165446351,53.46289887020247,0.45619256485097925,0.8140307497107141,1,35.12542527128509,"I am a content writer based in Damietta with 13 years of professional experience. I provide clear, high-quality content designed to meet your project specifications. I have extensive experience in crafting engaging articles, blog posts, and website copy. My core skills include SEO content writing and utilizing tools like Grammarly for accuracy. I can help you communicate your message effectively through well-researched and structured written materials. I am dedicated to delivering reliable and professional results for every client."
EGY_00517,0.5009171876243808,26.48148570640013,4.320948879935374,Bachelor's Degree,Suez,Accounting,65.00389736510702,7,8,1,26,75.7500650258294,67.87216636009009,0.512240341973154,0.7296957627578119,1,30.044296894145,"I am an Accounting freelancer based in Suez with 4 years of professional experience. I provide reliable accounting and bookkeeping services. I have experience in preparing financial statements, managing accounts payable/receivable, and processing payroll. My expertise includes using QuickBooks and Xero to maintain accurate financial records. I can help businesses ensure their financial operations are organized and compliant. My goal is to deliver precise and timely support for your accounting needs."
EGY_00518,-0.977555244798551,18.67023875298921,0.67023875298921,Some College,Alexandria,SEO Specialist,50.83008059573233,7,0,0,23,31.485263647052744,8.982840439340016,0.8265799084366344,0.20807154720135246,0,12.146267539460608,"I am an SEO Specialist from Alexandria with 1 year of experience. I provide essential SEO services to improve online visibility for businesses. I have experience in keyword research, on-page optimization, and technical SEO best practices. I can help with implementing effective strategies using tools like Google Analytics and SEMrush. My focus is on delivering reliable solutions that drive organic traffic and support your digital marketing objectives."
EGY_00519,0.09933230542922587,20.629493359245675,2.629493359245675,Master's Degree,Port Said,Graphic Design,44.1419475093348,4,0,0,21,59.651711046049,29.74776755635879,0.5476516213631306,0.5244333287478544,1,26.494796340141516,"I am a graphic designer based in Port Said with 3 years of professional experience. I provide comprehensive design services, including logo creation, marketing materials, and social media graphics. I have experience in using Adobe Photoshop, Illustrator, and InDesign to produce various visual assets. I can help with developing clear and effective visual communication that aligns with your project goals. My focus is on delivering reliable and high-quality design solutions. I am committed to meeting deadlines and client expectations."
EGY_00520,0.751387123371789,48.97152111504097,24.802749781035306,Master's Degree,Suez,Social Media Management,44.70388165498093,16,12,3,160,100.0,24.243644119228733,0.7921746484595493,0.9459812459994915,1,42.22159784245034,"I am a dedicated Social Media Management freelancer with 25 years of experience. I provide professional social media services designed to maintain a strong online presence. I have extensive experience in content scheduling, audience engagement, and managing profiles across platforms such as Facebook and Instagram. I can help businesses ensure their social media channels are consistently active and well-maintained. My approach focuses on reliable execution and clear communication to support your digital strategy. I offer steady, experienced management for your social media needs."
EGY_00521,-1.6694052811213718,27.45423287927745,6.885985845838834,Bachelor's Degree,Port Said,Administrative Support,21.707293458963175,1,1,0,28,56.248441680278184,12.480577369039036,0.4679448391736575,0.11719120467240818,0,3.0,Hello. i am freelancer from Port Said. i am new. i want to do good work for you. i am very passionate about admin support. i always work hard. i think i can help your team. i am dedicated and a nice person. i am good team player. i will try my best to do my best.
EGY_00522,0.543360192379935,42.61514073082027,14.402691201051388,Master's Degree,Ismailia,Content Writing,48.77923243331169,8,12,0,93,77.15130743332502,84.3729772512968,0.6483443668278318,0.648374937337698,1,31.54806533256262,"I am a professional content writer with 14 years of experience delivering high-quality written content. I provide well-researched articles, engaging blog posts, and clear website copy for various platforms. I have extensive experience in crafting content that informs and connects with target audiences. My skills include applying SEO best practices, effective keyword integration, and working with content management systems. I can help businesses and individuals create compelling content that effectively communicates their message. I am committed to producing reliable and accurate written materials that meet all project specifications."
EGY_00523,-0.6626237589458467,37.98923420333644,13.062551818962962,Professional Certificate,Alexandria,Mobile App Development,33.55748681719137,8,7,0,77,82.90686460215561,41.78547626239805,0.8956039588383694,0.2842505300037835,0,28.781214168309447,"I am a mobile app development freelancer from Alexandria with 13 years of experience. I provide comprehensive mobile application development services. I have extensive experience in building robust applications for both iOS and Android platforms. My skills include Swift, Kotlin, and React Native. I can help with the full development cycle, from initial concept to successful app deployment. My focus is on delivering functional, high-quality, and user-friendly mobile solutions. I am committed to clear communication and ensuring client satisfaction."
EGY_00524,0.5705986685931593,30.22206846889267,9.108551933083273,Bachelor's Degree,Zagazig,Web Development,64.66271702615023,9,10,0,56,87.08799633840593,46.02764276625606,0.9590665296704378,0.832792038911476,1,36.693117968619354,"I am a web development freelancer based in Zagazig, with 9 years of experience. I provide professional web development services to clients seeking reliable online solutions. I have extensive experience in full-stack development, utilizing technologies such as React and Node.js. I also specialize in creating responsive designs. I can help you build custom websites and web applications that are both functional and user-friendly. My aim is to deliver high-quality, dependable web solutions for your business needs."
EGY_00525,-0.7632591565425169,24.581992390257764,3.3078601830402747,Some College,Luxor,Content Writing,38.046482177833866,1,2,0,21,54.95638584495227,52.58299249637615,0.5588634511977844,0.13076184863664916,0,13.657019249552462,"I am a professional content writer from Luxor with 3 years of experience. I provide high-quality, engaging content tailored to your specific needs. I have experience in writing blog posts, website content, and articles across various niches. I can help with SEO content creation and keyword integration to improve your online visibility. My goal is to deliver clear and impactful writing that resonates with your audience. I am proficient with WordPress and basic SEO tools. I am committed to meeting deadlines and ensuring client satisfaction."
EGY_00526,-1.804882100664519,21.884365381101006,3.8843653811010057,Bachelor's Degree,Shubra El-Kheima,Web Development,14.631692901212038,5,2,0,29,54.81346455949541,42.20158065088336,0.6665584410784859,0.017609420615814202,0,8.471137624195183,hello. i am from Shubra El-Kheima. i want to do web development work. i will work hard. i do my best for good work. i am passionate. i am dedicated person. i think i can help you. i will try my best for nice project. i am good team player.
EGY_00527,-1.6275424378831627,37.68041497724373,12.268390504729041,Professional Certificate,Mansoura,Translation,31.47187129436451,1,6,0,55,78.12520803392609,12.156773534464158,0.491164297753436,0.06120697012766832,0,7.152860485237298,"hello, i am from Mansoura. i am new translator. i am very passionate about language. i will work hard for you. i do my best for your project. i am dedicated and good person. i think i can help you with translation. i will try my best. i am team player."
EGY_00528,0.048084946661381994,42.78828098040921,15.868454766428316,Some College,Luxor,SEO Specialist,57.38999765067864,10,11,0,86,75.84849005429297,88.05002112954827,0.6112120814463822,0.6448889163492354,1,30.956528004455855,"I am an SEO Specialist from Luxor with 16 years of experience. I provide comprehensive SEO services to improve website visibility and organic search rankings. I have extensive experience in keyword research, on-page optimization, and technical SEO. I am proficient with standard industry tools like Google Analytics. I can help businesses enhance their online presence and attract relevant traffic through proven SEO methodologies. My focus is on delivering effective and sustainable strategies."
EGY_00529,0.25972250172148187,38.604936113316185,13.694810172098633,Bachelor's Degree,Luxor,Mobile App Development,50.525262665375976,12,8,1,69,87.58300973298621,57.261632665673616,0.8810562483704277,0.22241046848629453,0,37.494283005728825,"I am a mobile app developer from Luxor with 14 years of professional experience. I provide robust and user-friendly mobile applications for various platforms. I have experience in native iOS and Android development, utilizing Swift, Kotlin, and Flutter. I can help clients with full-cycle app development, from concept to deployment. My focus is on delivering reliable and functional solutions that meet project requirements. I am ready to assist with your next mobile app project."
EGY_00530,-0.9043166251044086,34.96966826397306,11.024974179612748,Bachelor's Degree,El-Mahalla El-Kubra,Customer Support,37.81441583261447,11,5,0,74,83.3818532270791,45.18348032556222,0.5219238917490338,0.14083184552361125,0,18.71374177466867,"I am an experienced Customer Support freelancer with 11 years in the field. I provide dependable and efficient customer service, ensuring clear communication and effective problem-solving. I have extensive experience in managing diverse customer inquiries, handling escalations, and processing information accurately. I am proficient with CRM software such as Salesforce and various live chat platforms. I can help your business maintain strong customer relationships and streamline support operations. My aim is to deliver consistent, high-quality support that meets client needs."
EGY_00531,0.6385924587773739,19.34243914981236,1.3424391498123605,Bachelor's Degree,Cairo,SEO Specialist,64.78390571243035,6,4,0,17,73.62381973885653,65.1216067756964,0.6727620376914774,0.5032874225307021,0,24.402815978049126,I am an SEO Specialist based in Cairo with 1 year of professional experience. I provide services in keyword research and on-page SEO optimization. I have experience in optimizing website content and improving organic search visibility. I am familiar with tools such as Google Analytics. I can help businesses achieve better search engine rankings and attract more relevant traffic. My goal is to deliver reliable and clear SEO support for your projects.
EGY_00532,-1.6615200622689599,48.99164088302028,17.360478156718322,Some College,Tanta,Accounting,29.338230375799572,4,4,0,96,63.39045373747346,37.488827303462074,0.7255524980070087,0.16814082589005117,0,14.258891112144092,"Hello, i am new accountant from Tanta. I am very passionate about numbers. I will work hard for you. I always try my best do good work. I think i can help you with simple accounting. I am a nice person and very dedicated. I always want to be team player. I will try my best for your project."
EGY_00533,-0.06607979864731657,43.55885413294639,14.21870897187577,Master's Degree,Suez,Mobile App Development,49.414943889945576,12,8,0,75,82.5785713948716,39.88494134551503,0.7859271387373356,0.6836365034497682,0,28.13265287906385,"I am a mobile app development freelancer based in Suez, Egypt, offering comprehensive mobile application solutions. I provide robust and user-friendly mobile applications for various platforms. With 14 years of experience, I have a proven track record of delivering successful projects. I have extensive experience in native iOS and Android development, utilizing Swift and Kotlin. I can help transform your ideas into high-quality, functional mobile solutions that meet your business needs. I am ready to collaborate on your next app project."
EGY_00534,-1.2110161997624567,27.37030517443087,3.4218746387151326,Professional Certificate,Suez,Accounting,46.16061818581611,5,2,0,29,63.981716040067035,67.15559496729256,0.32742666626111105,0.13561230127220594,0,8.013287845276546,"Hello. i am from Suez. i am just start in accounting. i am passionate and dedicated person. i will work hard for you and do my best. i think i can help for your project. i try to do good, nice work. i am a team player."
EGY_00535,-0.6518361078021592,49.35905053948322,19.694432784930385,Bachelor's Degree,Suez,SEO Specialist,46.04926651311948,9,11,0,111,74.8971563639807,37.9001400052192,0.7119456673405786,0.4278972804066053,0,21.35632405682375,"I am an SEO Specialist from Suez with 20 years of experience. I provide professional SEO services designed to improve search engine visibility and organic traffic. I have extensive experience in key areas such as keyword research, on-page SEO, and technical SEO audits. I can help businesses implement effective strategies to enhance their online presence. My focus is on delivering reliable and consistent SEO support. I am committed to clear communication and providing high-quality service to meet client objectives."
EGY_00536,0.047398671316414016,37.26021086836231,13.113999528041614,Some College,Fayyum,Content Writing,46.20418990476889,8,8,1,74,79.9042123469023,64.93155072044686,0.7189194972093947,0.6578328886086295,1,28.513150156343283,"I am a content writing freelancer from Fayyum with 13 years of experience. I provide high-quality written content for various platforms. I have experience in creating engaging blog posts, articles, and website copy. I can help with crafting clear and effective text to meet your specific needs. My skills include SEO content writing and utilizing content management systems. I am reliable and committed to delivering professional, well-researched work on time. I ensure content is error-free and tailored to client requirements."
EGY_00537,-0.8604133652839524,36.63752506263189,12.098060769882903,High School,Ismailia,Social Media Management,32.64710884375167,5,9,0,56,67.59509492773097,32.55102028327386,0.6787160877602775,0.1553660624118211,0,16.783343537180485,"I am a Social Media Management freelancer with 12 years of experience, based in Ismailia. I provide comprehensive social media strategy and content creation services. I have experience in managing various social platforms and utilizing tools such as Hootsuite and Canva. I can help with developing engaging content, scheduling posts, and improving your overall online presence. My aim is to deliver consistent and professional social media management to meet your business needs."
EGY_00538,-0.38455554422982535,41.93834174174503,17.71198991174209,Bachelor's Degree,Suez,SEO Specialist,38.650803335185884,9,10,0,89,77.67113633128184,35.601335922692385,0.6643361505860956,0.6222290744475664,1,30.085366773994902,"I am an SEO Specialist from Suez with 18 years of experience. I provide comprehensive SEO services to help businesses improve their online visibility. I have extensive experience in keyword research, on-page optimization, and technical SEO. I can help businesses improve their search engine rankings and organic traffic. My focus is on delivering reliable and effective SEO strategies, utilizing tools like Google Analytics. I am committed to providing consistent support for your website's performance."
EGY_00539,1.0062928092144405,43.9766332188844,15.574787893672548,Master's Degree,Ismailia,Video Editing,71.41560161049472,12,10,0,89,95.35754888046439,90.60348290933814,0.6240447505140011,0.908185337923138,1,41.72240320479159,"As a top 1% video editing expert, I don't just edit; I architect scalable, ROI-driven visual solutions that propel business objectives, delivering measurable impact. Leveraging a data-driven approach, I optimize every frame for maximum engagement. For enterprise clients, I've increased conversions by 40% and streamlined post-production, reducing costs by 25% through meticulous project management. My strategic methodology incorporates advanced storytelling frameworks and A/B testing protocols, ensuring content resonates deeply. I excel in cross-functional collaboration and stakeholder management, transforming complex narratives into compelling visual assets with strategic insights. If you seek a partner to elevate your brand's visual communication and achieve unparalleled results, let's connect."
EGY_00540,-0.5768918695231487,39.00731543460809,13.941872571949878,Bachelor's Degree,Tanta,Mobile App Development,35.1191463571337,7,8,0,86,74.3381521302455,41.451732016439614,1.0,0.45313427954255636,0,28.52517558805105,"I am a mobile app development freelancer with 14 years of experience. I provide professional services for building robust and user-friendly applications across various platforms. I have extensive experience in native iOS and Android development, utilizing tools like Swift, Kotlin, and Flutter. I can help clients create new mobile applications, improve existing ones, or maintain their current app solutions. My focus is on delivering reliable, high-quality apps that meet project requirements and provide a smooth user experience."
EGY_00541,0.8356921120651418,22.0990638837184,0.27603657795241165,Bachelor's Degree,Luxor,Customer Support,58.286390788949056,6,6,1,20,73.91777742413805,59.51669732993853,0.4124871972039316,0.8183167008390472,1,24.7474385977561,"I provide reliable customer support services, focused on delivering positive customer experiences. I can help with managing inquiries, resolving issues, and providing accurate information. I have strong communication skills and pay close attention to detail. I am proficient in using CRM software and am eager to learn new tools quickly. My goal is to ensure customer satisfaction and contribute effectively to your team. I am committed to offering dedicated and professional support to meet your needs."
EGY_00542,-1.129706854657618,28.82456019182395,5.720536710145567,Some College,Zagazig,UI/UX Design,43.634621061293856,6,0,0,18,66.41149247269362,40.69777582668373,0.8030873184204254,0.17977674946539693,1,20.272021675768364,"hello, i am from Zagazig. i am new UI/UX Designer. i really passionate about design. i will try my best to do good work for you. i am work hard and dedicated. i think i can help make good design. i am good team player."
EGY_00543,0.5298041779152828,47.69867649043359,19.21028140939171,Some College,Tanta,Web Development,59.863382289403134,9,10,0,108,83.93082052960881,95.38420720479542,0.9669942776160622,0.8494175262945858,1,42.00952625501705,"I am a Web Development freelancer with 19 years of experience, based in Tanta. I provide professional web development services for various business needs. I have extensive experience in PHP, MySQL, and front-end technologies like JavaScript. I can help businesses create robust, functional, and scalable web applications from scratch or enhance existing systems. My focus is on delivering reliable, well-coded solutions that align with project goals. I am committed to clear communication and ensuring timely, effective project completion."
EGY_00544,1.4415686206579004,25.18769957900326,6.0108239688882446,Master's Degree,Suez,Mobile App Development,83.60885558108038,9,6,0,50,83.97217067175531,99.83024096671622,0.8753887190665597,0.9361608289100403,1,43.81112848169787,"As a top 1% Mobile App Development expert, I architect robust, scalable, and ROI-driven mobile solutions, transforming complex business challenges into intuitive, high-performance applications. My data-driven approach, deeply rooted in Agile/Scrum methodologies, ensures meticulous planning and iterative development. I specialize in leveraging cutting-edge frameworks like Flutter and React Native, integrating seamlessly with cloud platforms such as AWS/Azure, and implementing robust CI/CD pipelines. Through strategic optimization and cross-functional collaboration, I've consistently delivered measurable impact, evidenced by projects increasing user engagement by up to 40% and optimizing operational costs by 25% for enterprise clients. I excel in stakeholder management and navigating the intricacies of large-scale, mission-critical projects, ensuring strategic alignment from conceptualization to deployment. Partner with me to elevate your mobile strategy and achieve unparalleled digital transformation."
EGY_00545,-2.4716445001272893,29.909344762800426,6.557672962351891,Bachelor's Degree,Cairo,Translation,20.905931231614083,1,3,0,2,44.69505533221929,39.597005123359125,0.5252132940754736,0.01695319557695899,0,3.0,"hello, i am new translator from cairo. i am passionate for translate words. i work hard and will do my best for your project. i think i can help you good. i am dedicated and will try my best. i am good team player too. i will make sure job is nice."
EGY_00546,-0.7968952554704768,31.826460254214272,8.152677648812428,High School,Giza,Administrative Support,26.279852877242213,6,6,0,42,65.88738130563054,83.24159567546103,0.40736741335581905,0.2440001386321352,0,7.8989861632373,"I am an Administrative Support freelancer from Giza with 8 years of experience. I provide professional and reliable administrative assistance. I have extensive experience in email management, data entry, and scheduling. I can help with organizing documents, managing calendars, and handling general office support tasks. My focus is on delivering accurate and timely results to ensure your operations run efficiently. I am committed to supporting your administrative needs effectively."
EGY_00547,0.57707212718054,32.06095967022247,5.400828308771866,Professional Certificate,Alexandria,Accounting,57.63475132530109,4,6,3,49,73.74819697682683,42.75621472735285,0.5214805525308216,0.7369878594584307,0,22.80122126108457,"I am an accounting freelancer based in Alexandria with 5 years of experience. I provide professional accounting services, focusing on accuracy and efficiency. I have experience in comprehensive bookkeeping, preparing financial reports, and managing accounts reconciliation. I can help with daily financial record keeping and preparing month-end statements. I am proficient with accounting software such as QuickBooks and Xero. My commitment is to deliver reliable support for your business's financial health."
EGY_00548,-0.2030453860429927,37.61406663982481,11.05438158228167,Master's Degree,Suez,Video Editing,56.85380960904054,10,2,0,62,66.7058152151523,57.401715227854936,0.6532032325422666,0.44692230687696477,1,26.4393741451809,"I am a professional video editor with 11 years of experience, specializing in creating high-quality visual content. I provide comprehensive video editing services for various projects. I have extensive experience using Adobe Premiere Pro and After Effects for editing, color grading, and basic motion graphics. I can help clients transform raw footage into polished, engaging videos. My goal is to deliver professional results efficiently and on time. I focus on clear communication and understanding project needs to ensure client satisfaction."
EGY_00549,0.37114587337130883,48.17842680783065,19.88782241173796,Professional Certificate,Mansoura,Digital Marketing,43.34542744905951,9,8,0,115,100.0,55.59109444516228,0.7973772361858849,0.8139846671427818,1,38.56282019629457,"I am a dedicated Digital Marketing freelancer with 20 years of professional experience. I provide comprehensive digital marketing services to help businesses enhance their online presence and reach their goals. I have extensive experience in key areas including Search Engine Optimization (SEO), Google Ads management, and Social Media Marketing. I can help with developing and implementing practical strategies tailored to your specific needs. My focus is on delivering consistent, reliable results and building strong, lasting client relationships."
EGY_00550,-0.6039851867158206,25.70216677864016,5.771710099397228,High School,Giza,UI/UX Design,45.13733040284946,2,4,0,39,77.66380245155882,16.215861778872302,1.0,0.3024845844736284,0,20.67116436924749,"I am a UI/UX Designer from Giza with 6 years of experience in creating effective digital products. I provide comprehensive UI/UX design services, focusing on delivering intuitive and user-friendly experiences. My expertise includes user research, wireframing, and prototyping. I am proficient with tools like Figma. I can help clients transform their ideas into functional and engaging interfaces, ensuring a smooth user journey. My goal is to support your project with reliable design solutions."
EGY_00551,0.08658978747289992,21.888044041629378,3.3341578677400463,Some College,Tanta,Mobile App Development,50.90648207510606,5,3,0,24,70.24225230395255,57.985531409631434,0.6963210486013685,0.6484799770167585,1,32.036892574014246,"I am a mobile app developer with 3 years of experience. I build robust and user-friendly applications for both iOS and Android platforms. I provide development services to bring your app ideas to life. I have strong experience in Swift, Kotlin, and integrating backend services like Firebase. I can help with developing new mobile applications or enhancing existing ones. My focus is on delivering functional and reliable solutions that meet project requirements. I am available to discuss your app development needs."
EGY_00552,-0.15567723539207948,24.319055675517994,3.890980779672716,Bachelor's Degree,Mansoura,Graphic Design,30.116954047894936,9,4,1,36,69.06451305367752,40.76947597658431,0.82579066898546,0.1850091267285963,1,26.04434479851429,"I am a graphic designer based in Mansoura with 4 years of professional experience. I provide effective design solutions for various business needs. I have experience in logo design, branding, and marketing collateral. I use Adobe Photoshop and Illustrator to create professional visuals. I can help clients translate their concepts into clear and impactful graphic designs. My focus is on delivering reliable work that meets project requirements and deadlines. I am ready to collaborate on your next design project."
EGY_00553,1.1677820616598074,46.38159680669662,17.043084401274324,Master's Degree,Mansoura,Content Writing,68.71332397008644,14,11,0,119,98.29084053019893,87.01589735462233,0.5795523670575499,0.9273378599222477,1,39.58117396182308,"As a top 1% Content Writing expert, I don't merely produce words; I architect strategic, ROI-driven content solutions designed for measurable impact. Leveraging a data-driven approach and a profound understanding of content marketing frameworks like AIDA and StoryBrand, I craft narratives that captivate audiences and propel business objectives. My expertise in optimizing content funnels, adhering to E-E-A-T principles, and implementing scalable strategies has consistently increased conversions by over 40% for enterprise clients, simultaneously reducing customer acquisition costs through meticulously planned content journeys. I thrive on complex projects, where cross-functional collaboration and strategic stakeholder management are paramount. I solve intricate challenges by aligning content initiatives with overarching business goals, ensuring every piece of content contributes directly to your bottom line, delivering undeniable value and sustained growth."
EGY_00554,0.2544208433012131,38.66594600496659,11.078925324033062,Professional Certificate,Port Said,UI/UX Design,45.441632488252864,5,11,0,52,86.91622219329373,47.127722153039024,0.7909412978611887,0.5543903403494898,0,30.583642689042087,"I am a UI/UX Designer from Port Said with 11 years of experience in the field. I provide functional and intuitive design solutions for web and mobile applications. I have extensive experience in user research, wireframing, and high-fidelity prototyping. I am proficient with industry-standard tools like Figma and Adobe XD. I can help businesses create user-centered designs that are easy to navigate and engaging. My focus is on delivering reliable and well-structured design work."
EGY_00555,0.3376026620752022,27.149017255653124,6.887067193796944,Master's Degree,Mansoura,Content Writing,43.387522109963776,5,2,1,44,54.16146496960159,47.272852406559785,0.6858733135159334,0.5529497798894245,0,21.757124256421925,"I am a professional content writer with 7 years of experience. I provide high-quality writing services for various platforms. I have experience in creating engaging blog posts, detailed articles, and compelling website copy. My work focuses on delivering clear, well-researched content. I am proficient in SEO content principles and use tools like Grammarly for accuracy. I can help clients effectively communicate their message and achieve their content goals. My aim is to deliver reliable and informative content that meets specific requirements."
EGY_00556,-0.4118769661224674,44.110302046995756,16.508127116976233,Bachelor's Degree,Suez,SEO Specialist,43.913252266389314,8,10,0,113,80.61252278390478,68.05350879429996,0.7852408410159974,0.5285748165906933,1,29.06533948118768,"I am an SEO Specialist based in Suez with 17 years of experience in the field. I provide comprehensive SEO services designed to improve online visibility. I have extensive experience in keyword research, on-page optimization, and technical SEO audits. I am proficient with standard tools such as Google Analytics and SEMrush. I can help businesses effectively enhance their organic search performance and drive relevant traffic. I focus on delivering practical and effective SEO strategies."
EGY_00557,-0.48760622407249354,45.56383988362995,17.52234162616357,Some College,Port Said,SEO Specialist,23.37737724638253,14,11,1,95,76.82643417695633,43.166915634797505,0.8156618033915013,0.23275960797582043,1,27.78327240151581,"I am an SEO Specialist from Port Said with 18 years of experience. I provide comprehensive SEO services focused on improving online visibility. I have experience in keyword research, on-page optimization, and technical SEO audits. I can help businesses enhance their organic search rankings and drive relevant traffic. My work involves using tools like Google Analytics and SEMrush to analyze and optimize website performance. I focus on delivering practical and effective SEO strategies to meet client needs."
EGY_00558,-0.4325581878196209,45.0884588380889,15.201005617518176,Master's Degree,El-Mahalla El-Kubra,Customer Support,36.76872425685686,7,10,0,82,79.64247133225136,62.252467152371885,0.6374777288920952,0.43020998129177035,1,23.305945981153492,"I am a customer support professional with 15 years of experience. I provide reliable and consistent customer support services. I have extensive experience in resolving customer issues, managing inquiries, and ensuring positive customer interactions.

I am proficient with Zendesk, CRM systems, and live chat support. I can help businesses maintain strong customer relationships and deliver excellent service. My goal is to offer dependable support that contributes to client satisfaction. I am based in El-Mahalla El-Kubra and committed to delivering professional service."
EGY_00559,0.39445214237829684,47.40564907646574,13.336703606136957,Some College,Zagazig,UI/UX Design,81.42852466070093,8,11,2,77,92.69059735437327,61.09881730738905,0.796016900471602,0.7942727201377984,0,32.51003679399382,"I am a professional UI/UX Designer with 13 years of experience, based in Zagazig. I provide expert design services focused on creating intuitive and engaging digital products. I have extensive experience in user research, wireframing, and prototyping, utilizing tools like Figma. I can help with crafting user-centered designs that enhance user satisfaction and deliver functional solutions. My commitment is to producing high-quality, clear, and visually appealing interfaces for various platforms. I ensure a reliable and professional design process."
EGY_00560,-0.42098448082026296,26.07171264554757,7.037333010835933,Professional Certificate,Luxor,Content Writing,50.187456721765486,9,7,0,55,66.4984281177799,51.51475814970893,0.7387630880784045,0.24930257051798604,0,18.515096531325224,"I am a Content Writer based in Luxor with 7 years of professional experience. I provide clear, well-researched content tailored to your specific needs. I have experience in creating SEO-optimized articles, engaging blog posts, and compelling website copy. I can help businesses effectively communicate their message to their target audience. My focus is on delivering high-quality, reader-friendly content consistently. I utilize tools such as Surfer SEO to enhance content performance. I am dedicated to being a reliable partner for your content requirements."
EGY_00561,0.2897748568964129,42.16134171988091,13.539130119911738,Bachelor's Degree,Mansoura,Customer Support,45.532373791772656,10,8,0,71,80.32250503946636,49.81658768955086,0.4370843813878301,0.697842225334413,0,23.47064763906125,"I am a dedicated customer support freelancer with 14 years of experience. I provide reliable and professional support services to ensure customer satisfaction. I have extensive experience in managing customer inquiries across various channels, including email, chat, and phone support. I am proficient in using CRM systems and ticketing software like Zendesk to streamline support operations. My focus is on clear communication and efficient problem resolution. I can help your customers with their needs, offering consistent and dependable assistance. I am committed to delivering high-quality support."
EGY_00562,2.075400798645439,32.73726391277248,7.116806819577246,Self-Taught,Cairo,Data Entry,95.17267138068554,13,7,3,71,80.20304997789668,82.43796026935038,0.36947030242780915,0.9654516759188633,1,36.16734924782737,"I architect solutions that drive strategic advantage. Leveraging a meticulous, data-driven approach, I optimize information workflows, ensuring unparalleled accuracy and integrity across complex enterprise projects. I implement industry-standard data governance protocols, including ISO 8000, consistently delivering measurable impact. For instance, I've empowered organizations to reduce operational costs by 25% and, through enhanced data quality, increased lead qualification efficiency by 40%, directly boosting ROI-driven outcomes. My expertise extends to strategic thinking, cross-functional collaboration, and stakeholder management, transforming raw data into scalable insights that fuel sustainable business growth."
EGY_00563,0.8711247034316923,44.94395369248197,17.553330039317167,Master's Degree,Asyut,UI/UX Design,53.14643494370405,11,7,1,102,94.16702999554556,58.481119261341924,0.7817984931017161,0.9535073384338179,1,44.4453720114026,"I am a UI/UX Design freelancer with 18 years of professional experience. I provide comprehensive UI/UX design services to help businesses create effective digital products. I have extensive experience in user research, wireframing, and prototyping. My toolkit includes industry-standard tools like Figma and Adobe XD. I can help create intuitive and engaging digital experiences that are user-centered. My focus is on delivering clear, functional designs that meet project requirements."
EGY_00564,-0.32602353216784113,41.311701669171626,13.202995721664717,Bachelor's Degree,Alexandria,Video Editing,39.57269548612766,8,7,1,66,81.9224798361041,34.030665899140374,0.5473370387103467,0.5858826560995256,1,25.142122743453843,"I am a professional video editor based in Alexandria with 13 years of experience. I provide comprehensive video editing services for various project types, ensuring clear and effective communication of your message. I have extensive experience in post-production, including precise editing, color correction, and sound design. My expertise covers industry-standard tools such as Adobe Premiere Pro and After Effects. I can help clients transform raw footage into polished, engaging videos that align with their vision. I am committed to delivering professional and reliable results on every project."
EGY_00565,1.2012139221639448,42.84631828799119,17.027663740887956,Bachelor's Degree,Mansoura,Video Editing,56.529694733166295,15,10,1,102,90.82492981687562,62.850752336220516,0.6059856324345875,0.9216652217742436,1,41.01328287409907,"As a top 1% video editing expert, I architect scalable visual solutions, not just execute edits, to drive tangible business outcomes for enterprise clients globally. Operating from Mansoura, I leverage a data-driven approach, meticulously optimizing content strategies for measurable impact. I consistently apply frameworks like the AIDA model and StoryBrand principles to craft narratives that resonate and convert. For a recent B2B campaign, my strategic editing increased engagement by 40% and reduced post-production cycle times by 25% through meticulous project management. My expertise encompasses high-volume content, corporate documentaries, and performance marketing videos. I excel in cross-functional collaboration and stakeholder management, translating complex objectives into compelling, ROI-driven visual stories. Partner with me to elevate your brand and optimize your video strategy for unparalleled success."
EGY_00566,-0.4080753730215514,38.99717880579429,13.83231918262997,Bachelor's Degree,Ismailia,Web Development,46.439668191336935,8,10,0,75,60.6410061876539,64.42055735386724,0.9896424721907413,0.38246576912561764,1,32.42640576939245,"I am a web development freelancer based in Ismailia with 14 years of professional experience. I provide comprehensive web development services, focusing on creating functional and responsive websites. I have extensive experience in front-end and back-end development, utilizing technologies like HTML, CSS, JavaScript, and PHP. I can help clients build new web applications, update existing sites, or resolve technical issues. My goal is to deliver reliable and maintainable web solutions that meet project requirements."
EGY_00567,-2.038124535177854,23.67772062303062,4.773771020219327,Bachelor's Degree,El-Mahalla El-Kubra,Mobile App Development,33.114428193303475,5,1,0,13,64.97333238824135,33.582643961736245,0.9151345977451648,0.04440000006130657,0,11.678841446385377,hello i am new developer from El-Mahalla El-Kubra. i make mobile app. i am passionate about this work. i am dedicated person. i will work hard and do my best for your project. i think i can help you. i am good team player. i will try my best.
EGY_00568,-1.008086310917404,35.44086140470203,7.732605420420146,Bachelor's Degree,Shubra El-Kheima,Digital Marketing,24.888643010640372,6,3,0,52,64.19944889426175,49.429575238892646,0.6886815666791727,0.20700113396547237,1,19.552151081579165,"Hello, i am from Shubra El-Kheima. i is passionate about digital marketing. i work hard and i will do my best for good work. i think i can help you. i will try my best to be a good team player. i am a dedicated person. i want to find nice project."
EGY_00569,-1.8707919210258557,49.50943166478426,21.329546969643353,Some College,Damietta,Content Writing,1.3336908105212757,6,6,0,94,71.5138125354788,27.572507519321388,0.5304479284893554,0.07610813001913191,1,16.00758725682761,"Hello, i am from Damietta. i want to write good content. I am very passionate for writing. i am work hard and dedicated. i will try my best for your project. i think i can help you with nice writing. I am team player. i do my best for good work."
EGY_00570,-0.35151348404130867,47.9964181279078,18.520351939212393,Bachelor's Degree,Ismailia,Mobile App Development,55.63696448457456,10,14,0,101,95.39335151004047,16.71498584878186,0.7644653004260733,0.41552218374407174,1,34.24993698989037,"I am a professional mobile app developer with 19 years of experience. Based in Ismailia, I provide reliable mobile application development services. I have extensive experience in building robust iOS and Android applications, utilizing technologies like Swift and Java. I can help clients with full-cycle app development, from concept to deployment. My focus is on delivering functional and stable mobile solutions that align with project specifications. I am prepared to contribute my expertise to your next mobile development project and ensure its success."
EGY_00571,0.0184183791895517,19.381559545504373,0.0903814488102177,Bachelor's Degree,Damietta,Video Editing,65.81428069872008,7,3,1,16,61.45159069698127,31.899593073988484,0.6088791822317803,0.4544080241196277,0,19.26253996344184,"I am a video editor based in Damietta, offering professional video editing services. I have experience utilizing Adobe Premiere Pro for various projects. My skills include video trimming, transitions, and basic sound editing. I can help clients create engaging content for social media, YouTube channels, or business presentations. Although I am starting my freelance journey, I am dedicated to delivering high-quality results and maintaining clear communication. I look forward to assisting you with your video needs."
EGY_00572,1.6764373122752827,23.274074103341988,3.4512213966896947,High School,Tanta,Translation,55.19575501998192,11,5,2,42,92.59745971083724,65.78216444414538,0.39191565424575814,0.923336826370423,1,32.971899677562064,"As a top 1% certified Translation Expert from Tanta, Egypt, I don't merely translate; I architect bespoke linguistic solutions that drive tangible business outcomes. Leveraging a data-driven approach, I optimize global communication strategies, ensuring cultural resonance and precise market penetration. My methodology integrates ISO 17100 quality standards with agile localization workflows, delivering scalable projects that consistently exceed expectations.

I specialize in empowering enterprise clients through complex, high-volume initiatives, where I adeptly manage cross-functional collaboration and stakeholder expectations. For instance, I've reduced time-to-market for new product launches by 25% and demonstrably increased target market engagement by 40% for multinational corporations. My strategic insight ensures ROI-driven linguistic asset development, consistently delivering measurable impact and unparalleled clarity across diverse global platforms."
EGY_00573,0.32692737376416264,22.21532075054598,0.0,Master's Degree,Asyut,Content Writing,59.50445402092688,6,4,0,20,73.2401634646594,36.89719330241064,0.5109399601147864,0.6105398503003739,1,23.28589095374847,"I offer professional content writing services focused on clarity and engagement. I can assist with various content needs, including blog posts, website content, and articles. I have experience utilizing Google Docs for collaboration and applying basic SEO principles to improve visibility. My commitment is to deliver well-researched, accurate, and error-free content on time. I understand the importance of clear communication and following project instructions precisely. I am ready to help you achieve your content goals with reliable and high-quality writing."
EGY_00574,-0.21910052880886424,41.231357119529456,14.756119894679015,Some College,Tanta,Mobile App Development,48.97854558901992,5,12,1,78,69.74700756284884,39.50543021543204,0.8041178927324896,0.563057297593144,0,27.803298723026263,"I am a mobile app development freelancer with 15 years of professional experience. I provide comprehensive mobile app solutions for both iOS and Android platforms. I have extensive experience in key technologies such as Swift for iOS, Kotlin for Android, and cross-platform development with Flutter. I can help with the full lifecycle of app development, including new application creation, adding new features, and maintaining existing mobile applications. My goal is to deliver functional, high-quality, and reliable software that meets client specifications. I am dedicated to clear communication and efficient project execution."
EGY_00575,0.8294055811834892,44.16913055542224,13.642735316889201,Some College,Zagazig,Video Editing,54.566330668874784,7,9,0,91,92.43811571847314,51.54454842848884,0.7055370957862352,0.8855891510751056,1,38.32818216776149,"I am a professional video editor from Zagazig with 14 years of experience. I provide high-quality video editing services for various projects. I have experience in Adobe Premiere Pro and After Effects. I can help with corporate videos, social media content, and promotional materials. My goal is to deliver reliable and effective video solutions for your needs. I focus on clear communication and timely delivery. I am ready to assist you with your next video project."
EGY_00576,-2.211135309007885,24.8323637219415,1.3940776614778319,High School,El-Mahalla El-Kubra,Administrative Support,2.8894136981893954,1,2,0,6,53.78204865789266,15.510245189991887,0.436782972882915,0.031024383995489943,0,3.0,Hello. i am from El-Mahalla El-Kubra. i want to do administrative support work. i am very passionate and dedicated. i will work hard always. i try my best for you. i think i can help your team. i am good and nice worker. i will be a good team player. i do my best for your project.
EGY_00577,0.23561455810856594,34.18728617445853,6.667653332239333,High School,Shubra El-Kheima,Video Editing,63.45172182609405,6,8,2,55,64.3684200566622,74.38492252686447,0.7005858984465857,0.7416394309119259,0,27.013328535743536,"I am a professional video editor based in Shubra El-Kheima, with 7 years of experience. I provide high-quality video editing services for a range of projects, including corporate videos, social media content, and short documentaries. I have experience using Adobe Premiere Pro and After Effects for precise editing and motion graphics. I can help transform your raw footage into polished and engaging videos. I focus on clear communication and delivering effective visual stories that meet your project requirements. My work ensures a professional and reliable outcome for your video needs."
EGY_00578,0.7708651938869668,44.9024968963584,18.36687488779489,Some College,Tanta,SEO Specialist,63.353683222876455,11,8,1,89,87.36796753414325,58.455708202700656,0.7187574793190974,0.9029153613216871,1,35.18459506091579,"I provide professional SEO services, leveraging 18 years of experience in optimizing websites for search engines. I have extensive experience in key areas such as keyword research, on-page optimization, and technical SEO. My work also involves utilizing tools like Google Analytics and SEMrush effectively. I can help your business improve its online visibility and achieve higher search engine rankings. My focus is on delivering reliable and effective SEO strategies tailored to support your specific needs."
EGY_00579,-1.4785862457798415,41.44964943252002,12.811262872126434,Some College,Damietta,Customer Support,30.365470887569582,3,5,0,67,57.89342329437512,46.27701742214992,0.4525700834180426,0.06055242088298086,0,4.417650454884271,Hello. i am from Damietta. i am new to customer support. i think i can help you good. i am passionate person and i work hard. i will try my best for all tasks. i am dedicated and a team player. i will do my best work.
EGY_00580,1.143754043206929,35.351590575739145,13.478409765276485,Self-Taught,Tanta,Graphic Design,60.938617119771926,13,12,1,96,98.77850376390568,66.18422268685354,0.6066858100563365,0.9434269693437831,0,32.15856787825365,"As a top 1% Graphic Design expert from Tanta, Egypt, I architect solutions that transcend aesthetics, delivering measurable impact and tangible business growth. I leverage a rigorous, data-driven approach, integrating advanced design thinking methodologies with strategic brand frameworks to meticulously optimize visual communication across all touchpoints. My expertise lies in crafting scalable design systems for enterprise clients, where I consistently achieve exceptional ROI. Through meticulous stakeholder management and seamless cross-functional collaboration, I've successfully increased conversions by up to 40% and reduced content creation costs by 25% on complex projects. Every visual asset I create is ROI-driven, strategically aligned with overarching business objectives to ensure peak performance and market distinction."
EGY_00581,0.3384964074944141,36.89112609468073,10.263072730703842,Bachelor's Degree,Tanta,Data Entry,47.05835406791664,6,6,0,60,81.05465887390866,75.29815600483467,0.28339418814216644,0.7493223985922303,0,15.532276133149606,"I am a professional Data Entry freelancer with 10 years of experience providing accurate and efficient data entry services. I have extensive experience in data compilation, data validation, and database management. I am proficient with Microsoft Office Suite, including Excel, and Google Workspace. I can help clients maintain organized and up-to-date records, ensuring data integrity. My focus is on delivering reliable results and meeting deadlines consistently. I am dedicated to supporting your administrative needs with precision and attention to detail."
EGY_00582,-0.4152879139008013,34.26753750132096,6.345806585606682,Bachelor's Degree,El-Mahalla El-Kubra,Accounting,19.220945878748516,3,6,1,33,49.879652092685006,60.331239110404766,0.7903181925697178,0.24919956734068288,0,18.61764643167706,"I am an experienced Accounting freelancer with 6 years of professional experience. I provide reliable accounting services to individuals and businesses. My expertise includes accurate bookkeeping, financial reporting, and preparing financial statements. I am proficient in using tools like QuickBooks and Microsoft Excel to manage financial data efficiently. I can help clients maintain organized financial records and ensure compliance with accounting standards. My goal is to offer accurate and timely accounting support. I am based in El-Mahalla El-Kubra."
EGY_00583,0.6327818661062848,27.52155044220226,3.479881385424037,Master's Degree,Asyut,Data Entry,57.211447693745484,7,4,1,25,74.27520972733438,48.72064434821691,0.511051255151244,0.7159731227344953,1,24.653432932137665,"I am a Data Entry specialist from Asyut, Egypt, with three years of professional experience. I provide accurate and efficient data entry services. I have experience in Microsoft Excel, Google Sheets, and data transcription. I can help with various administrative tasks, ensuring timely completion and high quality. My focus is on delivering reliable results and maintaining data integrity. I am detail-oriented and committed to meeting client expectations for all projects. I am ready to support your business needs with meticulous data handling."
EGY_00584,2.270692857804396,36.080703771488515,13.320045502906986,Master's Degree,Luxor,Customer Support,98.44865666160815,15,11,4,84,100.0,100.0,0.5603725575457532,0.9877052979208146,1,43.843153415135944,"Elevating customer experience from a strategic vantage point, I don't just solve problems; I architect scalable, ROI-driven solutions. As a top 1% Customer Support expert, my data-driven approach leverages advanced analytics and comprehensive CX journey mapping to optimize engagement and foster profound loyalty. Utilizing ITIL principles and COPC standards, I consistently deliver measurable impact, exemplified by initiatives that increased conversions by 40% and reduced operational costs by 25% for enterprise clients. I excel in cross-functional collaboration and stakeholder management, meticulously identifying friction points and optimizing end-to-end processes across complex projects. Partner with me to transform your customer support into a significant, strategic competitive advantage."
EGY_00585,0.18186625505849516,40.0443296656029,12.914801443488406,Bachelor's Degree,Alexandria,SEO Specialist,43.82544962539089,13,7,0,83,80.2926577666162,45.36455895542569,0.5696690316391984,0.5806722591765374,1,30.366522111802368,"I am an SEO Specialist based in Alexandria with 13 years of dedicated experience. I provide comprehensive search engine optimization services designed to improve organic search visibility for websites. My expertise includes keyword research, on-page optimization, and technical SEO audits. I have experience working with various industries. I can help your business enhance its online presence, attract relevant organic traffic, and achieve its digital marketing goals. I focus on implementing practical and sustainable SEO strategies."
EGY_00586,0.24822058630033608,45.94633330754584,15.671225391546301,Some College,El-Mahalla El-Kubra,SEO Specialist,38.49916185183765,11,11,0,113,79.29288317879389,55.97865702307895,0.654837391129387,0.46104531061540915,1,33.15127402244549,"I am an SEO Specialist located in El-Mahalla El-Kubra, offering 16 years of experience in the field. I provide comprehensive SEO services including keyword research, on-page optimization, and technical SEO. I have significant experience working with tools such as Google Analytics and SEMrush to analyze performance. I can help clients improve their website's organic search visibility and rankings. My focus is on implementing practical, effective SEO strategies to support online presence. I aim for consistent and dependable service."
EGY_00587,-0.4593608995402441,38.36132332733594,12.536830448107139,Master's Degree,Shubra El-Kheima,Accounting,47.46623217146635,11,8,0,63,76.99770244887134,50.14307170097199,0.4524666322309778,0.27870861255144985,0,23.7221911696874,"I am an accounting freelancer with 13 years of professional experience. I provide accurate and reliable bookkeeping, financial reporting, and payroll services. I have extensive experience using QuickBooks and advanced Excel to manage financial data effectively. I can help businesses maintain organized financial records, ensuring compliance and providing clear insights. My goal is to deliver precise and timely accounting solutions that support efficient business operations. I am committed to accuracy, confidentiality, and clear communication with clients."
EGY_00588,-0.8498443694647918,42.35588918538106,15.617098983563725,Professional Certificate,Mansoura,Content Writing,43.45313444249149,6,8,0,77,83.33087102315335,47.127338969639965,0.6127568233053912,0.20986694271145734,0,18.332932433068684,"I am a professional content writer with 16 years of experience. I provide well-researched articles, engaging blog posts, and clear website copy for various industries. I have extensive experience in SEO content writing and using WordPress to publish content effectively. I can help businesses communicate their message clearly and consistently to their target audience. My focus is on delivering reliable, high-quality content that meets project requirements on schedule. I am committed to producing professional and functional written material."
EGY_00589,0.8303358165442456,23.122292318546336,5.122292318546336,Some College,Zagazig,Administrative Support,56.59597764135192,13,11,0,42,70.85106570460212,71.90672822317447,0.357269274606936,0.5736735186797328,0,22.766241619527104,"I am an Administrative Support professional with five years of experience. I provide reliable assistance to help businesses manage their daily operations efficiently. I have experience in calendar management, email correspondence, and data entry. I am proficient with Microsoft Office Suite and Google Workspace. I can help with organizing schedules, handling communications, and maintaining records. My focus is on delivering accurate and timely support. I am ready to assist you with your administrative needs."
EGY_00590,-0.8560838259088672,32.76983918143328,11.758901968645818,Some College,Luxor,Administrative Support,33.671097964370574,3,10,0,46,55.61786644638472,28.37522780787823,0.3829709419550551,0.14820359088757767,0,10.788426804787942,"I am an Administrative Support professional based in Luxor with 12 years of experience. I provide reliable administrative assistance to individuals and businesses. I have experience in data entry, calendar management, and email correspondence. I am proficient with Microsoft Office Suite. I can help with organizing workloads, streamlining communications, and ensuring efficient daily operations. My focus is on delivering accurate and timely support, helping clients maintain productivity and organization. I am committed to providing consistent and high-quality administrative services."
EGY_00591,0.07156623721939247,18.298611834466985,0.0,Bachelor's Degree,Fayyum,Accounting,53.71252473047847,4,0,2,4,58.2907478000602,61.54382384883322,0.45988450486610455,0.6040811698141646,1,23.60941350851728,"I provide reliable accounting support to help businesses manage their financial records effectively. I am proficient in bookkeeping, financial data entry, and preparing basic financial reports. I understand the principles of general ledger maintenance and can work efficiently with tools like Microsoft Excel. My focus is on accuracy and attention to detail, ensuring your financial information is organized and correct. I am committed to delivering high-quality work and am ready to assist with your accounting needs. I look forward to contributing to your success."
EGY_00592,-0.4776574467651167,25.893723664691937,2.0841388266510856,Some College,Aswan,Content Writing,41.27964361222998,6,2,1,16,64.39992760114329,52.985293993948694,0.5760246675235858,0.3156221654130379,0,12.421840634997135,"I am a content writer based in Aswan with two years of professional experience. I provide clear, engaging content for various digital platforms. I have experience in writing blog posts, website content, and articles to meet diverse client needs. I can help with crafting compelling and well-researched copy. My skills include SEO content writing, keyword research, and using tools like Google Docs. I am reliable and committed to delivering high-quality work that aligns with your project goals."
EGY_00593,0.47897982574639186,41.246774883616155,13.12113460792314,Master's Degree,Damietta,Mobile App Development,67.1859907437357,7,14,1,70,81.10325740244868,55.75483843079297,0.8571424980436805,0.6889609069838738,1,38.67753943677215,"I am a Mobile App Development freelancer from Damietta with 13 years of experience. I provide professional services for creating robust mobile applications. I have extensive experience in native iOS and Android development, utilizing tools like Swift and Flutter. I can help clients bring their app ideas to life, delivering reliable and efficient applications that meet project requirements. My focus is on building high-quality, functional solutions. I am ready to assist with your next mobile project."
EGY_00594,0.3336621052869483,49.73791844317963,19.563312079073548,Some College,Luxor,Content Writing,79.37735733854642,10,10,0,122,80.70119748219851,51.15779270413246,0.5786738055987019,0.7662175707510871,1,39.153226800212316,"I am a content writing freelancer based in Luxor with 20 years of professional experience. I provide clear, well-structured written content for various digital platforms. I have extensive experience in crafting engaging articles, blog posts, and website copy. My skills include applying SEO best practices and utilizing content management systems. I can help businesses and individuals convey their message effectively through compelling writing. I am committed to delivering reliable and high-quality work that consistently meets project specifications."
EGY_00595,1.0375399442578992,21.17369918679091,0.0,Self-Taught,Mansoura,Digital Marketing,48.47146361196393,5,9,0,5,76.48134223393404,50.32895464820916,0.9032906465411626,0.8644273133329868,1,30.495283512804136,"As a top 1% Digital Marketing strategist from Mansoura, Egypt, I architect bespoke, ROI-driven solutions that transcend conventional approaches. My expertise lies in leveraging advanced analytics and a rigorously data-driven approach to optimize performance across the entire digital ecosystem. I meticulously craft strategic, scalable campaigns, whether it's enhancing SEO through White-Hat methodologies, maximizing PPC efficiency via Conversion Rate Optimization (CRO) frameworks, or implementing sophisticated Growth Hacking principles.

I specialize in guiding enterprise clients through complex digital transformations, consistently delivering measurable impact. For instance, I've increased conversions by over 40% and reduced acquisition costs by 25% through meticulous A/B testing and funnel optimization. My process involves deep stakeholder management and seamless cross-functional collaboration, ensuring every strategy aligns with overarching business objectives. If you seek a partner committed to innovation and demonstrable growth, let's connect."
EGY_00596,-0.510016398854747,30.847818107561224,5.794389034746649,Master's Degree,Cairo,Digital Marketing,54.6473053227586,5,4,0,44,74.914204739559,51.08507064560983,0.8311106904453138,0.4707076117562984,0,20.946936205645766,"I am a Digital Marketing freelancer based in Cairo with 6 years of experience. I provide professional digital marketing services to help businesses achieve their online goals. I have experience in SEO, social media marketing, and Google Ads. I can help improve your online visibility and effectively reach your target audience. I am committed to delivering reliable and practical marketing solutions. Let's connect to discuss how I can support your project."
EGY_00597,-0.26987493529337125,43.6022709983731,16.048938362123632,Bachelor's Degree,Port Said,Data Entry,47.00447298083277,12,9,0,103,81.53478259113913,36.8544579771051,0.3216967201401095,0.5241392662107716,0,14.261793716124119,"I am a professional Data Entry freelancer based in Port Said with 16 years of experience. I provide accurate and efficient data entry services to support various business needs. I have extensive experience in tasks such as data compilation, database management, and document processing. I am proficient in using Microsoft Excel and Google Sheets for effective data handling. I can help you maintain organized and reliable information. My focus is on delivering consistent and high-quality support for all your data entry projects."
EGY_00598,-0.9787637157823074,24.529140308124763,3.8201794817339554,Master's Degree,Alexandria,Video Editing,49.200553651807,4,5,0,25,43.09630518492508,41.82304696360704,0.6325605681443421,0.2690729536318316,0,14.972567655634274,"I am a professional Video Editing freelancer based in Alexandria with 4 years of experience. I provide high-quality video editing services for various projects. I have experience in using Adobe Premiere Pro and After Effects for precise cuts, engaging transitions, and visual effects. I can help with corporate videos, social media content, and short documentaries. My goal is to deliver well-edited videos that meet client specifications and effectively convey their message. I focus on clear communication and timely delivery. I am ready to assist with your video editing needs."
EGY_00599,-0.4442932600761116,35.76271837767316,10.723225017427069,Master's Degree,Alexandria,Accounting,50.57914621151512,6,6,0,59,69.09926058922314,43.148545536815305,0.4799338897936703,0.3086835811841074,0,23.720281671861596,"I am an Accounting freelancer based in Alexandria with 11 years of professional experience. I provide reliable accounting and bookkeeping services. I have extensive experience in financial record management, reconciliation, and preparing essential financial statements. I am proficient with QuickBooks and Microsoft Excel. I can help businesses maintain accurate financial records and ensure compliance with financial regulations. My aim is to deliver precise and timely financial support. I focus on organized and clear financial reporting to support your operational decisions."
EGY_00600,0.3773004930448522,41.458281472949594,12.557978214369617,Bachelor's Degree,Aswan,Content Writing,56.2710719950299,4,10,1,78,83.82228329860511,34.51519458029985,0.5604876071719311,0.7470201795263157,1,34.09638060450583,"I am a content writer from Aswan with 13 years of experience. I provide high-quality articles, blog posts, and website content for various industries. I have extensive experience in SEO writing, keyword research, and managing content within WordPress environments. I can help with crafting clear, engaging, and informative content that precisely meets your project requirements. My focus is on delivering reliable and well-written text on time. I prioritize accuracy and effective communication to ensure your message resonates with your audience."
EGY_00601,0.7569886166453519,37.71153440832573,11.366119216583906,Some College,Cairo,Social Media Management,68.95505867409062,11,12,0,68,78.14135853331555,45.082285691649325,0.6979197203276041,0.7097302204699873,0,29.19754774625885,"I am a Social Media Management freelancer based in Cairo with 11 years of professional experience. I provide comprehensive social media management services designed to enhance online visibility. I have extensive experience in content creation, community engagement, and platform management across various social channels. My expertise includes using industry tools like Hootsuite and Meta Business Suite for efficient operations. I can help businesses maintain a consistent and impactful online presence. I am committed to delivering professional and reliable support for all your social media requirements."
EGY_00602,-0.9221653241776254,24.016791507693316,1.761608616079381,Bachelor's Degree,Port Said,Content Writing,32.22596242548764,5,4,0,0,58.08773753251414,45.00565397647151,0.6665649990583911,0.1201916986163231,0,10.443032361736812,I am a content writer from Port Said with 2 years of professional experience. I provide clear and well-researched content for various online platforms. I have experience in developing engaging blog posts and compelling website copy. I can help with crafting articles that inform and attract readers. My skills include basic SEO knowledge and proficiency with Google Docs. I focus on delivering reliable and professional writing services to meet your project needs.
EGY_00603,0.8696059201056602,29.37230619794366,8.60378054101577,Master's Degree,Alexandria,Customer Support,55.30107458053636,6,8,0,50,74.34204109338185,52.57049933172681,0.44125679857110056,0.819394279665146,1,29.146275082007953,"I am a Customer Support freelancer based in Alexandria with 9 years of experience. I provide reliable customer service and support for various businesses. I have extensive experience in managing customer inquiries, resolving issues, and ensuring customer satisfaction. I can help with email support, live chat, and using CRM systems like Zendesk. My goal is to deliver consistent and professional support to maintain positive customer relationships. I am committed to providing clear and efficient communication."
EGY_00604,1.355637858804951,43.08133710353271,17.119300931567132,Master's Degree,Shubra El-Kheima,Mobile App Development,78.44319903805776,13,15,1,106,99.44035136461642,57.891351778346426,0.7395130413214491,0.8897520368729371,1,48.77222803703951,"As a top 1% Mobile App Development expert, I architect solutions that transcend conventional boundaries, consistently delivering measurable impact for enterprise clients. My data-driven approach leverages deep technical expertise in native iOS (Swift/ SwiftUI) and Android (Kotlin), alongside cross-platform powerhouses like Flutter and React Native. I strategically optimize development workflows, employing Agile and SCRUM methodologies to ensure robust, scalable, and ROI-driven outcomes.

I specialize in transforming complex business challenges into intuitive, high-performance mobile experiences. Through meticulous cross-functional collaboration and adept stakeholder management, I've spearheaded initiatives that increased conversions by 40% and reduced operational costs by 25%. My commitment is to engineer innovative applications that not only meet but exceed strategic objectives, positioning your brand for unparalleled digital success."
EGY_00605,0.41343490322370086,35.73524845222453,6.94877334685853,Some College,Giza,Web Development,47.75823906046047,8,8,2,39,72.73093237781791,43.502007805019126,0.9087703497724331,0.7185434213193784,1,34.98379909695868,"I am a professional Web Development freelancer with 7 years of experience. I provide robust and user-friendly web solutions for businesses and individuals. I have extensive experience in front-end and back-end development, utilizing technologies such as JavaScript, React, and Node.js. I can help with building new websites, enhancing existing web applications, and ensuring responsive and efficient performance across all devices. My focus is on delivering high-quality, reliable web projects that meet client needs effectively."
EGY_00606,1.876795812558066,18.167347633373208,0.0,Bachelor's Degree,Giza,Data Entry,84.57566310478667,11,4,0,21,83.69479651078134,61.5713769077295,0.4434622408581944,0.964777162577012,1,35.20132200535643,"As a top 1% Data Information Architect from Giza, Egypt, I specialize in transforming complex raw data into actionable, high-integrity assets for enterprise clients. I leverage a strategic, data-driven approach to optimize information lifecycles, architecting scalable solutions that ensure unparalleled data accuracy and consistency. Employing principles from Six Sigma for error reduction and rigorous data validation protocols, I consistently deliver measurable impact. My expertise has enabled clients to significantly enhance operational efficiency; for instance, increasing conversion rates by 40% through superior data integrity and reducing associated costs by 25% by streamlining workflows. I excel in cross-functional collaboration and stakeholder management, navigating intricate data ecosystems. Focused on delivering ROI-driven outcomes, I provide comprehensive data management, from meticulous entry to advanced curation, ensuring your critical information infrastructure is robust and primed for strategic growth."
EGY_00607,-0.773789199103573,42.351704320899,11.617964082359244,Bachelor's Degree,Alexandria,Data Entry,38.70063784432139,5,10,0,67,69.57490071174666,65.35452737860234,0.3361711169383275,0.3752360966776657,0,9.371914134849193,"I am a professional Data Entry freelancer based in Alexandria, with 12 years of dedicated experience. I provide accurate and efficient data entry services to support various business needs. I have extensive experience in using tools like Microsoft Excel and Google Sheets, alongside performing meticulous web research for data compilation. I can help with a wide range of data management tasks, including data cleaning, organization, and transcription into digital formats. My focus is on delivering reliable, high-quality, and timely results for every client, ensuring data integrity and accuracy."
EGY_00608,-1.244654703311417,19.12996335808765,0.0,Bachelor's Degree,Fayyum,Data Entry,8.035762939102987,1,2,0,1,45.981519366251746,18.26505650519374,0.4816554517565598,0.18191459031253668,0,3.0,Hello. i am from Fayyum. i want work in data entry. i am very passionate. i will try my best for you. i am good person and hard working. i think i can help. i am dedicated to my job. i do good work. i be a team player.
EGY_00609,-1.7787202489042786,41.86348104739943,14.151212688858937,Master's Degree,Suez,UI/UX Design,17.575371761806423,5,6,0,77,57.016694622374196,50.74890569812632,0.8639293003265441,0.08008018207536961,0,11.50090094115298,"Hello, i am new ui/ux designer from Suez. I am very passionate about design. i can do good work for client. I will try my best for your project. I am dedicated and work hard. I think i can help you with good design. I am team player."
EGY_00610,1.496044311489183,24.479377925287597,0.9883363157754981,Some College,Alexandria,Video Editing,75.78904662258397,11,2,2,30,76.72109970530121,62.991563425896025,0.5347128964096394,0.9064390252765875,1,35.769626851810564,"As a top 1% Video Editing expert based in Alexandria, Egypt, I don't just edit; I architect scalable, ROI-driven visual solutions that propel enterprise-level objectives. Leveraging a data-driven approach and a deep understanding of audience psychology, I optimize content strategies to deliver measurable impact. My expertise spans complex narrative construction, motion graphics, and sound design, all executed with precision against industry standards. I thrive on cross-functional collaboration and meticulous stakeholder management, transforming raw concepts into polished, high-performing assets. For instance, I've consistently increased client conversions by 40% through strategically optimized call-to-action placements and reduced post-production costs by 25% using agile methodologies. My commitment is to elevate brands through compelling visual storytelling, ensuring every frame serves a strategic purpose and contributes directly to business growth."
EGY_00611,0.6543656563540577,48.65835136382017,16.551291192041475,Master's Degree,Zagazig,Accounting,55.75547820622594,13,8,0,102,89.28893334073126,48.04607048758054,0.6630162185859164,0.6850628040640001,1,38.638587573026015,"I am an Accounting freelancer from Zagazig with 17 years of professional experience. I provide reliable accounting and financial record-keeping services. I have extensive experience in bookkeeping, financial reporting, and using QuickBooks. I can help businesses maintain accurate financial data and support their day-to-day operations. My focus is on delivering precise and consistent accounting support, ensuring clarity and compliance for your financial needs. I am ready to assist with your accounting tasks."
EGY_00612,-0.05558467091045507,29.774104041666703,5.056547680837024,Master's Degree,Zagazig,SEO Specialist,23.698908818721318,6,8,0,28,60.06473276232693,55.090337406543576,0.8160727284317493,0.4377775954682147,1,24.187812531172362,"I am an SEO Specialist based in Zagazig with 5 years of experience. I provide effective SEO strategies to enhance online presence. I have experience in keyword research, on-page optimization, and using tools like Google Analytics. I can help businesses improve their organic search rankings and attract more relevant website traffic. My work focuses on implementing practical SEO solutions. I aim to deliver consistent and reliable results for clients looking to boost their visibility."
EGY_00613,0.2799686263198203,28.46181172281853,6.691621692489006,Self-Taught,Mansoura,Accounting,67.40703067305891,10,10,0,32,74.11304699727917,54.155235279894555,0.7567668105623625,0.7197324402784793,1,33.56177494333547,"I am an accounting freelancer with 7 years of professional experience. I provide comprehensive bookkeeping, financial reporting, and general accounting services. I have experience in managing accounts payable/receivable, payroll processing, and preparing accurate financial statements. I can help businesses maintain organized and compliant financial records. My skills include using QuickBooks and Xero for efficient accounting operations. I am dedicated to offering reliable and precise financial support to clients."
EGY_00614,-1.1254890472983765,22.76441761063823,2.997339240455439,Some College,Mansoura,Translation,34.81141480324047,1,3,0,12,56.15288910814817,33.53163216938952,0.7211759717983776,0.06305390433145192,0,6.895806388967175,Hello. i am new translator from Mansoura. i want to work very hard for you. i am passionate for translation. i think i can help you with your project. i will do my best for you. i am good person and dedicated. i will try best for nice work. i think i can be a good team player always.
EGY_00615,2.4457519796168263,27.779334895686876,4.424125830737618,Master's Degree,Fayyum,Web Development,91.12367260695045,13,5,3,44,88.38645076582017,82.64727821280398,0.8097386777475784,0.9813535071720045,1,56.08074824756382,"As a distinguished top 1% Web Development expert, I architect sophisticated, scalable, and ROI-driven digital solutions engineered to propel enterprise clients forward. Leveraging a meticulously crafted, data-driven approach, I specialize in full-stack development, optimizing complex ecosystems with modern frameworks like React.js, Node.js, and robust cloud infrastructures such as AWS. My strategic leadership in high-stakes projects, often involving extensive cross-functional collaboration and meticulous stakeholder management, consistently delivers measurable impact. For instance, I've successfully engineered platforms that increased conversions by 40% and streamlined operations, reducing costs by 25%. Adhering strictly to Agile methodologies and industry best practices, my focus remains on building resilient, high-performance web applications that embody excellence and strategic advantage. I transform intricate business challenges into elegant, efficient, and future-proof digital assets."
EGY_00616,0.1292211819752275,46.05282437850242,17.18533637138025,Master's Degree,Zagazig,UI/UX Design,47.20555620784597,8,8,0,95,94.5227702253327,52.10862713774675,0.8924982520865802,0.6737360196057558,1,33.07967779657626,"I am a professional UI/UX Designer with 17 years of experience. I provide comprehensive design services focused on creating user-friendly and effective digital products. I have extensive experience in user research, wireframing, prototyping, and user interface design. I am proficient with industry-standard tools such as Figma and Adobe XD. I can help businesses and individuals translate complex ideas into intuitive and engaging user experiences. My goal is to deliver clear, functional, and visually appealing designs that consistently meet project objectives."
EGY_00617,0.10939479460489289,49.882698804071914,18.036259113268617,Bachelor's Degree,Ismailia,Social Media Management,56.95581880053997,14,7,0,90,90.26013109144111,48.07877126516111,0.7379629296589314,0.7528997007482167,1,34.41110137778362,"I am a Social Media Management freelancer based in Ismailia with 18 years of professional experience. I provide comprehensive social media services to help businesses establish and maintain their online presence. I have experience in content creation, community management, and using platforms like Hootsuite. I can help with developing engaging strategies and scheduling posts to reach your target audience effectively. My goal is to ensure your social media channels operate smoothly and professionally."
EGY_00618,0.725766623898692,29.785904976219147,6.528232765079381,Bachelor's Degree,Port Said,Social Media Management,79.2347008043474,6,3,0,57,66.77918429173688,72.7443151755454,0.615151680057713,0.8692107867201366,1,33.30728796830824,"I am a professional Social Media Management freelancer based in Port Said, Egypt, with 7 years of experience. I provide comprehensive social media services, including content creation, scheduling, and community management across various platforms. I have experience in developing effective social media strategies and utilizing tools such as Hootsuite and Canva. I can help businesses establish a strong online presence and engage effectively with their target audience."
EGY_00619,0.4810092317367132,32.35554019054536,11.96022829492429,Master's Degree,Tanta,Video Editing,49.86440863977712,8,13,0,66,93.44958671906303,34.067460048173146,0.6454924728066032,0.6790957897353508,1,32.961203483476524,"I am a professional video editor with 12 years of experience. I provide high-quality video editing services for various projects. I have experience using Adobe Premiere Pro and After Effects to create engaging content. I can help with corporate videos, social media content, and promotional materials. My focus is on delivering clear, professional video content that meets client requirements effectively. I am reliable and committed to client satisfaction."
EGY_00620,0.22388402427913137,41.106270022487585,16.544684117073245,High School,Luxor,Digital Marketing,70.02838741775767,12,14,0,91,93.19176986944147,38.96663594388338,0.5622376349776181,0.7692500292542396,1,34.90128301731172,"I am a Digital Marketing freelancer located in Luxor, offering 17 years of professional experience in the field. I provide essential digital marketing services to help businesses succeed online. I have extensive experience in key areas like Search Engine Optimization (SEO), social media marketing, and developing effective content strategies. I can help clients improve their online presence, attract more customers, and communicate their message clearly. My aim is to deliver consistent and dependable support that helps achieve online objectives."
EGY_00621,-0.7904744554453119,46.35826497488239,14.415796511074237,Bachelor's Degree,Shubra El-Kheima,Accounting,42.1285238272404,9,5,1,76,81.73359990225049,28.69107902512753,0.3594614332107034,0.3606574353058666,0,21.41324826747345,"I am an accounting freelancer with 14 years of experience providing comprehensive financial services. I have extensive experience in bookkeeping, financial reporting, and preparing essential tax documentation. I am proficient with tools like QuickBooks and Excel. I can help businesses accurately manage their accounts, ensure compliance, and maintain clear financial records. My goal is to offer reliable and precise accounting support to clients. I am based in Shubra El-Kheima and ready to assist with your accounting needs."
EGY_00622,0.4714683571359957,36.97741869397709,13.045916052144605,Bachelor's Degree,Cairo,Mobile App Development,48.3776978766713,9,9,0,90,87.48758130447902,39.788570355498315,0.678535805953265,0.7209424127785604,1,41.40422562431604,"I am a mobile app developer with 13 years of experience, based in Cairo. I provide expert mobile application development services for both iOS and Android platforms. I have extensive experience in Swift, Kotlin, and Flutter, creating robust and user-friendly apps. I can help with full-cycle app development, from concept to deployment and maintenance. My focus is on delivering reliable and functional solutions that meet client requirements effectively. I ensure clear communication throughout the project lifecycle."
EGY_00623,1.8820244964750337,30.52882234169054,9.140086513997508,Bachelor's Degree,Asyut,SEO Specialist,100.0,12,7,2,88,73.82855761153044,73.8731930976865,0.7389256921426727,0.9667315042151006,1,45.407888932715295,"As a top 1% SEO Specialist, I architect bespoke, ROI-driven organic growth solutions for complex enterprise challenges, consistently delivering measurable impact. My sophisticated data-driven approach leverages advanced analytics, competitor intelligence, and proprietary frameworks to optimize holistic digital visibility and search engine authority. I specialize in elevating E-A-T principles, refining Core Web Vitals, and implementing cutting-edge technical SEO strategies. For instance, I've spearheaded initiatives that increased conversions by 40% and reduced acquisition costs by 25% through meticulous strategic planning and execution. I excel in cross-functional collaboration and adept stakeholder management, translating intricate SEO complexities into clear, actionable roadmaps. My expertise ensures scalable, sustainable market leadership, enabling organizations to achieve unparalleled competitive advantage."
EGY_00624,1.3454200461549777,31.20389890715596,5.625812766788339,Self-Taught,Alexandria,Digital Marketing,74.097703091214,10,7,2,67,90.6338683417869,73.72633393997711,0.7936509131920062,0.9336948975203513,1,40.32568071018993,"As a top 1% Digital Marketing Strategist, I don't just execute campaigns; I architect sophisticated, ROI-driven solutions that redefine digital performance for enterprise clients. My methodology is meticulously data-driven, leveraging advanced analytics and industry-leading frameworks to optimize multi-channel campaigns across SEO, SEM, and social media. I consistently deliver measurable impact, as demonstrated by initiatives where I've increased conversions by 40% and strategically reduced acquisition costs by 25%. My expertise encompasses complex project leadership, strategic stakeholder management, and fostering seamless cross-functional collaboration to achieve scalable, sustainable growth. I am dedicated to translating market intricacies into actionable strategies, ensuring profound and measurable business outcomes."
EGY_00625,1.593186626639397,40.259780687897816,14.99342370024841,Bachelor's Degree,Tanta,SEO Specialist,80.66258608732136,13,15,1,85,98.90830328332645,39.680282101858936,0.672611588682558,0.957651228002043,1,42.63258422102365,"As a Top 1% SEO Specialist based in Tanta, Egypt, I don't merely optimize; I architect sophisticated, scalable, and ROI-driven solutions designed for sustainable organic growth. My methodology leverages a meticulous, data-driven approach, deeply informed by Google's E-A-T principles, Core Web Vitals, and advanced semantic analysis, to navigate complex digital landscapes. I specialize in delivering measurable impact for discerning enterprise clients, demonstrating a consistent track record of increasing conversions by 40% and reducing organic acquisition costs by 25%. My expertise extends to strategic competitive intelligence, proactive algorithmic risk mitigation, and fostering seamless cross-functional collaboration. I am adept at stakeholder management, translating intricate SEO roadmaps into tangible business outcomes, ensuring your digital presence doesn't just rank, but truly performs."
EGY_00626,-0.5112156764311852,18.102984435336918,0.10298443533691781,Some College,Tanta,Administrative Support,39.63824380626464,3,4,1,3,57.86807334333989,36.754615787288685,0.6221169128759264,0.14374119981583414,0,8.441490789067776,"I provide administrative support services from Tanta. While I am new to Upwork, I am eager to apply my foundational skills to assist clients effectively. I have experience in using Microsoft Word and Excel for document creation and data entry, as well as managing email correspondence efficiently. I can help with tasks like organizing information, preparing reports, and scheduling appointments. I am highly organized, detail-oriented, and committed to delivering accurate work on time. I am ready to support your administrative requirements."
EGY_00627,-0.9896048202585809,37.8268587987149,9.651025666740113,Professional Certificate,Shubra El-Kheima,Data Entry,27.192661242826116,7,7,0,45,68.90356267971369,33.29978844866028,0.4987075402909285,0.2913115185718269,0,8.553177645100394,"I am a professional Data Entry freelancer from Shubra El-Kheima with 10 years of experience. I provide accurate and efficient data entry services for a variety of projects. I have extensive experience with Microsoft Excel, Google Sheets, and various online CRM systems, ensuring precise data handling. I can help with data compilation, data cleansing, and transferring information reliably into required formats. My focus is on delivering high-quality, organized data that consistently meets client specifications and project deadlines."
EGY_00628,-0.12578692009964815,29.375776334123437,4.990460158445535,Some College,Cairo,UI/UX Design,49.79132864526317,9,4,2,38,81.71803793782833,44.20271761644276,0.6401686815210169,0.31328473809739427,0,18.332986450402053,"I am a UI/UX Design freelancer from Cairo with 5 years of experience. I provide professional UI/UX design services for web and mobile applications. I have experience in user research, wireframing, and prototyping. I can help with creating intuitive and user-friendly interfaces. My focus is on delivering clear, functional designs using tools like Figma and Adobe XD. I am reliable and committed to meeting project requirements."
EGY_00629,0.055724912288694604,43.414314600866696,17.28391169420702,Some College,Aswan,SEO Specialist,66.65051091916371,8,13,0,100,82.11332718846862,31.392379399466446,0.6828025794114577,0.6900463102097568,0,28.63051888065987,"I am an SEO Specialist from Aswan with 17 years of experience in optimizing websites for search engines. I provide comprehensive SEO services designed to improve online visibility and organic traffic. I have extensive experience in keyword research, on-page optimization, and technical SEO. I can help with developing effective SEO strategies, analyzing website performance, and implementing best practices. My focus is on delivering reliable and sustainable results for my clients."
EGY_00630,1.0941915184709485,20.97570047434023,2.3284109062554332,Bachelor's Degree,Fayyum,Customer Support,63.31627465520734,6,7,1,25,70.27130762217703,58.43048512923694,0.40603146838186965,0.8554973190172752,1,28.96523515753705,"As an elite Customer Support expert, I transcend traditional problem-solving to architect strategic, scalable solutions that transform customer experience into a definitive competitive advantage. Leveraging a rigorously data-driven approach and grounded in industry-leading COPC standards, I meticulously optimize operations to deliver profound, measurable impact. My proficiency extends to advanced stakeholder management and seamless cross-functional collaboration, which has consistently enabled me to drive exceptional outcomes for complex enterprise clients. I've spearheaded initiatives that resulted in a remarkable 40% increase in customer conversions and a significant 25% reduction in operational costs. My focus is always on ROI-driven strategies, proactively identifying systemic inefficiencies and implementing robust, future-proof frameworks that guarantee long-term customer satisfaction and sustainable business growth. Let's elevate your customer support function from reactive service to a proactive growth engine."
EGY_00631,-1.6924646297148194,36.82247254234849,12.396436075888143,Bachelor's Degree,Mansoura,Graphic Design,24.345518098536328,5,6,0,52,54.86173164300748,16.023581065370593,0.691399586872151,0.09119547068051545,1,17.48960353338828,Hello there. i am from Mansoura. i am new graphic design. i am very passionate about good design. i will work hard for you project. i will do my best for nice work. i am very dedicated person. i think i can help you. i will try my best to be good team player always.
EGY_00632,1.5295503194606137,33.39113247635596,9.915857918614572,Master's Degree,El-Mahalla El-Kubra,Data Entry,87.50653951170504,9,9,1,62,81.60974966136706,63.33894723300756,0.3969421075234629,0.9536910821309148,1,36.09471801159779,"As a verified top 1% Data Entry architect, I transcend conventional data processing, leveraging intricate datasets to drive profound strategic outcomes. My methodology, rooted in a rigorous data-driven approach and informed by ISO 9001 quality principles, ensures unparalleled accuracy and integrity—foundational for enterprise-level operations. I architect scalable solutions for exceptionally complex data challenges, meticulously optimizing workflows through strategic stakeholder management and seamless cross-functional collaboration. For a major e-commerce client, my precise data orchestration directly led to a 40% increase in conversion rates and a 25% reduction in associated operational costs. My commitment is to delivering measurable, ROI-driven impact, transforming raw information into actionable, high-value assets. Let's collaborate to elevate your organization's data strategy and achieve sustained competitive advantage."
EGY_00633,-0.15800789857898942,38.55441682896728,13.114041939236655,Some College,Shubra El-Kheima,Data Entry,44.62661306327275,5,9,1,48,69.67873405438752,22.3094924370691,0.3117021626093557,0.19515536097621441,0,17.419051665017093,"I am a dedicated Data Entry freelancer based in Shubra El-Kheima, with 13 years of professional experience. I provide accurate and efficient data entry services. I have extensive experience in data collection, data organization, and maintaining databases. I am proficient with Microsoft Excel, Google Sheets, and various CRM platforms. I can help clients manage their data effectively, ensuring precision and timely completion of tasks. My focus is on delivering reliable support for your data management needs."
EGY_00634,-0.42688106994742003,20.075315023454987,0.0,Some College,Tanta,Mobile App Development,48.69954706247991,6,3,3,0,40.917071330362454,39.96403581009626,1.0,0.21295846359431791,1,26.476906427336868,"I provide mobile app development services, specializing in creating functional and user-friendly applications. I have experience in Flutter for cross-platform development and native Android with Kotlin. My skills also include integrating RESTful APIs and working with Firebase for backend solutions. I can help clients bring their app ideas to life, from concept to deployment. I am based in Tanta and committed to clear communication and delivering reliable results. I am eager to contribute to your projects."
EGY_00635,-1.0121043752601675,36.5594811977002,13.230324131863016,Some College,Giza,UI/UX Design,43.591939438494464,2,6,0,77,73.13768892993265,27.069243557440593,0.8057396907958745,0.2524870047907229,0,21.37924006240463,hello i am UI/UX designer from Giza. i am passionate for good design. i will try my best for your project. i am hardworking and dedicated. i think i can help you make good things. i am a team player. i do my best. i nice person to work with.
EGY_00636,-1.6548566718657693,35.96750681470476,13.119684073678403,Some College,Alexandria,Web Development,23.20934043324363,5,4,0,77,79.0334119099566,26.204504221407444,0.8583960460529759,0.07569462727049606,0,16.181221657534977,hello. i am from alexandria. i want to do web development work. i am passionate and dedicated. i is a good person. i will do my best for your project. i think i can help you. i am team player. i will try my best to do good work.
EGY_00637,0.8231705839619146,35.941123021317466,10.305892324654423,Master's Degree,Port Said,Digital Marketing,65.44593469142795,11,6,0,82,100.0,64.3899376622601,0.7246860050539694,0.8688962642395552,1,34.57144953044957,"I am a Digital Marketing freelancer based in Port Said with 10 years of experience. I provide professional digital marketing services to help businesses grow online. I have experience in key areas such as SEO, Social Media Marketing, and Google Ads. I can help with strategies to improve your online visibility and connect with your target audience. I am dedicated to delivering reliable and effective marketing solutions."
EGY_00638,0.07331796718840389,37.311605331086554,11.500009299024207,Bachelor's Degree,Zagazig,SEO Specialist,57.71079728463779,9,6,0,77,71.16424862808435,50.20878970003254,0.8618668046208626,0.7287430109111124,0,26.42964135514226,"I am an SEO Specialist based in Zagazig with 12 years of professional experience. I provide comprehensive search engine optimization services designed to enhance online visibility. My expertise includes in-depth keyword research, effective on-page optimization, and robust technical SEO. I regularly utilize tools such as Google Analytics and SEMrush for data analysis. I can help businesses improve their organic search rankings and attract more targeted traffic. My commitment is to deliver consistent and reliable SEO strategies that drive results."
EGY_00639,-1.2899608997410539,39.64697399124359,9.92596938963471,High School,Giza,SEO Specialist,26.64143456844292,5,5,0,39,59.81211006592762,46.42139722974072,0.7911274639834055,0.14609011927442261,0,14.713232396978183,hello i am from Giza. i am new SEO Specialist. i am good and passionate about SEO. i will work hard for you. i think i can help you. i always do my best. i am very dedicated and want do good work. i try my best for all projects.
EGY_00640,-1.295078772063616,43.75964798978463,16.48429830590645,Master's Degree,Tanta,Administrative Support,38.73147006894569,5,7,0,70,81.64239718182988,29.047558537291472,0.4337648891834882,0.12806985402824805,0,12.086970651348459,"Hello. i am from Tanta. i want do administrative support work. i am passionate and a dedicated person. i will work hard and do my best for your project. i think i can help you with your tasks. i am nice and good team player. i am new, but i try my best for you."
EGY_00641,-0.3357846992901282,26.63426304410286,6.324672709890003,Bachelor's Degree,Luxor,Data Entry,39.49336867609369,7,4,2,21,69.58793778559598,55.25385587649485,0.3007910319900378,0.29260320264041617,0,11.407845247785191,"I am a professional Data Entry freelancer with 6 years of experience, dedicated to providing accurate and efficient services. I have extensive experience in various data management tasks. My skills include proficiency in Microsoft Office Suite (Excel, Word) and Google Workspace. I am also adept at data compilation and verification. I can help businesses and individuals with their data processing needs, ensuring high accuracy and timely completion. I am committed to delivering reliable and organized results for every project."
EGY_00642,1.669021525289393,44.401581125761986,15.71656664145857,Professional Certificate,Asyut,Content Writing,68.28444708973599,11,10,2,96,100.0,86.90306489917518,0.516380486184042,0.9824413542204407,1,44.817198076243955,"As a top 1% Content Writing expert, I architect bespoke content strategies that drive tangible business outcomes, positioning brands for formidable growth. Leveraging a data-driven approach and deep expertise in E-E-A-T principles and Content Marketing Institute standards, I optimize content funnels for enterprise clients, delivering measurable impact. My strategic initiatives consistently increase conversions by 40% and, through efficient agile content workflows, reduce associated costs by 25%. I excel in cross-functional collaboration and stakeholder management, translating complex briefs into scalable, ROI-driven content solutions. My acumen ensures every piece of content performs optimally, proactively solving intricate communication challenges and maximizing stakeholder value. I don't just write; I engineer persuasive narratives that resonate and convert."
EGY_00643,-0.2595913513636048,33.944181832430516,11.815215819199315,Bachelor's Degree,Suez,Accounting,30.835719121341356,9,8,0,68,73.07303358442238,50.99129936559605,0.5017857388995302,0.396959001180439,0,24.707836678570015,"I am an experienced Accounting freelancer with 12 years in the field. I provide professional accounting and bookkeeping services. I have extensive experience in financial reporting, general ledger management, and accounts reconciliation. I am proficient with tools like QuickBooks and Microsoft Excel. I can help businesses maintain accurate financial records, ensure compliance, and streamline their financial operations efficiently. My focus is on delivering reliable and precise support to meet your accounting needs."
EGY_00644,-1.5031429531181062,20.465864932298597,0.8113644974192772,Master's Degree,Damietta,Translation,22.418232264217824,3,4,0,0,55.61202877449354,31.650317104599555,0.6007165759215555,0.052509066977662236,0,3.0,hello i am new translator from Damietta. i am very passionate about translate. i work hard for good work. i do my best for your project. i think i can help you. i will try my best for nice results. i am dedicated person. i am good team player.
EGY_00645,-0.24574306408594432,19.873629735807334,1.8736297358073344,Bachelor's Degree,Cairo,Content Writing,38.15882702000863,5,3,0,22,51.76860629319984,53.2665144936505,0.6756531900986711,0.38649032622827406,0,16.85453735447594,"I am a content writing freelancer based in Cairo with 2 years of experience. I provide clear and engaging content for businesses and individuals. I have experience in creating blog posts, website content, and articles. I can help with SEO-friendly content and keyword research to enhance online presence. I am proficient in using Google Docs and have basic WordPress knowledge. My focus is on delivering reliable and well-researched content on schedule."
EGY_00646,-0.2727235697476705,28.695626198273946,4.378047041580135,Master's Degree,Ismailia,Accounting,41.9004068912352,4,4,0,36,67.68683538846123,51.363571424844814,0.4774458841024958,0.507807540732888,0,15.59277078235858,"I am an accounting freelancer based in Ismailia, Egypt, with four years of professional experience in various accounting functions. I provide reliable services in bookkeeping, financial reporting, and payroll processing. I have practical experience with accounting software such as QuickBooks and am proficient in Microsoft Excel for data analysis. I can help businesses maintain accurate financial records, prepare clear financial statements, and support general ledger management. My focus is on delivering precise and timely accounting support to ensure your financial operations run smoothly."
EGY_00647,-2.6968866429415717,43.11670326756696,15.0229176587917,Bachelor's Degree,Mansoura,SEO Specialist,15.666626675021307,8,3,0,59,58.32498079895273,32.656005406100014,0.7800760183371502,0.011466229287575909,0,4.784637403565824,"hello, i am from Mansoura. i am a new SEO specialist. i am passionate and i dedicated. i will work hard for good project. i will do my best for you always. i think i can help with your nice site. i try my best. i am team player."
EGY_00648,-0.05429486651781221,40.6457899117093,13.238765431219909,Bachelor's Degree,Alexandria,Content Writing,31.92883446848179,10,8,0,62,79.66217513511855,61.255453494434235,0.5091384112031903,0.4540261206598775,1,26.539368734079694,"I am a content writing freelancer from Alexandria with 13 years of experience. I provide professional content writing services for businesses. I have extensive experience in creating engaging blog posts, compelling website copy, and SEO-optimized articles. I can help with your content needs, ensuring clear, well-researched, and effective writing. My goal is to deliver reliable and high-quality content that meets your project requirements. I am committed to producing professional and timely work."
EGY_00649,-0.23093453020867796,43.235678869517,15.592023165792083,Self-Taught,Port Said,Mobile App Development,26.789273100998752,9,11,0,100,87.38052670607003,59.31619379386746,0.7888226346034479,0.2794260769249984,0,29.481552058940892,"I am a mobile app developer from Port Said with 16 years of experience. I provide comprehensive mobile application development services for iOS and Android platforms. I have extensive experience in native development using Swift for iOS and Kotlin for Android. I also specialize in integrating backend solutions like Firebase to build robust applications. I can help with the full app development lifecycle, from initial planning to successful deployment. My goal is to deliver reliable and high-quality mobile solutions that precisely meet your project requirements."
EGY_00650,0.6962063648134184,34.5526098061315,9.192512026012183,Master's Degree,El-Mahalla El-Kubra,Graphic Design,52.95230330568845,10,10,0,62,81.02073004661487,59.01486574118817,0.5050476479294539,0.7486032637159986,1,32.21792852694046,"I am a Graphic Designer from El-Mahalla El-Kubra with 9 years of professional experience. I provide high-quality graphic design services. I have extensive experience in branding, print design, and digital graphics. I am proficient in Adobe Photoshop, Illustrator, and InDesign. I can help with your design needs by delivering reliable and visually appealing solutions. My focus is on clear communication and delivering professional results to every client."
EGY_00651,1.8489560949453452,32.0863679345757,8.188875569402082,Master's Degree,Mansoura,SEO Specialist,82.34664636004675,10,11,0,85,86.496653584057,77.30587262973141,0.552069225381661,0.9722083457319891,1,43.57753083500738,"As a top 1% SEO Specialist, I strategically architect comprehensive, ROI-driven solutions that propel enterprise-level digital growth. My data-driven approach leverages advanced technical SEO audits, E-A-T aligned content strategies, and scalable link-building methodologies, ensuring sustained organic visibility. I excel in diagnosing complex ranking challenges and implementing precise, measurable interventions. Through cross-functional collaboration and adept stakeholder management, I’ve consistently delivered exceptional results, exemplified by projects where I increased conversions by 40% and significantly reduced client acquisition costs by 25%. My expertise is in transforming intricate SEO problems into tangible, measurable impact."
EGY_00652,1.1265650295477574,22.718480854601086,4.483182855643664,Some College,Alexandria,SEO Specialist,69.78712491341324,8,8,0,42,78.73051505080021,68.3566743034126,0.6080572639203465,0.8414867317609999,1,36.078406432406254,"As a top 1% SEO Specialist, I architect bespoke, ROI-driven solutions that redefine organic growth. My expertise, cultivated from Alexandria, Egypt, lies in spearheading complex SEO initiatives for enterprise-level organizations, transforming digital landscapes. I leverage a rigorous data-driven approach, combining advanced technical SEO audits with sophisticated semantic search optimization and E-A-T principles. My strategic methodologies consistently deliver measurable impact: clients have experienced average conversion uplifts exceeding 40% and optimized organic acquisition costs by over 25%. I excel in diagnosing intricate performance bottlenecks, developing scalable strategies, and fostering seamless cross-functional collaboration. With a proven track record in stakeholder management and predictive modeling, I am committed to delivering unparalleled, sustainable competitive advantages."
EGY_00653,-0.26888869055483056,28.50216811549797,5.427772394822346,Some College,El-Mahalla El-Kubra,Graphic Design,38.31604631256828,11,6,1,37,52.715942329582596,28.66264468172647,0.6474268244110648,0.5763370903619052,0,19.929487399407254,"I am a Graphic Designer with 5 years of experience. I provide professional design solutions tailored for various businesses and projects. I have experience in branding, print design, and creating digital graphics for web and social media. I can help with developing clear and effective visuals using industry-standard tools like Adobe Creative Suite. My goal is to deliver high-quality work that aligns with your specific requirements. I am reliable and committed to client satisfaction."
EGY_00654,-1.1065259087416703,31.88861971756401,5.120017629061046,Bachelor's Degree,Damietta,Digital Marketing,45.09619369043956,3,4,0,17,61.5164852057474,52.755429371479636,0.650601861938921,0.15387418242639792,0,15.513418348949076,"Hello, i am from Damietta. i start in digital marketing. i am very passionate about this work. i like it good. i will work hard and do my best always. i think i can help your project. i am dedicated and will try my best. i am good team player too."
EGY_00655,2.5733598032498604,20.83521374974775,2.8352137497477514,Master's Degree,Port Said,Graphic Design,82.0162976975645,11,8,2,41,96.93225268511682,55.840959689831294,0.7998084361705706,0.9826193294800197,1,47.60182258362477,"As a top 1% Graphic Design expert, I architect visually compelling, ROI-driven solutions that transcend aesthetics to deliver tangible business impact. I leverage a data-driven approach, integrating advanced Design Thinking methodologies to optimize user engagement and brand perception. My strategic focus extends beyond pixels; I specialize in transforming complex business objectives into scalable visual ecosystems that resonate with target audiences.

Through meticulous stakeholder management and seamless cross-functional collaboration, I've consistently delivered measurable results for enterprise clients. This includes increasing conversions by 40% through enhanced UI/UX design and reducing marketing material production costs by 25% via streamlined brand guidelines and asset management. My expertise lies in crafting impactful, future-proof visual strategies that elevate brands, drive commercial success, and deliver a competitive edge."
EGY_00656,0.05921843401448826,25.05958248675876,6.998657649436229,Some College,Tanta,Social Media Management,55.51281637148859,6,5,1,30,65.83725456272998,61.39342107257942,0.5567503013671041,0.5072110554878302,1,24.095787542826415,"I am a Social Media Management freelancer from Tanta with 7 years of professional experience. I provide comprehensive social media services to help businesses enhance their online presence. I have experience in content creation, community engagement, and using various scheduling platforms. I can help with developing effective social media strategies, managing daily posts, and monitoring performance across platforms. My focus is on delivering consistent, reliable support to meet your social media objectives."
EGY_00657,0.013929291912946203,37.143209410039645,8.90140025581255,Bachelor's Degree,Zagazig,Content Writing,46.58107610335247,6,7,0,41,66.33530352990209,54.17209295582098,0.6183946402501419,0.36470720156870357,0,24.357664925360282,"I am a content writer from Zagazig with 9 years of experience. I provide high-quality articles, blog posts, and website content. I have experience in SEO writing and can help businesses communicate effectively through clear, engaging text. My skills include content strategy and keyword research. I am proficient with tools like Grammarly. I am reliable and focused on delivering accurate, well-researched content for your projects."
EGY_00658,-0.024125087110003277,41.541219655654075,15.504147403882833,Professional Certificate,Suez,Mobile App Development,40.950360183413395,10,10,0,95,78.05695698135557,45.44617553814188,0.9820242967252667,0.5708347962162945,1,34.608705350349005,"I am a mobile app developer from Suez with 16 years of experience. I provide comprehensive mobile application development services, focusing on robust and user-friendly solutions. I have extensive experience in native iOS and Android development. My expertise includes using Swift, Kotlin, and working with RESTful APIs. I can help clients transform their ideas into functional mobile applications. I am committed to delivering high-quality and reliable applications that meet project requirements."
EGY_00659,0.19808476076785494,49.94712036457439,18.162322677641946,Master's Degree,Fayyum,Administrative Support,46.92060353037043,11,12,0,100,88.72014780510234,58.24486951160803,0.45925126042737546,0.7402914316741014,0,22.54510993932166,"I am an experienced Administrative Support professional with 18 years of dedicated experience. I provide reliable and efficient administrative assistance to individuals and businesses. I have extensive experience in managing schedules, organizing documents, and performing accurate data entry. I am proficient with Microsoft Office Suite, including Word, Excel, and Outlook. I can help streamline your operations and ensure tasks are completed precisely and on time. My focus is on delivering consistent, professional support to meet your administrative needs."
EGY_00660,-0.14436041192394247,47.85962660299384,18.44275039245842,Some College,Giza,Digital Marketing,55.174597669276444,12,10,0,97,87.947609133733,54.54621495035442,0.7136084175830979,0.6007658559295495,1,31.98533384400142,"I am a Digital Marketing freelancer based in Giza, bringing 18 years of professional experience to my clients. I provide comprehensive digital marketing services designed to support your online objectives. I have extensive experience in key areas such as Search Engine Optimization (SEO), social media marketing, and Google Ads management. I can help businesses enhance their online presence, attract more leads, and connect effectively with their target audience. My focus is on delivering consistent and reliable marketing support to help you achieve your goals."
EGY_00661,-0.5736620068802363,38.56208638512613,12.925700089102666,Bachelor's Degree,Fayyum,Video Editing,45.00532134822401,9,12,0,63,86.57586561597228,23.49905731614102,0.6147008586553555,0.38732095820502094,1,25.991038478429548,"I am a professional video editor from Fayyum with 13 years of experience. I provide high-quality video editing services for a range of projects. I have extensive experience in using Adobe Premiere Pro, After Effects, and DaVinci Resolve to craft compelling visual stories. I can help with corporate videos, marketing content, social media clips, and various promotional materials. My focus is on delivering polished, professional videos that meet client specifications efficiently. I am reliable and committed to producing excellent results consistently."
EGY_00662,-0.5468589412403921,31.479937705410304,7.6191470226135385,Some College,Giza,Administrative Support,51.47814251915955,8,3,0,40,77.87285925040563,64.67958693633788,0.3938265335939356,0.2578962915739873,0,9.663119498001201,"I am an Administrative Support freelancer from Giza with 8 years of professional experience. I provide consistent and efficient administrative assistance to businesses and individuals. My services include managing schedules, organizing documents, and handling data entry tasks. I have experience with Microsoft Office Suite and various communication platforms. I focus on meticulous organization and timely task completion. I can help you maintain smooth daily operations and support your administrative needs effectively."
EGY_00663,-0.03275327021599839,38.35767567066345,10.647074071225274,Bachelor's Degree,Tanta,Web Development,53.11856177213084,6,9,0,74,82.29541972525818,50.689031565183015,0.7999190805957306,0.40090039641218433,1,30.493098450130955,"I am a Web Development freelancer with 11 years of experience. I provide professional web development services to clients seeking reliable online solutions. I have extensive experience in building responsive and dynamic websites, covering both front-end and back-end development. My skills include working with JavaScript, React, and Node.js to create robust web applications. I can help with new project development, website enhancements, and maintaining existing systems. I focus on delivering functional and effective web solutions tailored to your needs. I am available to discuss your project."
EGY_00664,-0.543424771133765,43.14085177856742,13.703428962507935,Some College,Mansoura,Web Development,25.73693380125133,9,8,0,76,76.09098103121774,78.19988731450863,0.9612706286034469,0.3155654640685501,0,24.631932898891442,"I am a web development freelancer based in Mansoura with 14 years of experience. I provide professional web solutions for various business needs. I have extensive experience in full-stack development, utilizing tools such as JavaScript, PHP, and MySQL. I can help with building new websites from scratch, updating existing platforms, and ensuring responsive design. My goal is to deliver reliable and well-structured web solutions that align with client objectives."
EGY_00665,-0.7128457826771644,21.786758109548394,0.43967103476655134,Some College,Asyut,Web Development,60.451461602930465,5,2,0,0,46.11565603658132,53.29241603742462,0.8416888522913557,0.247579402962158,0,16.469127784344774,"I am a web developer based in Asyut, ready to help build functional and reliable websites. I provide front-end development services, focusing on clean and structured code. I have experience in HTML, CSS, and JavaScript, and I can help create responsive user interfaces for your web projects. I also have familiarity with basic version control using Git. I am committed to clear communication and delivering quality work on time. My goal is to ensure client satisfaction by translating your requirements into effective web solutions. I look forward to collaborating with you."
EGY_00666,0.10643022769189683,31.116956470281224,6.2065294657078445,Some College,Tanta,UI/UX Design,55.34814355596315,5,4,0,52,83.81119434285083,52.01812293603352,0.8936753263530426,0.5373811245541131,0,29.095326816132932,"I am a UI/UX Designer with 6 years of experience in creating intuitive digital experiences. I provide comprehensive design solutions, from user research and wireframing to prototyping. I have experience using industry-standard tools like Figma and Adobe XD. I can help with crafting user-centered designs that effectively meet both user needs and project goals. My focus is on delivering clear, functional, and high-quality UI/UX for various platforms. I am committed to producing reliable and effective design work."
EGY_00667,-0.2549772174208553,44.87367314033975,15.989847304105137,Bachelor's Degree,Tanta,Web Development,51.32205728256947,9,11,0,105,79.45386173649068,36.58968410106047,0.9796262799526914,0.5583945680810789,0,28.35832753026228,"I am a web development freelancer based in Tanta with 16 years of professional experience. I provide reliable web development services, focusing on creating functional and efficient online solutions. I have extensive experience in full-stack development, utilizing tools like React, Node.js, and various database systems. I can help you build, maintain, and enhance your web applications effectively. My approach emphasizes clear communication and delivering high-quality, dependable results for every project."
EGY_00668,1.5039929885826886,30.28265446185741,5.938072698892941,Bachelor's Degree,Aswan,Mobile App Development,68.79151803377472,7,9,0,57,86.19803200564832,66.38532280510132,0.8666316509375124,0.9461761754423693,1,43.983807548528915,"As a top 1% Mobile App Development expert, I architect high-performance, scalable, and ROI-driven solutions for discerning clients globally. I leverage a comprehensive, data-driven approach, integrating advanced Agile and DevOps (CI/CD) methodologies to optimize the entire development lifecycle. My expertise spans native iOS/Android and cutting-edge cross-platform frameworks, consistently translating complex visions into robust, future-proof applications. For enterprise-level projects, I excel in cross-functional collaboration and meticulous stakeholder management, delivering measurable impact. Strategic interventions I've spearheaded have demonstrably increased conversions by 40% and reduced operational costs by 25%, establishing applications not merely as tools, but as critical strategic assets."
EGY_00669,-2.650969808393012,36.299912679269966,12.344051738987218,High School,Ismailia,Administrative Support,21.367235807111904,5,6,0,59,57.025198632905635,20.435823228023832,0.5470885889088158,0.02617496400739981,0,3.0,Hello. i am from Ismailia. i want to do administrative support. i am good person. i work hard. i am very passionate about work. i will do my best for project. i am dedicated and a team player. i think i can help. i try my best always for good result.
EGY_00670,1.0915068519224618,36.80861954759034,14.259664039226058,Self-Taught,Alexandria,Accounting,55.441527172835706,13,11,1,102,92.79733142104513,85.07953453798535,0.49559407819811696,0.9271847537315985,1,42.06061789438765,"As a top 1% Accounting expert, I don't merely process numbers; I architect scalable, ROI-driven financial solutions designed to propel enterprise clients toward sustainable growth. My strategic approach is rooted in rigorous financial analysis, leveraging a deep understanding of IFRS and GAAP to optimize reporting accuracy and critical decision-making. I employ a data-driven methodology, engaging in meticulous cross-functional collaboration and stakeholder management to identify core inefficiencies and unlock potential. For instance, I've consistently delivered measurable impact, evidenced by projects where I reduced operational costs by 25% and optimized revenue streams, leading to a 15% increase in profitability. I translate complex financial data into actionable insights, enabling organizations to achieve their strategic objectives with unparalleled clarity and efficiency."
EGY_00671,1.246085192497629,23.90324010027646,2.3818375774257894,Master's Degree,Asyut,Customer Support,74.78956866409936,11,5,0,15,85.24238705470555,83.35291982462948,0.5783776905655011,0.9233215967143799,1,37.06811790227309,"As a top 1% Customer Support Strategist, I specialize in architecting scalable, ROI-driven customer experience solutions that transform operational challenges into competitive advantages. My data-driven approach leverages advanced analytics, including NPS and CSAT scores, to pinpoint friction points and optimize the entire customer journey.

For a recent enterprise client, I strategically redesigned their support workflows, which demonstrably increased first-contact resolution by 35% and reduced operational costs by 20% within six months. I employ industry-leading methodologies like COPC and ITIL frameworks, ensuring operational excellence and fostering seamless cross-functional collaboration. My expertise extends to complex project management and strategic stakeholder management, consistently delivering measurable impact. I don't merely address issues; I proactively design optimal, high-retention customer ecosystems, positioning support centers as powerful drivers of business growth. Let's elevate your customer experience and achieve quantifiable results."
EGY_00672,-2.0733902324081495,29.591534132873228,7.433729480794691,Some College,Ismailia,Data Entry,0.0,3,3,0,49,54.059827449930694,31.8916444482264,0.477857289727785,0.03261393817385166,0,3.0,hello. i am new freelancer from Ismailia. i am good for data entry work. i will work hard and do my best for you. i am passionate and dedicated. i think i can help your project. i will try my best to be good team player. i like nice work.
EGY_00673,-0.34268759408034877,28.70436123974183,7.421986964450965,Bachelor's Degree,Ismailia,Translation,51.6317713022966,7,6,0,55,75.61521268298705,72.42561640958577,0.5198578510755082,0.43900827990800484,0,18.526186605907853,"I am a professional translator with 7 years of experience. I provide high-quality English to Arabic and Arabic to English translation services. I have experience with diverse content, including technical and marketing materials. I am proficient in using CAT tools like SDL Trados. I can help clients achieve accurate and culturally appropriate communication. I focus on delivering precise and timely translations and am committed to meeting project requirements effectively."
EGY_00674,-0.37144086599579146,18.838294673026073,0.8382946730260734,Some College,Alexandria,Customer Support,33.632882893668835,6,0,0,16,61.1217978240319,15.299992664042222,0.45702806109008337,0.4899585370151439,0,11.471573896799438,"I am a Customer Support professional from Alexandria with 1 year of experience. I provide dependable customer assistance, focusing on clear communication and effective problem-solving. I have experience in email support, live chat, and using CRM software to manage inquiries efficiently. I can help with promptly resolving customer issues, answering questions, and maintaining high customer satisfaction. My goal is to offer reliable and consistent support that contributes positively to your customer relationships and business operations."
EGY_00675,-1.4075116947178212,18.774136444523368,0.6163924025461955,Master's Degree,Fayyum,Digital Marketing,31.657269783503935,1,3,1,1,46.54627435889256,40.05167046131076,0.7829028545827467,0.09896741486692828,0,8.035320467709493,hello. i am from fayyum. i am new to digital marketing. i am very passionate for this. i will work hard and i do my best always. i am dedicated person. i think i can help your business. i will try my best for you project. i am a good team player.
EGY_00676,-0.7778166875908753,44.61430539762475,17.453948075294292,Professional Certificate,Port Said,UI/UX Design,51.906154353598616,7,14,0,78,78.99624012921002,59.50097852671602,0.9968244455161773,0.27017452832259076,0,24.366220513167598,"I am a dedicated UI/UX Design freelancer based in Port Said, bringing 17 years of experience to your projects. I provide professional design services focused on creating intuitive and effective user experiences. I have extensive experience in user research, wireframing, and prototyping, utilizing tools like Figma. I can help with designing user interfaces that are both functional and visually appealing, ensuring a smooth user journey. My commitment is to deliver practical and high-quality design solutions that meet your project needs reliably."
EGY_00677,-1.1105758454658288,26.738265919129997,6.207457456839313,Bachelor's Degree,Suez,Video Editing,41.568536063016964,3,5,1,29,57.70750390400867,44.884656425643314,0.5767764538676496,0.0636737316784527,0,15.519114753883255,"Hello, i am from Suez. i love video editing. i am very passionate person. i work hard for you. i do my best for your project. i think i can help. i am good team player. i will try my best for nice work. i was dedicated."
EGY_00678,1.7522704434236227,34.5785205196421,7.471787467130662,Professional Certificate,Ismailia,Content Writing,88.52787335252997,10,8,1,66,78.45609908749663,51.03512563873099,0.5549227626706627,0.9545120700078871,1,42.77801473508802,"As a top 1% Content Writing expert from Ismailia, Egypt, I don't just craft words; I architect high-impact, ROI-driven content solutions. I leverage a data-driven approach, meticulously analyzing market trends and audience insights to optimize content for maximum engagement and conversion. My methodology integrates advanced SERP optimization, E-A-T principles, and scalable content strategies, consistently elevating brand authority and driving organic traffic. For enterprise clients, I excel in cross-functional collaboration and stakeholder management, translating complex objectives into compelling narratives. My strategic initiatives have demonstrably increased client conversions by 40% and optimized content production costs by 25%, delivering measurable impact across diverse campaigns. I am adept at navigating intricate brand guidelines and crafting bespoke content frameworks that resonate and perform."
EGY_00679,0.9356783931474612,27.559218354840738,7.473843141682989,Bachelor's Degree,Alexandria,Social Media Management,75.24366033369,7,7,2,44,72.56099295613015,82.06978772053644,0.7678394801576778,0.8901725364635936,1,32.909568327213314,"I am a social media management freelancer from Alexandria with 7 years of experience. I provide professional social media management services to help businesses grow their online presence. I can help with strategic content creation, post scheduling, and community engagement across various platforms. I have experience using tools like Facebook Business Manager and Hootsuite. My focus is on delivering consistent and reliable support for your social media channels. I am ready to assist you in effectively managing your digital footprint."
EGY_00680,1.2715550949941588,48.101735843690896,19.83562318074802,Some College,Aswan,Accounting,63.83049899581359,12,14,1,119,100.0,76.67888959053141,0.556813255569935,0.9624769549186245,1,44.21348056636524,"As a top 1% Accounting expert, based out of Aswan, Egypt, I architect sophisticated financial solutions that transform complex data into strategic insights, driving unparalleled business performance for enterprise-level clients. My rigorous, data-driven approach, leveraging methodologies aligned with IFRS and GAAP, optimizes financial operations, ensuring robust compliance and strategic foresight. I excel in identifying opportunities for substantial efficiency gains, delivering measurable impact such as optimizing cost structures by 25% and enhancing financial reporting accuracy by 40%. Through cross-functional collaboration and adept stakeholder management, I design scalable financial models and implement robust internal controls, directly contributing to ROI-driven outcomes. I empower organizations to mitigate risks, unlock hidden value, and achieve sustainable growth. Let's strategically elevate your financial framework."
EGY_00681,0.7216720640432351,26.29749628370476,3.4519255618656928,Bachelor's Degree,Port Said,SEO Specialist,66.80838269872707,9,5,1,21,62.319638783503194,63.80524417172072,0.7866021064984602,0.6298487242234213,0,24.871554927703755,"I am an SEO Specialist from Port Said with 3 years of experience. I provide professional search engine optimization services to help businesses improve their online visibility. I have experience in keyword research, on-page optimization, and technical SEO. I can help with website audits and implementing effective SEO strategies. My goal is to ensure your website ranks better in search results. I am proficient with tools like Google Analytics and SEMrush. I offer reliable support to achieve your digital marketing objectives."
EGY_00682,-1.1290517712172292,31.749018007645923,8.325286475482757,Bachelor's Degree,Luxor,Accounting,15.815054472323464,5,6,1,39,57.963625678050356,37.77674861273433,0.6974631127515123,0.1648160894057199,0,13.771055031492834,hello i am from luxor. i want to do accounting work. i think i can help you with good numbers. i am passionate and dedicated. i will work hard for you. i will try my best to be good team player. i do my best for nice work.
EGY_00683,-0.5245202662797737,45.927368015507255,18.123078794926492,Some College,Tanta,Web Development,35.26283182636088,10,9,0,83,73.53858697385866,73.61128782687405,0.7092976113930175,0.5522758966483486,0,28.654142183615836,"I am a web development freelancer based in Tanta, bringing 18 years of professional experience to my projects. I provide reliable web development services and robust online solutions. I have extensive experience in key technologies like PHP, JavaScript, and MySQL for various platforms. I can help with building new, custom websites, enhancing existing web applications, and ensuring smooth functionality. My approach focuses on delivering well-coded and functional projects to meet client requirements effectively. I am committed to consistent quality and clear communication throughout the development process."
EGY_00684,0.48937456122791806,44.94187413733788,15.746496843244001,Bachelor's Degree,Tanta,Video Editing,71.26716730125928,10,13,1,78,84.85173929283462,62.54025789072929,0.5962420408551076,0.8558155066156835,1,36.381837583531116,"I am a professional video editor from Tanta with 16 years of experience. I provide expert video editing services to clients worldwide. I have extensive experience in post-production, working with tools like Adobe Premiere Pro and DaVinci Resolve. I can help transform your raw footage into polished, engaging content for various platforms. My focus is on delivering high-quality videos that meet your project requirements. I am reliable and committed to clear communication throughout the editing process."
EGY_00685,-1.2221278088919454,23.955245371080874,5.719103318180548,Bachelor's Degree,Mansoura,SEO Specialist,27.817714842358612,3,7,0,32,55.11522245552129,31.705671412239198,0.6770196296684226,0.12948034838614267,1,14.998230666506283,Hello. i am from Mansoura. i am new SEO Specialist. i passionate about good SEO work. i work hard and i dedicated to my job. i will try my best for you. i think i can help you website. i am good team player. i do my best for your project success.
EGY_00686,0.7129984301723881,43.68458591346273,20.13849653731636,Bachelor's Degree,Ismailia,Translation,42.01495758587838,13,11,0,111,94.08785904076662,46.38530364863526,0.4537669232554916,0.8339932223287558,0,30.27724009994608,"I am a professional translator based in Ismailia with 20 years of experience. I provide reliable English-Arabic and Arabic-English translation services across various subjects. I have experience in document translation, localization, and proofreading, ensuring accuracy and cultural relevance. I can help with your projects efficiently and precisely. My skills include utilizing CAT tools such as Trados Studio to deliver consistent and high-quality results. I focus on clear communication and meeting deadlines to support your needs effectively."
EGY_00687,-0.24032539815813503,32.661980375612565,7.225216160097574,Bachelor's Degree,Damietta,Video Editing,66.53210820094155,7,5,0,39,57.00765484056442,58.4790323102316,0.4081365909139262,0.4180355168551354,0,22.76370479115959,"I am a professional video editor based in Damietta with 7 years of dedicated experience. I provide comprehensive video editing services for a variety of project types. I have strong experience crafting engaging content for corporate, marketing, and social media needs. I can help you with projects utilizing industry-standard tools such as Adobe Premiere Pro and After Effects. My focus is on delivering reliable, high-quality video solutions that align with your vision. I look forward to discussing your project requirements."
EGY_00688,-0.3748208075495975,33.45500390673136,6.510913137731267,Some College,Luxor,Social Media Management,50.00019071845323,8,5,1,33,64.5339176123292,60.29565123853885,0.4908501845972658,0.46408443677961764,0,20.694745206946997,"I am a Social Media Manager based in Luxor with 7 years of experience. I provide professional social media management services, including content creation, scheduling, and community engagement. I have experience in developing effective strategies to connect businesses with their target audience. I am proficient with tools such as Buffer and Canva, and comfortable using Meta Business Suite. I can help maintain a consistent and impactful online presence for your brand."
EGY_00689,0.7109599682034915,22.2713591173102,3.170452661595872,Some College,Mansoura,Administrative Support,68.30918172611028,10,5,1,59,64.19410938284555,59.379252935697245,0.46043687818694184,0.8078882081616949,1,26.004790473505036,"I am an Administrative Support freelancer based in Mansoura, with 3 years of experience providing reliable assistance. I can help streamline your daily operations and manage various administrative tasks efficiently. I have experience in data entry, email management, and calendar scheduling. I provide support with document organization, virtual assistance, and general office coordination. I am proficient in Microsoft Office Suite and familiar with communication tools. My aim is to offer consistent, professional administrative services to support your needs."
EGY_00690,0.44426331148603976,20.57924844022799,2.579248440227989,Some College,Zagazig,Video Editing,46.859254323071625,5,3,0,33,63.21904809739357,46.964482540141326,0.5465963970681168,0.5729995630938909,1,31.98652014400798,"I am a professional video editor with 3 years of experience. I provide high-quality video editing services for various projects. I have strong experience in Adobe Premiere Pro and After Effects, handling tasks like color correction and basic motion graphics. I can help with corporate explainers, social media content, and promotional videos. My focus is on delivering clear and engaging results that meet client needs. I am reliable and committed to timely project completion. I look forward to assisting you with your video editing requirements."
EGY_00691,-0.3609661658190799,41.294057823160486,13.514701946206753,Master's Degree,Ismailia,UI/UX Design,47.426073218012505,10,6,0,82,82.58655248751928,65.6192549833518,0.7198166413080229,0.7454426220940298,0,24.312212609340268,"I provide professional UI/UX design services with 14 years of experience, focusing on creating intuitive and effective digital products. I have extensive experience in user research and interface design. I can help with developing clear wireframes, prototypes, and high-fidelity mockups for web and mobile applications. My work ensures a user-centric approach, translating complex requirements into simple, functional designs. I am proficient in industry-standard tools such as Figma and Adobe XD. I aim to deliver reliable design solutions for your projects."
EGY_00692,1.159329803364248,33.88675687536959,12.438575451863823,High School,El-Mahalla El-Kubra,Web Development,69.96569675935567,9,12,0,74,97.89430518309707,50.600726374918494,0.909442737971476,0.8242791201676553,1,41.926574016039325,"As a distinguished top 1% web development expert, I architect highly scalable, ROI-driven digital solutions for discerning enterprise clients. My data-driven approach, leveraging cutting-edge frameworks like React, Node.js, and robust AWS cloud infrastructure, consistently delivers measurable impact. I specialize in strategically optimizing complex systems and processes; for instance, a recent initiative increased conversions by 40% and simultaneously reduced operational costs by 25%. Through meticulous cross-functional collaboration and proactive stakeholder management, I ensure every project is meticulously aligned with core business objectives. I excel in transforming the most intricate requirements into high-performance, resilient web applications, adhering rigorously to Agile and Scrum methodologies to guarantee iterative value delivery. My unwavering focus is on empowering your vision and maximizing your digital investment."
EGY_00693,-1.0810633275998973,31.979222483685746,5.71032189076495,Master's Degree,Damietta,Translation,25.56920151976479,9,6,0,35,47.26708287436533,66.56892078878093,0.4807852949623928,0.11452672187454524,0,11.536207345334587,"hello, i am from Damietta. i am new translator. i passionate for languages and i will work hard. i am dedicated person. i try my best for your project. i think i can help you. my goal is doing good work. i want to prove i can do it."
EGY_00694,0.6159356069442637,41.34426331687669,15.392395236189236,Professional Certificate,Aswan,Content Writing,57.54083724893237,9,12,0,90,100.0,46.37322000811069,0.7290180638778603,0.7499441813757869,0,30.496035915203866,"I am a content writing freelancer based in Aswan, bringing 15 years of experience to every project. I provide professional and clear written content tailored to various needs. I have extensive experience in creating engaging blog posts, informative articles, and compelling website copy. I can help with content that informs your audience and supports your communication goals. My skills include thorough content research and basic SEO principles. I am committed to delivering reliable and high-quality work on time."
EGY_00695,0.5931012579683838,42.49641276771551,13.48612601911152,Bachelor's Degree,Port Said,Data Entry,43.89184174169558,12,9,0,74,82.0795089945993,37.9427448878906,0.33791157608127365,0.7994320152878251,1,26.53372149457914,"I am a professional Data Entry specialist with 13 years of experience, dedicated to providing accurate and efficient data management services. I have extensive experience in Microsoft Excel, Google Sheets, and various CRM systems, ensuring precise handling of information. I can help with a wide range of tasks including data input, database maintenance, and organizing large volumes of information. My focus is always on meticulous attention to detail and delivering reliable, high-quality work to support your operations effectively. I am committed to consistent and dependable service for all my clients."
EGY_00696,-0.3095464393139903,23.085061365419314,5.085061365419314,High School,Fayyum,Graphic Design,41.88970808153013,4,8,0,52,59.724046689933935,29.029942267781628,0.8005321519972565,0.17053053686601688,1,23.715583439495447,"I am a professional Graphic Designer based in Fayyum with five years of experience in the field. I provide high-quality and functional design solutions tailored to various client needs. I have strong experience in areas such as logo design, brand identity, and creating effective marketing materials. I am proficient with industry-standard tools like Adobe Photoshop and Illustrator. I can help businesses and individuals translate their ideas into clear and engaging visual content. My aim is to deliver professional designs that effectively meet your project requirements and deadlines."
EGY_00697,0.326133022242118,37.52720478328452,15.701353576306946,Bachelor's Degree,Port Said,UI/UX Design,64.63045790622996,10,10,2,97,79.68012228815536,37.2677838425069,0.7969984267952098,0.8562474316225659,1,34.913492288454194,"I am a UI/UX Designer from Port Said with 16 years of professional experience. I provide comprehensive UI/UX design services, including user research, wireframing, and interactive prototyping. I have extensive experience using industry-standard tools such as Figma and Adobe XD. I can help clients develop intuitive and effective digital products that meet user needs. My focus is on delivering clear, functional, and user-centric design solutions. I am ready to collaborate on your next project."
EGY_00698,-1.251113576385303,22.331330632885937,1.0654852041648664,Bachelor's Degree,Asyut,Web Development,23.764813764299607,6,3,0,11,49.53438864228656,31.43769552282365,0.8348100406124958,0.12614381471898917,0,8.720369857224904,hello i am from Asyut. i want be web developer. i am very passionate and dedicated. i work hard and i will do my best for good work. i think i can help you project. i will try my best. i am good team player too.
EGY_00699,0.924027019206901,42.04400275292946,13.327287379940513,Some College,Tanta,SEO Specialist,82.93338365236905,9,7,1,74,100.0,54.065736496470166,0.6275435242458816,0.9073149729990972,1,39.27028670622612,"I am an SEO Specialist with 13 years of experience. I provide comprehensive search engine optimization services. I have experience in keyword research, on-page optimization, and technical SEO. I can help businesses improve their organic search rankings and website visibility. My focus is on implementing effective strategies to drive relevant traffic. I am committed to delivering professional and reliable SEO support for your projects."
EGY_00700,-0.18490213644298903,39.02256500054847,14.332714774288684,Some College,Shubra El-Kheima,Translation,32.865552828004596,13,8,0,67,67.33277544538002,63.150771735144865,0.7013794255131044,0.44485207714224523,1,28.303281193219103,"I am a professional translator with 14 years of experience. I provide accurate and reliable translation services across various fields. I have extensive experience in translating documents from English to Arabic and vice versa. I am proficient in using CAT tools like Trados Studio and MemoQ, ensuring consistency and efficiency. I can help with general, legal, and technical translation projects. My goal is to deliver high-quality translations that meet client requirements effectively and on time."
EGY_00701,-0.5227230205190395,48.61166787467066,17.592739425223364,Master's Degree,Fayyum,Administrative Support,39.55740119425847,9,9,0,93,64.70678882527206,56.958445983113734,0.519583337995565,0.5070985680405095,1,24.938922568097684,"I provide dependable administrative support with 18 years of experience. I have extensive experience in managing schedules, preparing documents, and handling data entry. I am proficient with Microsoft Office Suite (Word, Excel, Outlook). I can help streamline your daily operations and ensure tasks are completed efficiently and accurately. My aim is to offer consistent, organized support, allowing you to focus on your core business activities. I am committed to delivering high-quality, professional assistance for your administrative needs."
EGY_00702,1.0490092258368893,20.206656523405478,1.2331714781788101,Master's Degree,El-Mahalla El-Kubra,UI/UX Design,59.17083875141208,9,5,1,19,74.48793368161382,59.235444824807324,0.7240581817086582,0.8333524664213027,1,37.91265347070857,"As a top 1% UI/UX Design expert, I architect solutions that elevate user experiences and deliver tangible business outcomes. I leverage a data-driven approach, deeply rooted in Design Thinking and Agile methodologies, to optimize digital products for maximum impact. My strategic focus ensures that every design decision directly contributes to scalable, ROI-driven results. For enterprise-level clients, I've consistently delivered measurable impact, exemplified by projects that increased conversions by 40% and reduced operational costs by 25% through intuitive interfaces. I excel in cross-functional collaboration and stakeholder management, transforming complex challenges into elegant, user-centric solutions. From El-Mahalla El-Kubra, Egypt, my commitment is to strategically solve problems, empowering businesses globally to thrive digitally."
EGY_00703,-0.7043436905427592,19.825751076840138,1.1462274871889033,Some College,Port Said,Mobile App Development,37.63303632812992,5,0,0,16,59.23061770875815,88.09864179995994,0.8619076568224608,0.27456181214758113,0,20.676467928469066,"I am a mobile app developer based in Port Said with 1 year of professional experience. I provide services in building and maintaining mobile applications for various platforms. I have experience in Flutter for cross-platform development and integrating backend services like Firebase. I can help with developing new applications from concept to deployment, or improving existing mobile solutions. My goal is to deliver reliable and user-friendly apps that meet client requirements effectively. I am ready to collaborate on your next mobile project."
EGY_00704,-1.4084612963635597,27.029986390182405,1.57864552171413,High School,Zagazig,Translation,42.58782837595583,4,3,0,13,48.704732997457356,29.54704844186239,0.3141321191319659,0.07699230179505566,0,8.134286877471823,hello i am a translator from Zagazig. i am new to this. i want work hard for you. i am very passionate for translation work. i will do my best for your project. i think i can good help with words. i am dedicated person and i try my best. i am good team player. i hope you give me a chance. thank you.
EGY_00705,-1.5566291735239037,26.37458187954899,4.99707363554092,Some College,Alexandria,Accounting,16.806007432500472,1,5,0,23,56.695714521403,29.767704591770183,0.4168395681388005,0.05344605729003462,0,9.116112718439942,hello i am from Alexandria. i am new accounting. i am passionate and dedicated. i work hard for your good project. i will do my best. i think i can help. i am good at numbers. i will try my best to be good team player. i do my best for nice work.
EGY_00706,0.6060099513456396,25.903321570303994,3.362537394054049,Bachelor's Degree,Aswan,SEO Specialist,54.5774439608893,6,4,0,40,62.05381765741714,38.1108501941619,0.6249711330825961,0.7975319553070438,1,29.444730709754392,"I am an SEO Specialist with 3 years of experience, based in Aswan. I provide search engine optimization services to help businesses improve their online presence. I have experience in keyword research, on-page optimization, and technical SEO. I am familiar with tools like Google Analytics and Google Search Console. I can help clients achieve better organic search rankings and attract more relevant traffic to their websites. My focus is on implementing practical SEO strategies. I am ready to assist with your SEO needs."
EGY_00707,-1.280429352496283,47.000146576673174,16.413842301204358,Bachelor's Degree,Tanta,UI/UX Design,37.33861723978715,10,5,0,84,64.25751174847767,33.42674290067004,0.7225182736399486,0.2252974716317497,0,20.822745160825665,"Hello, i am from Tanta. i am new UI/UX designer. i am passionate for good design work. i work hard and will do my best for your project. i am dedicated and a good team player. i think i can help make your app nice and user friendly. i will try my best always. i look forward to good work together."
EGY_00708,1.7547941819843647,25.985478395184195,7.678551044048145,Bachelor's Degree,Mansoura,Graphic Design,77.253500528942,10,7,0,54,90.05743184596302,75.51854055467886,0.7713014720080006,0.9505535519062754,1,44.80541828201393,"As a top 1% Graphic Design expert, I architect solutions that transcend mere aesthetics, focusing on tangible business outcomes. My approach is fundamentally data-driven, leveraging robust brand strategy frameworks and design thinking methodologies to optimize visual communications. I specialize in scalable brand identities and high-impact digital assets for enterprise clients, often leading complex projects requiring astute stakeholder management and seamless cross-functional collaboration. Through strategic design interventions, I've consistently delivered measurable impact, evidenced by projects that increased conversions by 40% and streamlined asset production, reducing costs by 25%. My expertise extends beyond creation; I meticulously analyze market dynamics to ensure every visual element contributes directly to your ROI-driven objectives."
EGY_00709,-2.081929407883722,26.702391236116192,2.7084209531112027,Bachelor's Degree,Aswan,Graphic Design,20.522808374834195,2,2,0,5,57.30789223666018,7.253533696988168,0.45858133272591955,0.030552486354192786,0,3.0,hello i am from Aswan. i am graphic designer. i am very passionate for good design. i work hard and i am dedicated person. i will do my best for your project. i think i can help you. i am nice person and i will try my best always. i want to do good work for you.
EGY_00710,1.6964563682900382,42.30074439737484,16.20685701192086,Self-Taught,Luxor,Digital Marketing,65.794082128355,10,11,2,106,100.0,62.877105047335036,0.6072193470915627,0.9656753342954747,1,44.38682925187539,"As a top 1% Digital Marketing strategist, I architect solutions that transcend conventional tactics, delivering unparalleled ROI for enterprise clients and complex initiatives. My data-driven approach leverages advanced analytics to identify pivotal growth opportunities, often resulting in increased conversions by 40% and reduced customer acquisition costs by 25%. I specialize in implementing Agile marketing methodologies and OKR-driven frameworks, ensuring every initiative is both strategic and scalable. Through meticulous stakeholder management and seamless cross-functional collaboration, I don't just execute; I engineer comprehensive digital ecosystems. My expertise lies in transforming complex challenges into measurable impact, driving sustainable growth and competitive advantage."
EGY_00711,0.2110174672026184,32.39167495841728,8.077079114386752,Master's Degree,Mansoura,Data Entry,52.449427292014306,7,6,0,61,79.08342526156028,57.437370556065616,0.445239448329037,0.6644915747645952,0,14.114730086109217,"I am a dedicated Data Entry professional with 8 years of experience in providing accurate and efficient data management solutions. I provide services including data transcription, data verification, and database maintenance. I have experience working with Microsoft Excel, Google Sheets, and various CRM platforms. I can help with organizing information, processing documents, and ensuring data integrity for your projects. My commitment is to deliver reliable and high-quality results consistently. I am ready to support your business with precise data entry."
EGY_00712,-0.09671311187039239,42.854737822565795,14.353322356547807,Bachelor's Degree,Ismailia,SEO Specialist,59.86508783733935,11,6,0,83,71.97344045157978,40.96691047104374,0.723027231325507,0.7360819590203072,0,27.25008777136916,"I am an SEO Specialist from Ismailia with 14 years of experience. I provide professional search engine optimization services designed to improve online visibility. I have extensive experience in keyword research, on-page optimization, and technical SEO, utilizing tools like Google Analytics. I can help businesses achieve higher organic search rankings and attract more relevant traffic. My goal is to deliver consistent and effective SEO strategies to support your digital presence."
EGY_00713,-0.5449190868089497,20.091717042060328,2.0917170420603277,Bachelor's Degree,Damietta,Graphic Design,25.73100386705596,2,7,0,10,61.06762535765637,32.44858337272842,0.6150229164418644,0.18558517118583506,0,14.775473504410003,"I am a Graphic Designer with two years of professional experience, dedicated to creating clear and effective visuals. I provide high-quality design solutions for various client needs. I have experience in logo design, brand identity, and creating engaging social media graphics. My key tools include Adobe Photoshop and Illustrator. I can help with your design projects, ensuring professional and reliable results that meet your communication goals. I focus on delivering functional and clean design work."
EGY_00714,0.39913611435207086,33.6022781975483,10.041469507666761,Bachelor's Degree,Giza,Digital Marketing,49.013950208290794,10,8,1,73,69.59637141460647,66.52162858528399,0.9552488928796898,0.6145949522959349,0,29.768465519727364,"I am a Digital Marketing freelancer from Giza with 10 years of experience. I provide professional digital marketing services to help businesses grow their online presence. I have extensive experience in SEO, social media marketing, and Google Ads management. I can help clients develop and implement effective online strategies. My focus is on delivering reliable and consistent results to meet your marketing goals."
EGY_00715,-0.037634702424848364,19.075635205865044,1.0756352058650442,Master's Degree,Aswan,Digital Marketing,31.28006316837391,6,6,1,19,75.37916464823077,30.316676403905863,0.8117407091867995,0.4036177454656846,0,20.995442617952598,"I am a Digital Marketing freelancer based in Aswan with 1 year of professional experience. I provide digital marketing services focused on enhancing online visibility for businesses. I have experience in social media management, basic search engine optimization (SEO), and content creation. I can help with developing engaging online content and managing social media campaigns effectively. My aim is to offer consistent support and reliable assistance for your marketing projects. I am available to discuss your specific needs."
EGY_00716,1.1033018820165215,20.004902510571345,2.0049025105713447,Bachelor's Degree,Aswan,UI/UX Design,71.91928519968525,7,6,1,44,65.94495411111524,46.92078690529341,0.9222824705656104,0.8099911226391855,1,36.39363175564941,"As an elite UI/UX Design expert, consistently ranked in the top 1% on Upwork, I architect strategic, scalable solutions that yield tangible business growth. Hailing from Aswan, Egypt, my practice is rooted in a rigorously data-driven approach, leveraging methodologies like Design Thinking and Lean UX to precisely optimize complex user ecosystems. I specialize in transforming intricate business objectives into intuitive, high-performing digital experiences, delivering measurable impact for enterprise clients. Projects under my guidance have consistently seen increased conversions by over 40% and reduced operational costs by 25% through meticulous UI/UX enhancements. My expertise further encompasses seamless cross-functional collaboration and adept stakeholder management, always ensuring an ROI-driven outcome."
EGY_00717,0.11422764866203965,47.00599850702115,16.74098233784604,Bachelor's Degree,Damietta,Digital Marketing,63.96812018307529,10,10,1,95,79.88190504540256,54.03142189270867,0.7449199881566886,0.6036146133503724,0,25.964088114921296,"I am a Digital Marketing freelancer from Damietta with 17 years of experience. I provide practical digital marketing services. I have strong experience in SEO, SEM, and social media marketing. I can help clients improve their online visibility and reach target audiences. I am proficient with tools like Google Analytics. My approach is reliable and focused on clear communication. I am available to support your digital marketing projects."
EGY_00718,0.1503017614618776,22.455851875763045,1.4490376564423266,Bachelor's Degree,Shubra El-Kheima,Translation,50.420426549007736,5,4,0,8,51.89196895476536,64.49601007864678,0.495641785645319,0.6223947399639866,1,24.96659026035319,"I am a freelance translator from Shubra El-Kheima with 1 year of experience. I provide professional translation services for various document types. I have experience in translating from Arabic to English and English to Arabic. I can help with general texts, articles, and basic business documents. My skills include accurate translation, proofreading, and using CAT tools like Trados. I am committed to delivering reliable and clear translations. I look forward to assisting you with your translation needs."
EGY_00719,-0.36361221221385587,35.03746183280695,8.052176046568572,Some College,Port Said,Social Media Management,34.49061667163919,6,4,1,59,69.12867250416546,50.219512946833035,0.5967870622602246,0.3159331068553741,0,21.027566219190415,"I am a Social Media Management freelancer from Port Said with 8 years of experience. I provide comprehensive social media management services. I have experience in content creation, community management, and using scheduling tools like Hootsuite. I can help with developing effective content strategies, managing daily posts, and engaging your audience across platforms. My focus is on delivering consistent and reliable social media support to enhance your brand's online presence."
EGY_00720,-0.056945623721067457,31.15505928322261,6.242214509975655,Some College,Suez,Digital Marketing,39.38335112963864,9,5,1,35,69.14419871065768,45.95834368500404,0.8427664911372537,0.24328761117914208,1,27.86672815400613,"I am a Digital Marketing freelancer based in Suez, Egypt, with 6 years of experience. I provide comprehensive digital marketing services designed to reach your target audience effectively. I have experience in SEO, social media marketing, and content creation. I can help with developing effective online strategies and managing digital campaigns from concept to execution. My toolkit includes Google Analytics and SEMrush. I am committed to delivering consistent and reliable support for your marketing needs."
EGY_00721,0.3078017688920592,29.114986440282966,11.114986440282966,Bachelor's Degree,Cairo,Web Development,51.64645445465346,8,6,0,71,91.85642599875874,49.11279193864332,0.9772748337704709,0.7614993504210449,1,33.5613479915089,"I am a Web Development freelancer based in Cairo with 11 years of experience. I provide professional web development services for building responsive websites and web applications. I have experience with technologies like React, Node.js, and SQL databases. I can help with full-stack development, front-end implementation, and back-end services. My focus is on delivering functional and reliable web solutions. I am committed to clear communication and timely project delivery."
EGY_00722,-1.7101683926566256,46.79466706199272,19.766159398669203,Some College,Shubra El-Kheima,SEO Specialist,21.33875365623537,11,6,0,97,78.75887452054499,44.634607530518544,0.6781391867515878,0.08017620658185579,0,13.784467445735885,"Hello, i am from Shubra El-Kheima. i am new SEO Specialist. i am very passionate for SEO. i think i can help you good. i will work hard and do my best always. i am dedicated and nice person. i will try my best on your project. i like be team player. i do my best work."
EGY_00723,-1.348185422105713,18.698348696815664,0.0,Bachelor's Degree,Asyut,Web Development,38.89553645354801,3,5,0,0,40.192012072902465,46.706796429291686,0.9471584054629021,0.10278873883608414,0,9.751275600491645,"Hello, i am from Asyut. i start web development. i am passionate and very dedicated. i work hard and will do my best for your project. i think i can help you with good work. i try my best always. i am team player."
EGY_00724,0.743264094022715,39.241269957618854,10.099846061084172,Bachelor's Degree,Ismailia,Mobile App Development,54.460201065910596,8,9,0,65,89.56957432319166,59.66690790591616,0.9462618054017214,0.8715945493518261,1,38.47299884444716,"I am a mobile app developer with 10 years of experience. I provide professional mobile application development services for iOS and Android platforms. I have experience in native development using Swift, Kotlin, and Flutter. I can help with building robust and user-friendly applications from concept to deployment. My focus is on delivering reliable solutions that meet client needs. I am committed to clear communication and ensuring project success. I look forward to collaborating on your next mobile app project."
EGY_00725,0.17086543812794186,48.82862189483362,19.460905260337153,Master's Degree,Tanta,Graphic Design,56.91376495377772,13,14,0,92,80.95188689319241,47.886104770487535,0.5936070520217712,0.7515940967069594,0,29.70854993485018,"I am a graphic designer based in Tanta, bringing 19 years of experience to client projects. I provide professional design services for various visual communication needs. I can help with logo creation, branding guidelines, and developing marketing collateral. I have extensive experience using industry-standard tools like Adobe Photoshop and Illustrator. My focus is on delivering clear, functional designs that effectively meet project requirements. I am reliable and committed to producing consistent, high-quality work for every client."
EGY_00726,-0.18398333635267913,35.92538187077894,11.849758717223299,Some College,Fayyum,Data Entry,44.185549662231125,9,6,1,58,70.18798040166303,48.32128285344741,0.36566045252757057,0.2552129227995964,0,16.084268528982662,"I am a Data Entry professional from Fayyum with 12 years of experience. I provide accurate and efficient data entry services. I have experience in data compilation, spreadsheet management, and document processing. I am proficient with Microsoft Excel. I can help businesses and individuals organize their information effectively. My goal is to deliver reliable and timely results for all data-related tasks. I am committed to maintaining high standards of accuracy in my work."
EGY_00727,0.01843393306539316,47.97831878505894,19.08475894167009,Professional Certificate,Port Said,Digital Marketing,42.82893944358253,7,8,0,117,89.75915413307283,39.3132454678886,0.7946640501655385,0.40468084388317305,0,29.018045849365613,"I am a Digital Marketing freelancer based in Port Said with 19 years of professional experience. I provide comprehensive digital marketing services aimed at enhancing online visibility and engagement. I have extensive experience in key areas such as SEO, Social Media Marketing, and Google Ads management. I can help businesses with strategy development, efficient campaign execution, and consistent performance monitoring. My focus is on delivering reliable and effective solutions to meet diverse marketing objectives. I am ready to assist clients with their digital marketing needs."
EGY_00728,0.34758170536167105,19.67225213715276,0.4934396951842607,High School,Luxor,Administrative Support,51.90996494701529,4,2,1,20,55.160885568132315,51.918345693416555,0.2711339742367326,0.4831963379190583,1,21.312546804829378,"I provide efficient and reliable administrative support services. I can help with tasks such as accurate data entry, document organization, and schedule management. I have experience using Microsoft Office applications, including Word and Excel. My focus is on delivering organized and timely work to support your business operations. I am detail-oriented, a quick learner, and committed to effectively managing administrative tasks. I am ready to assist you with your daily administrative needs and contribute to your team's productivity."
EGY_00729,-0.5397596803093615,31.401386210373165,7.789923206218098,Bachelor's Degree,Fayyum,Administrative Support,45.26898861406938,6,4,1,64,74.80455880949867,36.17983375642918,0.49655921753951987,0.30888359092401074,1,15.748812801693648,"I am an experienced administrative support professional with 8 years of dedicated experience. I provide reliable and organized assistance to individuals and businesses seeking efficient operational support. My core skills include accurate data entry, comprehensive calendar management, and proficient use of Microsoft Office Suite. I have a proven ability to handle various administrative tasks, ensuring precision and timely completion of duties. I can help with organizing schedules, managing communications, and maintaining essential records. My commitment is to deliver consistent and professional support, helping to streamline your daily operations effectively."
EGY_00730,-0.7783047254023127,26.325049310785637,5.650788634790097,Bachelor's Degree,Port Said,Graphic Design,47.47476301778234,2,4,2,22,78.9276383769462,39.14767101949535,0.5374950940452687,0.35088537714453655,0,14.75654217048268,"I am a graphic designer from Port Said with 6 years of professional experience. I provide reliable graphic design services for various client needs. I have experience in creating visual content, including branding elements and marketing collateral. My skills include logo design, social media graphics, and print design. I am proficient in Adobe Photoshop and Illustrator. I can help businesses and individuals develop clear, effective visuals for their projects. I am committed to delivering professional design solutions."
EGY_00731,0.19584525509768155,41.38627087938335,14.203548540216673,Some College,Damietta,Mobile App Development,50.41794695488033,14,9,0,82,80.90759863480073,45.54487901625865,0.9441653390940505,0.701536963264825,1,38.05122705434482,"I am a Mobile App Developer from Damietta with 14 years of experience. I provide professional mobile application development services. I have extensive experience in native iOS development with Swift and Android development using Kotlin. I am also skilled in integrating various backend services, including Firebase. I can help clients bring their mobile app ideas to life by building reliable and functional applications. My focus is on delivering high-quality, user-friendly solutions that meet project requirements."
EGY_00732,-0.978372777615032,49.40150689591189,14.402303392052065,Bachelor's Degree,Fayyum,Administrative Support,23.285027027796822,9,6,0,86,66.60623196239816,46.118804777689604,0.6647784827240513,0.4851576111915251,0,11.029377293129665,"I am an Administrative Support freelancer based in Fayyum with 14 years of professional experience. I provide reliable and organized administrative assistance to support your business operations. I have extensive experience in data entry, calendar management, and proficiently using Microsoft Office Suite. I can help with organizing documents, scheduling appointments, and managing email correspondence efficiently. My aim is to offer consistent, professional support, ensuring your daily tasks are handled smoothly and accurately."
EGY_00733,0.40825275571447184,26.20896199821593,4.46577793777917,Master's Degree,Fayyum,Social Media Management,66.12093936837148,7,6,0,30,69.74447757842111,67.17511406631519,0.5802831685183765,0.4958515787063272,0,25.08263264828488,"I am a Social Media Management freelancer with 4 years of experience, based in Fayyum. I provide professional social media support for businesses. I have experience in creating engaging content, scheduling posts, and managing online communities across platforms. I can help with maintaining a consistent brand voice and growing your online presence. My skills include using tools like Canva for design and Hootsuite for scheduling. I focus on reliable execution to support your social media objectives effectively."
EGY_00734,-1.7025836042378404,38.93358724717038,10.857339479781599,High School,Cairo,Accounting,15.47955210491125,4,5,0,46,54.80119454919795,23.87325944592559,0.4150356265137496,0.0650943480254221,0,11.946361832063596,Hello. i am from Cairo. I starting in accounting. I am a hard worker and very dedicated. I good at numbers. i will do my best for your company. i am a team player. i think I can help with your books. I am passionate for accounting. I try my best to nice work.
EGY_00735,1.0291556373256436,24.339124248311684,4.153897386804034,Master's Degree,Asyut,Web Development,68.04556623665998,7,8,1,36,78.61624595901355,50.171672614906754,0.8820091369198475,0.8092647342901917,1,39.94309153982771,"As a top 1% Web Development expert, I architect sophisticated, ROI-driven digital solutions, transforming complex challenges into scalable triumphs. My profound expertise, honed through a data-driven approach, consistently delivers measurable impact for enterprise clients. I leverage modern full-stack frameworks like the MERN stack and adeptly navigate cloud infrastructures such as AWS, ensuring optimal performance and security. Through strategic thinking and meticulous execution, I've successfully increased client conversions by 40% and reduced operational costs by 25% across diverse, high-stakes projects. My methodology emphasizes cross-functional collaboration and proactive stakeholder management, translating visionary concepts into high-impact, user-centric web applications. From Asyut, Egypt, I bring a global perspective, passionately committed to delivering unparalleled value and innovation."
EGY_00736,0.472597482413043,36.09056814629152,16.82485889298173,High School,Luxor,Social Media Management,56.840635559158095,7,13,0,93,79.38402731798043,66.34549580171911,0.6234740216880229,0.8099285212358133,1,37.153681413042825,"I am a Social Media Management freelancer from Luxor with 17 years of experience in the field. I provide professional social media strategy, content creation, and community management. I have extensive experience in managing platforms such as Facebook, Instagram, and LinkedIn. I utilize tools like Hootsuite and Canva to streamline operations. I can help businesses establish and maintain a strong online presence, engage effectively with their audience, and achieve their digital communication goals. I am reliable and committed to supporting client objectives."
EGY_00737,0.25602973431387566,32.845839574026755,9.642467075364662,Some College,Mansoura,Video Editing,52.254745091245944,5,7,0,66,79.57204914499675,55.84373900359313,0.6660723824458987,0.8129147915260986,1,31.50087676259882,"I am a professional video editor from Mansoura with 10 years of experience. I provide high-quality video editing for a variety of projects. I have experience using Adobe Premiere Pro, After Effects, and DaVinci Resolve to create polished content. I can help with corporate videos, social media content, and promotional materials. My focus is on delivering professional results on time. I am a reliable freelancer committed to meeting your project needs effectively."
EGY_00738,0.9826909839455139,49.10417054820918,18.035442956580713,Professional Certificate,Fayyum,Translation,59.870601757302644,16,14,3,90,100.0,56.291250629590834,0.5734061310894314,0.9569633416276433,1,40.56822856554371,"I am a professional translator based in Fayyum with 18 years of experience in the field. I provide accurate and reliable translation services for various document types. I have extensive experience in English-Arabic and Arabic-English translation, ensuring faithful rendition of content. My work focuses on maintaining clarity and precision. I am proficient in using industry-standard CAT tools like SDL Trados and MemoQ to ensure consistency. I can help clients effectively bridge language barriers and communicate their messages accurately. I am committed to delivering high-quality translations on schedule."
EGY_00739,1.6654744444625766,37.47287272628693,13.527326639726661,Bachelor's Degree,Luxor,Customer Support,81.18360447109329,16,11,2,107,80.92859397829135,90.61897203399903,0.47036697173513153,0.9635966305725988,1,42.62533439735215,"As an elite Customer Support architect from Luxor, I don't merely resolve issues; I strategically optimize and architect scalable, ROI-driven customer journeys to deliver measurable impact. My data-driven approach leverages deep analytical insights to identify systemic pain points, enabling proactive problem-solving rather than reactive firefighting. I consistently deliver transformative results for enterprise clients, increasing conversions by 40% and reducing operational costs by 25% through streamlined processes and enhanced self-service solutions. Proficient in ITIL and COPC frameworks, I excel in cross-functional collaboration and stakeholder management, aligning diverse teams towards unified customer success objectives. I specialize in designing bespoke, resilient support ecosystems that not only exceed service level agreements but also cultivate enduring brand loyalty and optimize long-term customer value."
EGY_00740,1.0143700650181304,29.1842039067782,7.675898118485346,Some College,Asyut,Content Writing,29.394924900396845,8,5,0,47,72.30836838838684,53.696926873220164,0.6090613601724776,0.8567857401526255,1,37.00821567507125,"As a top 1% content architect from Asyut, Egypt, I don't just write; I engineer strategic content solutions that deliver measurable impact. Leveraging a data-driven approach informed by advanced analytics, I optimize entire content ecosystems for enterprise clients and complex projects, seamlessly integrating SEO best practices like E-E-A-T. My expertise extends to full-funnel content strategy, from comprehensive market research to post-publication analytics, ensuring every piece is meticulously crafted to be ROI-driven. I architect scalable content frameworks, applying methodologies such as Agile Content Development and advanced buyer journey mapping, which have consistently increased conversions by 40% and reduced content production time by 25%. My process emphasizes deep stakeholder management and cross-functional collaboration, translating intricate business objectives into compelling, high-performing narratives. I solve critical communication challenges, empowering brands to build authority and transform leads into loyal customers."
EGY_00741,-1.8408742313316453,21.651065116413868,3.030828050752003,Some College,Damietta,Administrative Support,33.751591613695695,4,5,0,0,42.577041011713526,0.0,0.33778475848914746,0.04756268154835104,1,5.91090507474466,hello. i am from Damietta. i want to do administrative work. i am very good person. i passionate for help. i work hard. i am nice team player. i will try my best for your projects. i think i can help you good.
EGY_00742,-1.2795769667357015,22.839898519517906,4.117640298142086,Professional Certificate,Zagazig,Data Entry,21.681267755024123,5,7,1,20,57.71583334366336,24.02568583969162,0.4829215043388267,0.052602496549020245,0,3.0,Hello. i am from Zagazig. I am good for data entry work. I am very passionate. I will do my best for you. i think i can help your team. i am a hardworking person. i dedicated person. I will try my best always. My work will be nice.
EGY_00743,-0.6248185776956788,25.210141758439523,7.210141758439523,High School,Fayyum,Digital Marketing,44.7072904320713,7,6,0,37,71.69008362682288,66.77785422102156,0.9117961142954887,0.2823016668164425,0,20.866607436695702,"I am a Digital Marketing freelancer with 7 years of professional experience. I provide reliable marketing services designed to enhance online visibility and engagement. I have strong experience in Search Engine Optimization (SEO), managing Pay-Per-Click (PPC) campaigns using platforms like Google Ads, and developing effective social media marketing strategies. I can help clients attract their target audience and improve their digital presence. My goal is to deliver consistent, functional marketing support that aligns with your business objectives and project needs."
EGY_00744,0.026091050210833786,26.030933162889536,2.5567830270818903,Some College,Aswan,Data Entry,53.941621932511794,3,4,0,21,70.57556098273787,45.547536636527894,0.2802402862220627,0.4162274631912713,1,19.123005493214855,"I am a professional Data Entry freelancer from Aswan with 3 years of experience. I provide accurate and efficient data entry services to help businesses manage their information effectively. I have experience in various data management tasks and am proficient in Microsoft Excel, Google Sheets, and data transcription. I can help organize your data, update records, and maintain clean databases. My focus is on delivering reliable results with attention to detail and ensuring timely completion of your projects. I am committed to supporting your operational needs."
EGY_00745,0.517659020469123,45.219713850916406,17.279092464172752,Professional Certificate,Shubra El-Kheima,SEO Specialist,70.51465912724504,8,10,0,104,77.5616143201904,48.48031887409011,0.5420747022567503,0.8256684494820768,1,35.71835457298031,"I am an SEO Specialist based in Shubra El-Kheima with 17 years of experience. I provide professional SEO services to help businesses enhance their online presence. I have extensive experience in key areas such as keyword research, technical SEO, and on-page optimization. I am also proficient with tools like Google Analytics and Google Search Console. I can help you improve your website's organic search performance and drive targeted traffic. My approach is reliable and focused on implementing effective strategies to achieve consistent results."
EGY_00746,-0.7257438131534656,35.9591292250408,8.922715275061401,Professional Certificate,Mansoura,Translation,41.09133415807871,9,5,0,55,60.73186816828705,41.69012106096187,0.509791157325215,0.18611907898778404,0,16.364969252082734,"I am a professional translator from Mansoura with 9 years of experience. I provide high-quality and accurate translation services for diverse content. I have experience in translating various document types, including legal and marketing materials. I can help clients with their English-Arabic and Arabic-English translation needs. My work is supported by proficiency in CAT tools like SDL Trados. I focus on delivering clear, reliable, and precise translations to ensure effective cross-cultural communication. I am committed to meeting project deadlines consistently."
EGY_00747,0.18676676447707832,34.748509163979726,11.160130791072332,Bachelor's Degree,Damietta,Web Development,44.51040966081572,5,10,1,84,71.4053285664346,67.40714749211847,0.7778529522876676,0.6341019751274697,1,32.375886184042834,"I am a web developer based in Damietta with 11 years of experience. I provide comprehensive web development services, focusing on creating functional and user-friendly websites. I have experience in front-end and back-end development, utilizing tools like HTML/CSS, JavaScript, and database management. I can help with building custom websites, improving existing web applications, and ensuring responsive designs across devices. My aim is to deliver reliable web solutions that meet client specifications."
EGY_00748,-0.7553829323533225,21.67260389981496,0.3661893169167867,Some College,Aswan,Mobile App Development,22.621706135590472,3,2,0,0,52.47386357704337,39.691904951002755,0.7223782316898848,0.16931646888754395,1,23.56685390376481,"I am a mobile app developer focused on creating functional and intuitive applications. I provide services in developing robust mobile solutions, ensuring a smooth user experience. I have hands-on experience in building apps using React Native and applying modern UI/UX principles. My approach emphasizes clear communication and reliable code delivery. I am committed to learning and ensuring client satisfaction on every project. I am ready to help transform your app ideas into practical, high-quality mobile experiences."
EGY_00749,-0.6115178029919482,45.52447018718192,15.679948485098981,Professional Certificate,Port Said,Translation,37.339201406391034,8,12,0,91,77.55098538379956,51.53200009272622,0.4097981504352124,0.44199180293461393,1,27.547778774380294,"I am a professional translator based in Port Said with 16 years of experience. I provide accurate and reliable translation services. I have extensive experience in translating various document types, including business and technical content. I am proficient in using CAT tools like SDL Trados and MemoQ. I can help clients ensure clear and effective communication across languages. My goal is to deliver high-quality translations that meet project requirements and maintain linguistic accuracy."
EGY_00750,-1.4066610968482223,41.13005770267148,13.287854793127075,Master's Degree,Tanta,Content Writing,9.31832925844654,5,6,0,72,54.911354313443766,30.28107337376921,0.58063976039926,0.11116964897900335,0,12.24370510584516,Hello. i am from Tanta and new content writer. i am very passionate for write. i will work hard always. i am a good and dedicated person. i do my best for your project. i think i can help you very good. i am team player and will try my best.
EGY_00751,-0.9232332461109043,20.16538758080005,2.1653875808000507,Bachelor's Degree,El-Mahalla El-Kubra,Video Editing,29.86664424522888,4,2,0,0,50.49931406940495,47.909368613864636,0.5588577530343952,0.2687691583885368,1,19.25996876488706,"I am a professional video editor based in El-Mahalla El-Kubra with two years of experience. I provide comprehensive video editing services tailored to various project requirements. I have experience utilizing industry-standard tools like Adobe Premiere Pro, After Effects, and DaVinci Resolve. I can help with a range of editing needs, including corporate presentations, social media content, and engaging promotional videos. My focus is on delivering high-quality, polished final products that align with your vision and deadlines."
EGY_00752,-1.3516846056163336,40.6507231113526,15.427342754696387,Some College,Ismailia,UI/UX Design,26.79842471245294,6,6,0,68,74.26831644064688,36.48372664112667,0.837325692413517,0.32333717231141657,0,16.99570547506614,hello i am from Ismailia. i am new UI/UX designer. i am passionate and dedicated. i will work hard for good designs. i think i can help you. i always do my best. i am good team player. i try my best for nice work.
EGY_00753,-0.9758732529773327,35.39322295496467,7.944499020086033,Bachelor's Degree,Ismailia,Accounting,28.462741425050766,6,3,0,29,57.13136932363931,32.31964434093367,0.4936985805087332,0.13856048475909935,1,21.031261606870746,"I am an experienced Accounting professional with 8 years of dedicated experience in financial management. I provide comprehensive accounting services to businesses, ensuring accurate and timely financial records. I have extensive experience in bookkeeping, financial reporting, and payroll management. I can help with general ledger maintenance, accounts payable/receivable, and month-end close processes. My expertise includes using QuickBooks and Microsoft Excel to manage financial data efficiently. I am committed to delivering reliable and precise accounting support to help clients maintain their financial health."
EGY_00754,1.0536417966078395,20.615211063896904,1.6789948603378397,Bachelor's Degree,Tanta,Administrative Support,66.22236352276671,8,6,1,31,71.45304357346495,66.51508120831411,0.3283356904459326,0.8853515892392784,1,28.96108589400955,"As a top 1% Administrative Support expert from Tanta, Egypt, I architect strategic solutions, not merely execute tasks. I leverage a data-driven approach to optimize complex operational workflows, delivering measurable impact for enterprise clients and multi-national corporations. My expertise centers on proactive problem-solving and scalable system implementation, consistently transforming administrative functions into a strategic asset. For instance, I've successfully redesigned lead qualification processes using Agile methodologies, increasing conversion rates by 40%, and streamlined resource allocation, reducing costs by 25% through Lean principles. I excel in high-stakes environments, applying robust stakeholder management and cross-functional collaboration to ensure seamless project execution and ROI-driven outcomes. My commitment is to elevate your organization's efficiency and strategic capabilities, positioning you for sustained growth."
EGY_00755,-0.949398888831943,32.665620528917,7.380212607851856,Bachelor's Degree,Port Said,Mobile App Development,33.39797655832878,10,2,0,43,75.15144858010348,30.46956471829568,0.848311702008488,0.37824314104519313,0,19.69942452732632,"I am a Mobile App Development freelancer with 7 years of experience, based in Port Said. I provide professional services for creating robust mobile applications. I have experience in both iOS and Android development, utilizing Swift and Kotlin. I can help with building new apps from scratch, enhancing existing features, or providing ongoing maintenance. My focus is on delivering functional and reliable solutions for your mobile projects. I prioritize clear communication and efficient project execution."
EGY_00756,2.632382064837391,33.5102811881615,6.789158891546231,Self-Taught,Damietta,Mobile App Development,86.20886555927304,10,8,3,69,100.0,60.91575950055211,0.7441443957655711,0.9927580664427594,1,57.36393073053759,"As a top 1% Mobile App Development expert from Damietta, Egypt, I architect sophisticated, ROI-driven mobile solutions for discerning enterprise clients globally. My process leverages a rigorous data-driven approach and Agile/Scrum methodologies to ensure the delivery of exceptionally robust and scalable applications. I specialize in optimizing critical business functions and enhancing user engagement, having demonstrably increased conversions by 40% and reduced operational costs by 25% across various complex projects. My expertise spans advanced native and cross-platform frameworks, including Flutter and React Native, integrating seamlessly with enterprise-grade cloud infrastructures like AWS and Azure. Through meticulous stakeholder management and proactive cross-functional collaboration, I consistently deliver measurable impact, transforming ambitious strategic visions into high-performance, future-proof mobile realities that drive sustained growth."
EGY_00757,0.4933179008808892,23.304785285224824,2.7488370702861533,Master's Degree,Damietta,Administrative Support,33.15826234284028,7,7,0,25,51.765545873235254,55.62149790278859,0.5012171119287191,0.675677960149122,1,23.391904099025634,"I am an Administrative Support freelancer from Damietta with 3 years of experience. I provide reliable administrative support to individuals and businesses. I have experience in data entry, scheduling, and document organization. I am proficient with common office tools, including Microsoft Office Suite. I can help manage your daily tasks efficiently and accurately. My focus is on delivering organized and timely assistance to support your operations. I am dedicated to ensuring administrative workflows run smoothly."
EGY_00758,0.1848361236948739,48.262340704009034,17.54043884549378,Some College,Cairo,Administrative Support,39.825490048567616,11,8,1,97,89.07020008117725,32.87741811599074,0.28337771991613825,0.4554319896450829,1,28.479948360328862,"I am an Administrative Support freelancer from Cairo with 18 years of experience. I provide reliable and efficient administrative assistance to businesses and individuals. I have extensive experience in scheduling, data entry, and using Microsoft Office Suite. I can help with managing calendars, organizing documents, and various other support tasks. My goal is to ensure smooth daily operations for your projects. I am dedicated to offering consistent and professional support to meet your needs."
EGY_00759,-0.8583577801812136,45.19921188738118,21.172960105119753,Master's Degree,Ismailia,Administrative Support,43.55120061583055,9,12,0,109,100.0,48.66114967075875,0.23351141910879442,0.2920781663409793,0,13.537560334265905,"I am an experienced Administrative Support professional based in Ismailia, with 21 years of experience providing reliable assistance. I have extensive experience in key administrative tasks such as data entry, email management, and proficient use of Microsoft Office Suite. I can help streamline your daily operations by managing schedules, organizing documents, and handling various communication needs. My focus is on delivering consistent, accurate, and professional support. I am committed to helping clients achieve their organizational goals with efficiency and dependability."
EGY_00760,0.7003098794089914,39.40871479453146,13.71114852744027,Master's Degree,El-Mahalla El-Kubra,Administrative Support,68.54721092060932,8,5,0,80,91.40059652791092,57.8413569770356,0.2890227299664611,0.8103885432128325,1,33.304679692557556,"I am an experienced Administrative Support freelancer based in El-Mahalla El-Kubra, offering 14 years of professional experience. I provide reliable assistance for various administrative tasks to ensure smooth operations. I have strong experience in data entry, calendar management, and proficient use of Microsoft Office Suite. My aim is to support businesses by maintaining organized and efficient workflows. I can help with managing emails, preparing documents, and streamlining daily administrative processes. I am dedicated to delivering consistent and dependable administrative services to all my clients."
EGY_00761,-0.5756378262377739,32.79345795201943,6.120839769703183,Master's Degree,Ismailia,Administrative Support,22.977665426643433,8,7,0,44,63.57280186375429,64.44172531150423,0.40816805800585404,0.38034422856866235,0,10.729990593747065,"I am an Administrative Support professional with 6 years of experience providing reliable administrative assistance. I have experience in managing schedules, organizing documents, and handling data entry tasks efficiently. I can help with email management, drafting correspondence, and general office support. I am proficient with Microsoft Office Suite, including Word, Excel, and Outlook. My focus is on delivering accurate and timely support to help your operations run smoothly. I am ready to assist with your administrative needs."
EGY_00762,0.12200981464536144,31.176497330704272,6.776350390080679,Professional Certificate,Port Said,Mobile App Development,43.682965407339104,8,3,0,34,81.88612915917182,46.510561110380635,0.8212870143770129,0.44539936615662284,0,28.775990245823174,"I am a mobile app development freelancer from Port Said with 7 years of experience. I provide professional mobile app development services for iOS and Android platforms. I have extensive experience in building native applications using Swift and Kotlin, and cross-platform solutions with Flutter. I can help with developing new applications, enhancing existing ones, and ensuring a smooth user experience. My focus is on delivering reliable and functional mobile solutions tailored to client needs."
EGY_00763,2.5600845382687947,38.83115094883053,14.541457160157117,Bachelor's Degree,Suez,Graphic Design,99.12092175002319,12,11,2,95,100.0,80.42060650657267,0.6636941783468104,0.9919497027461119,1,53.51050902056866,"As a top 1% graphic design strategist from Suez, Egypt, I don't just create visuals; I architect ROI-driven solutions that elevate brands and drive tangible business outcomes. Leveraging a sophisticated data-driven approach, I optimize every design asset for maximum impact, ensuring scalable and sustainable growth. My methodology integrates Design Thinking principles with agile sprints, fostering seamless cross-functional collaboration and expert stakeholder management, particularly within complex enterprise environments. I consistently deliver measurable impact, exemplified by projects that have increased conversions by 40% and reduced marketing material costs by 25%. My expertise lies in understanding nuanced business objectives and translating them into compelling, strategic visual narratives that resonate and perform."
EGY_00764,-0.09605989972464987,35.45381982102097,14.649177438352433,Bachelor's Degree,Shubra El-Kheima,Graphic Design,41.37871337007876,10,10,0,84,86.68626432437284,26.802890436106498,0.5935297646002056,0.6468111141849644,0,24.327981906371377,"I am a Graphic Designer from Shubra El-Kheima with 15 years of professional experience. I provide high-quality design solutions for various projects and client needs. I have extensive experience in logo design, brand identity development, and creating marketing collateral. I am proficient in industry-standard tools like Adobe Photoshop and Illustrator. I can help businesses and individuals translate their ideas into visually compelling and effective designs. I am reliable and committed to delivering professional results that meet specifications and deadlines."
EGY_00765,1.1492733262856758,19.99273938822034,0.0,Bachelor's Degree,Suez,Data Entry,66.12419202303401,11,5,2,16,69.81029730292042,47.229880247869914,0.31534920422297874,0.7737399123939398,1,24.788590566067302,"As a top 1% Data Entry expert, I transcend traditional data input, architecting robust, scalable solutions that transform raw information into strategic assets. My data-driven approach leverages advanced methodologies to optimize data integrity and operational efficiency for enterprise-level clients. I don't just process; I solve complex data challenges, demonstrably reducing processing errors by 99.9% and accelerating project timelines by 30%, delivering measurable ROI.

Through strategic planning, cross-functional collaboration, and meticulous stakeholder management, I ensure data quality adheres to stringent industry standards like ISO 27001. My commitment is to provide ROI-driven insights, ensuring every data point contributes to your strategic objectives."
EGY_00766,-0.7031764251258874,34.400084760650614,6.080202086112278,High School,Ismailia,Graphic Design,53.87040691327077,5,6,0,24,63.71662176122888,16.381041463261454,0.7933274570626878,0.29634480298135346,0,18.86651238459016,"I am a professional Graphic Designer based in Ismailia, offering 6 years of experience in the field. I provide a range of high-quality graphic design services, including branding, marketing collateral, and digital illustrations. I have experience working with clients on various visual communication projects. My core tools include Adobe Photoshop, Illustrator, and InDesign. I can help with creating clear and effective designs tailored to your project requirements. My aim is to deliver reliable and professional design solutions."
EGY_00767,-0.0349884904969617,43.804915751450864,19.224879801614083,Bachelor's Degree,Mansoura,Content Writing,45.85939952811164,11,8,1,111,91.9004803177891,65.74254528122893,0.716888541856706,0.6532737622775167,1,33.70238560289396,"I am a professional content writing freelancer located in Mansoura, offering 19 years of experience in the field. I provide high-quality, clear, and effective written content. I have extensive experience in creating engaging blog posts, informative articles, and compelling website copy. I can help with SEO-optimized content creation and proofreading, utilizing tools like Grammarly and basic WordPress for publishing. My aim is to consistently deliver reliable content solutions that meet client requirements."
EGY_00768,1.77080063563551,32.695676083102654,9.5966340046034,Self-Taught,Giza,Graphic Design,71.51481543266149,15,9,2,66,99.02742748865208,64.35629290271433,0.7486202430861526,0.9716058064504687,1,45.84698105277762,"As a top 1% Graphic Design expert based in Giza, Egypt, I transcend traditional aesthetics to architect strategic, ROI-driven visual solutions that propel enterprise growth. My data-driven approach meticulously leverages deep market insights and robust Design Thinking methodologies to optimize every facet of visual communication, ensuring scalable impact across diverse platforms. I consistently deliver measurable impact; for instance, I've increased client conversions by 40% through meticulously crafted campaign visuals and reduced production costs by 25% via streamlined asset management and adherence to precise brand guidelines. Specializing in complex enterprise projects, I excel in leading cross-functional collaboration and meticulous stakeholder management, driving projects from conceptualization through to flawless deployment. My expertise lies in translating intricate business objectives into compelling, high-performance design that delivers tangible results."
EGY_00769,-0.6269670577877674,19.66261048173659,0.0,High School,Port Said,Mobile App Development,39.025127227257194,2,1,0,0,50.27656396540697,62.382591577447855,0.8808896293269297,0.2606246440432503,0,22.60457215568193,I am a mobile app developer focused on building functional and user-friendly applications. I provide development services for mobile platforms. I have foundational experience in Flutter for cross-platform app development and native Android (Kotlin). I can help with bringing your app ideas to life through clean code and reliable implementation. My aim is to deliver well-structured mobile experiences that meet project requirements. I am dedicated to continuous learning and ensuring client satisfaction. I am available to discuss your mobile app project.
EGY_00770,1.8124485579969287,43.16090238028906,16.165799600418307,Master's Degree,Alexandria,Administrative Support,95.7208363489522,17,10,2,104,98.70199227826973,31.540215684855625,0.4888506323859433,0.983524349952298,1,43.21463720664279,"As a Top 1% Administrative Support expert, I transcend traditional task execution, strategically architecting solutions that drive organizational efficiency and deliver measurable impact. My approach is rooted in a robust, data-driven methodology, leveraging advanced analytics and frameworks like Lean principles to optimize operational workflows. I specialize in transforming complex administrative challenges into scalable, ROI-driven processes, particularly for enterprise-level clients.

I possess a proven track record of enhancing productivity and realizing substantial cost savings. For instance, I successfully streamlined vendor management for a multinational corporation, reducing procurement costs by 25% and significantly improving project turnaround times. Through meticulous stakeholder management and seamless cross-functional collaboration, I ensure flawless project execution. My expertise focuses on proactive problem-solving, implementing systems that genuinely optimize business performance."
EGY_00771,0.7077519354554754,24.44364102835118,0.0,Master's Degree,Zagazig,Social Media Management,65.07829739472693,8,5,3,7,51.657659934282,81.71413920362733,0.569480211427789,0.7394207471653805,1,26.31290196666761,"I am a focused Social Media Management freelancer, dedicated to helping businesses enhance their online presence. I provide support across key platforms like Facebook and Instagram. I am skilled in content creation, post scheduling, and basic community engagement. I also have experience using tools such as Canva for visual content. I can help with managing your daily social media tasks, ensuring consistent and professional communication with your audience. My aim is to offer reliable service to contribute to your brand's digital growth."
EGY_00772,-0.5624667758942676,26.27586671641724,4.972271043044666,Bachelor's Degree,Alexandria,Digital Marketing,41.75381463938366,4,6,1,30,58.73653035882573,42.23005532869562,0.7644358288225434,0.1379979496939573,0,18.62514204171001,"I am a Digital Marketing freelancer from Alexandria with 5 years of professional experience. I provide effective digital marketing strategies to help businesses enhance their online presence. I have experience in Search Engine Optimization (SEO), social media campaigns, and managing Google Ads. I can help with driving relevant traffic and increasing engagement for your brand. I use tools like Google Analytics to track performance. My aim is to offer reliable support for your digital marketing needs."
EGY_00773,0.632407739055521,23.27060330983347,3.8180043315862515,Bachelor's Degree,Fayyum,Digital Marketing,54.24251652901698,6,5,0,31,79.67536680871665,62.68660370314622,0.6560132779978519,0.723172474567586,1,32.83167918525102,"I am a Digital Marketing freelancer from Fayyum with 4 years of experience. I provide digital marketing services to help businesses grow their online presence. I have experience in areas such as Search Engine Optimization (SEO), Social Media Marketing, and Google Ads. I can help clients develop and implement effective online strategies. My aim is to deliver reliable support and consistent results for your digital marketing initiatives. I am ready to assist with your project needs."
EGY_00774,0.9725544496267299,28.56688207588792,8.188669524608413,Some College,Luxor,Accounting,69.97648602621217,8,11,1,54,85.71434443118099,45.72651244277323,0.44467266993798316,0.8624316572083026,1,40.81527895503397,"I am an Accounting freelancer based in Luxor with 8 years of experience. I provide professional accounting and bookkeeping services to businesses. I can help with accurate financial record-keeping, bank reconciliation, and generating essential financial reports. I have experience using QuickBooks and Microsoft Excel for various accounting tasks. My focus is on delivering reliable and precise financial support to clients. I am committed to maintaining financial clarity and supporting efficient financial operations for your business."
EGY_00775,0.6218099622171964,42.21604818203632,12.501837004636714,Bachelor's Degree,Tanta,Content Writing,65.92414713256593,6,7,0,72,76.9968399098809,65.37106832916626,0.43825102207584266,0.8620199060244312,1,36.00052701721782,"I am a professional content writer with 13 years of experience. I provide well-researched articles, blog posts, and website content. I have experience in SEO writing and keyword research. I can help clients create clear, engaging, and informative material for various platforms. My goal is to deliver reliable content solutions efficiently and meet project deadlines. I am proficient with tools like WordPress and Google Docs."
EGY_00776,-1.5702247198904564,34.620347504125995,10.143582825282316,Some College,Fayyum,SEO Specialist,15.714844106888457,5,8,0,58,44.28222723802531,25.54859117048636,0.7406071581960051,0.05890910968057138,0,9.78552578133659,"Hello, i am from Fayyum. i am new SEO Specialist. i very passionate about work. i work hard and will dedicated. i will try my best for your project. i think i can help you. i am good team player. i do my best always."
EGY_00777,-0.7271371758248686,24.556200772822802,2.0828712115745063,High School,Damietta,Mobile App Development,45.95922428208857,2,4,0,18,54.713569178412556,23.365040559423083,0.866367176222972,0.21179289879186455,0,19.83277707712812,I am a mobile app developer from Damietta with 2 years of experience. I provide professional mobile application development services. I have experience in building robust applications for both iOS and Android platforms. I can help with developing new apps or enhancing existing ones using technologies like Flutter. My goal is to deliver reliable and functional mobile solutions that meet client requirements. I am ready to assist with your next mobile project.
EGY_00778,-0.24751863555150475,46.0905625008653,17.36510501186782,Master's Degree,Tanta,Web Development,44.77569760049312,10,7,0,78,90.9626939834385,28.914781079852922,0.869711512211982,0.542637734812376,0,31.557596594920703,"I am a web developer based in Tanta with 17 years of experience. I provide professional web development and maintenance services. I have experience in building functional websites using technologies such as PHP, JavaScript, and relational databases like MySQL. I can help clients with new website development, updating existing platforms, and integrating essential features. My aim is to deliver reliable and practical web solutions for your business needs."
EGY_00779,-0.07443342910004629,46.14661935844893,15.097278970343309,Master's Degree,Zagazig,Social Media Management,49.13148490978538,7,13,1,94,78.07039751003597,30.726542302064942,0.6066193412912182,0.4941288440623695,0,19.919709440500682,"I am a highly experienced Social Media Manager with 15 years in the field. I provide comprehensive social media management services to help businesses strengthen their online presence. My expertise includes content creation, community engagement, and strategic scheduling. I am proficient with tools like Hootsuite and Buffer. I can help with developing engaging social strategies, managing daily posts, and analyzing performance. My goal is to ensure your brand communicates effectively and consistently across all platforms."
EGY_00780,0.620672097550678,45.85850960147222,15.898904082562892,Bachelor's Degree,Asyut,Translation,50.46719143337698,13,9,1,100,78.49569706618473,63.151659107560576,0.36698935112824094,0.7015983771047761,1,35.02195637927626,"I am a professional translator with 16 years of experience, offering high-quality language solutions. I provide accurate and culturally appropriate translations between Arabic and English. I have extensive experience in translating various document types, ensuring clarity and precision for every project. I am proficient in using industry-standard CAT tools like SDL Trados and MemoQ. I pay close attention to detail and maintain strict confidentiality. I can help clients effectively communicate their message across linguistic barriers, delivering reliable translation services that meet your specific needs."
EGY_00781,0.17770100093325383,25.641478764209257,2.593256468945096,Bachelor's Degree,Tanta,Data Entry,48.66569473570971,8,7,1,29,60.95083733431326,42.59793777327508,0.42563995592438386,0.5674545061716078,0,16.319762172138383,"I am a professional Data Entry freelancer from Tanta with 3 years of experience. I provide accurate and efficient data entry services for various project needs. I have experience in Microsoft Excel, Google Sheets, and performing meticulous web research. I can help with tasks such as data transcription, organizing complex spreadsheets, and maintaining updated databases. My focus is on delivering reliable support for your administrative projects. I ensure high quality and timely completion of all work, helping you manage your data effectively."
EGY_00782,-1.3353443587101013,32.43965901379162,9.966067891922286,Master's Degree,Suez,Customer Support,19.668411967120193,4,5,0,58,64.20492916210853,9.37446135983123,0.46844599371036416,0.15911727930371455,0,6.447023249281668,Hello. i am from Suez. i want work in customer support. i am good person and i will work hard for you. i think i can help your customers. i try my best always. i am very passionate. i like help people. i am dedicated team player. i will do my best for your project.
EGY_00783,0.3801978510059632,49.519668996508,20.62870363121813,Bachelor's Degree,Shubra El-Kheima,Web Development,44.92078606392644,13,13,0,116,100.0,60.101866922637186,0.9895997210413634,0.7167356269716948,1,40.80645736587253,"I am a web development freelancer based in Shubra El-Kheima, bringing 21 years of experience to my clients. I provide professional web development services for various business needs. I have extensive experience in front-end technologies like HTML, CSS, and JavaScript. I also work with back-end development using PHP. I can help with developing new websites from scratch or improving and maintaining existing web applications. My aim is to deliver functional and reliable web solutions that meet client requirements effectively."
EGY_00784,0.6105857452838231,42.70439924191969,14.353398405236984,Master's Degree,Port Said,Mobile App Development,62.929688383525146,11,11,1,93,85.5823948356986,24.736086095365913,0.8646211355897586,0.7989622563921063,1,43.391420117139965,"I am a mobile app development freelancer with 14 years of experience, based in Port Said. I provide comprehensive mobile application development services. I have experience in developing robust applications for both native iOS and Android platforms. I can also help with cross-platform solutions, primarily using Flutter. My toolkit includes Swift, Kotlin, and Firebase. I focus on delivering functional, reliable, and user-friendly mobile applications tailored to your project requirements."
EGY_00785,0.5597904479310398,18.869357479217914,0.5980904774508051,Bachelor's Degree,Cairo,Graphic Design,54.84569106453451,9,6,1,13,74.93417949590058,76.65356683008392,0.7205783885204031,0.7393346190195343,1,31.38028190603769,"I am a Graphic Designer based in Cairo with 1 year of professional experience. I provide clear and effective graphic design solutions for businesses and individuals. I have experience in creating various visual assets, including logo design, brand identity, and social media graphics. I can help with developing visuals that communicate your message clearly. My key tools include Adobe Photoshop and Illustrator. I am dedicated to delivering quality work and am ready to support your design requirements."
EGY_00786,1.0807807255546218,20.086546920335746,0.0,Professional Certificate,Luxor,Administrative Support,53.215334184695166,5,4,1,27,78.3601444407389,92.76552735075424,0.44927596014058535,0.8609388044648777,1,27.556927661585274,"As a top 1% Administrative Support expert from Luxor, I don't just execute tasks; I architect solutions that drive organizational efficiency and strategic growth. My approach leverages a deep understanding of operational bottlenecks, applying Lean methodologies to optimize workflows and deliver measurable impact. Through meticulous, data-driven analysis, I've successfully reduced operational costs by 25% for enterprise clients and streamlined complex project coordination, leading to a 40% increase in cross-functional collaboration efficiency.

I specialize in proactive stakeholder management and developing scalable administrative frameworks that directly contribute to ROI. Whether managing intricate schedules for C-suite executives or orchestrating large-scale virtual events, my strategic thinking ensures seamless execution. I pride myself on anticipating needs, mitigating risks, and implementing systems that foster sustained productivity, allowing your team to focus on core objectives. Let's discuss how I can elevate your operations."
EGY_00787,0.8339221545489041,32.84580405799465,8.308129138783215,Master's Degree,Mansoura,Customer Support,84.27935879311732,9,9,1,60,71.38809399457996,40.32071072168577,0.5181677872155594,0.8691375615871144,1,30.239866536923934,"I am a customer support freelancer from Mansoura with 8 years of experience. I provide reliable and efficient customer service, focusing on clear and professional communication. I have experience in handling customer inquiries, resolving common issues, and managing various support channels. I can help with email support, live chat, and CRM software, including Zendesk. My goal is to ensure a positive customer experience and deliver high-quality assistance. I am committed to supporting your clients effectively."
EGY_00788,0.4591800792284367,47.095046587569925,17.356618718458463,Bachelor's Degree,El-Mahalla El-Kubra,Customer Support,45.64115079526718,10,12,1,87,100.0,71.29692042495188,0.5931126277687839,0.8039859831664123,1,33.84710949453694,"I am a Customer Support professional from El-Mahalla El-Kubra with 17 years of experience. I provide reliable and consistent customer service. I have experience in managing customer inquiries across various channels, including email and chat support. I am proficient with CRM software and ticketing systems. I can help resolve customer issues efficiently and ensure clear communication. My goal is to support clients by delivering dependable customer interactions. I am ready to assist with your customer support needs."
EGY_00789,-0.07016571145864703,35.238457534486855,15.584660702752064,Some College,Mansoura,UI/UX Design,59.86854393831363,10,10,0,98,85.03623607615877,54.3944814985788,0.780761073566159,0.681013188671039,1,37.39000808516013,"I am a UI/UX Design freelancer based in Mansoura with 16 years of professional experience. I provide comprehensive design services to create intuitive and effective digital products. I have experience in user research, prototyping, and utilizing Figma for design work. I can help clients transform complex ideas into user-friendly interfaces that meet their project goals. My focus is on delivering clear, functional, and well-structured design solutions. I aim to create designs that enhance user experience and achieve desired outcomes."
EGY_00790,-1.6609609335159914,33.93000025709729,7.3340661027100476,Bachelor's Degree,Port Said,Web Development,10.320949581042111,5,3,0,32,44.73802538895141,22.5678886495689,0.9471854888201497,0.07273816887120131,0,10.122290722896846,Hello. i am from Port Said. i am new web developer. i am very passionate about web work. i will work hard for you. i do my best for good result. i am a dedicated team player. i think i can help you good. i will try my best in every project.
EGY_00791,0.42961821913258585,21.37515839861218,3.3751583986121787,Some College,Damietta,Translation,61.00929663866674,6,5,0,28,83.44557050874599,48.354832320143466,0.50564755851996,0.5273693929056965,0,28.2890642839218,I am a professional translator based in Damietta with three years of experience. I provide accurate and reliable translation services. My expertise includes document translation and proofreading across various subjects. I am proficient in using CAT tools like Trados Studio to ensure consistency and efficiency. I can help clients bridge language barriers effectively and deliver high-quality content. My focus is on delivering precise translations that meet your specific requirements. I am committed to clear communication and timely project completion.
EGY_00792,0.20768768716311115,39.01696335117741,14.603895557638062,Some College,Giza,SEO Specialist,50.60971162125975,9,13,1,80,82.97811550464755,62.30942693960894,0.68688930903755,0.8465309756474352,1,32.55329663646848,"I am an SEO Specialist based in Giza with 15 years of professional experience. I provide comprehensive search engine optimization services designed to improve online presence. I have extensive experience in key areas such as keyword research, on-page optimization, and technical SEO audits. I am proficient with industry-standard tools including Google Analytics and SEMrush. I can help businesses enhance their organic search visibility, attract more qualified traffic, and achieve their digital marketing goals. My focus is on delivering consistent and reliable SEO solutions."
EGY_00793,0.27157883719537346,44.30730113920721,16.3456534925046,Some College,Tanta,Digital Marketing,47.783115244346554,12,9,0,90,71.6867233922233,52.65968408229261,0.9093523998609482,0.7378938228042528,0,32.3595219470518,"I am a Digital Marketing freelancer from Tanta, with 16 years of experience in the industry. I provide comprehensive digital marketing services designed to enhance online visibility. I have extensive experience in SEO, SEM, and social media marketing. I am also proficient with tools like Google Analytics. I can help businesses effectively reach their target audience and improve their digital footprint. My focus is on delivering reliable and functional marketing solutions."
EGY_00794,-1.2767485758203094,30.173440240241995,10.821305112535462,Some College,Asyut,SEO Specialist,32.81619460035242,8,8,1,56,57.81434112736722,0.0,0.7640506681957092,0.18014768753900384,0,14.584550073374189,"hello. i am from Asyut. i want be SEO specialist. i am very passionate about this work. i will work very hard for you. i do my best for your project, always. i think i can help you with good SEO. i will try my best for nice results. i am dedicated and good team player."
EGY_00795,-1.0810565404082624,42.81957922961048,15.635958482980016,Professional Certificate,El-Mahalla El-Kubra,Translation,34.40675045716939,9,6,0,70,65.02373838666558,68.1225375601537,0.49585410913963535,0.15344824373959873,0,13.981423457880414,Hello. i am from El-Mahalla El-Kubra. i am new translator. i am very passionate for words. i work hard. i will try my best for your project. i do my best work. i am dedicated and good team player. i think i can help you. thank you.
EGY_00796,1.0531528533329035,48.86325292482597,19.29627014623144,Professional Certificate,Aswan,Administrative Support,57.67264096317311,13,11,3,99,94.02201427975726,69.13544702976691,0.49229191602272526,0.90410261315266,1,35.53081366216241,"As a top 1% Administrative Support architect, I don't just manage; I strategically optimize and empower executive leadership. I leverage a meticulously data-driven approach, employing lean methodologies to streamline complex operations and elevate productivity within high-stakes, enterprise environments. My expertise lies in identifying systemic inefficiencies and architecting scalable solutions that deliver measurable impact.

For example, I've successfully re-engineered cross-functional workflows, increasing team productivity by 35% and, in another instance, implemented sophisticated vendor management strategies that reduced operational costs by 25%. I excel in critical stakeholder management and orchestrating seamless project coordination. My ROI-driven interventions consistently transform administrative challenges into strategic advantages, empowering organizations to focus on core objectives. From Aswan, Egypt, I am dedicated to ensuring your administrative backbone is a powerful engine for growth and efficiency."
EGY_00797,-0.03955515385665504,24.52052669208605,3.8060747092165395,Professional Certificate,Suez,Graphic Design,40.82928388428017,6,11,2,18,61.75207722799228,48.745176441464466,0.5220018726374205,0.47736903870478653,1,24.3294815559132,"I am a Graphic Designer from Suez with four years of experience. I provide professional design solutions for businesses. I can help with various visual communication needs, including logo design, branding, and marketing materials. I have experience using Adobe Photoshop and Illustrator to create compelling visuals. My focus is on delivering high-quality work that effectively meets client objectives. I am committed to clear communication and completing projects efficiently. I am ready to help bring your design ideas to life."
EGY_00798,0.6815006973726244,34.74654819823172,12.495066683776287,Some College,Aswan,Translation,44.483368340645356,11,10,0,82,83.49849286911123,47.401659773198844,0.5278807785380768,0.5935356221860218,0,24.767227476144885,"I am a professional translator based in Aswan with 12 years of experience. I provide accurate and reliable translation services across multiple industries. I have extensive experience in translating various document types, including legal, technical, and business content. I am proficient in using industry-standard CAT tools like SDL Trados Studio. I also offer comprehensive proofreading and localization services. I can help ensure your materials are culturally appropriate and clearly understood by your target audience."
EGY_00799,0.028318376130461172,27.188414658706417,7.705987262845618,Bachelor's Degree,Port Said,Data Entry,53.480419485527435,8,7,1,47,69.48214298743595,47.50541295856907,0.3046575699177497,0.43020175040902686,1,22.30948944814595,"I am a professional Data Entry freelancer based in Port Said with 8 years of experience. I provide accurate and efficient data entry services to clients. I have experience in various tasks including data compilation, data cleansing, and database management. I can help with organizing information using tools like Microsoft Excel and Google Sheets. My focus is on delivering reliable results and maintaining data integrity. I am dedicated to completing projects accurately and on time, ensuring client satisfaction."
EGY_00800,0.02975613949574519,43.37134140908286,13.971450270457291,Some College,Fayyum,Translation,37.90829382143609,6,10,0,91,80.47485499282693,69.39488255671681,0.5951906197633338,0.483871474806944,1,25.11326851473126,"I am a professional translator with 14 years of experience. I provide high-quality translation services, specializing in English-Arabic and Arabic-English language pairs. I have extensive experience in translating various document types, including general, legal, and technical texts. I utilize CAT tools like Trados to ensure accuracy and consistency. I can help clients achieve precise and timely translations. My focus is on clear communication and delivering professional, dependable results."
EGY_00801,0.9382838059759977,36.482987708197044,8.451298235720692,Bachelor's Degree,Giza,UI/UX Design,64.1140066548118,11,11,0,59,86.75893250468145,65.183682189905,0.7811068428331807,0.7426982558452516,0,34.31027517227966,"I am a UI/UX Designer based in Giza with 8 years of professional experience. I provide comprehensive UI/UX design services, focusing on creating user-friendly digital experiences. I have experience in various design phases, including user research, wireframing, and interactive prototyping. My skills include using tools like Figma, Adobe XD, and Sketch. I can help clients develop clear and intuitive interfaces that meet their project goals. My aim is to deliver functional and engaging designs for web and mobile applications."
EGY_00802,-0.5160447282173739,38.30663736160972,11.778021142174515,Some College,Suez,Mobile App Development,48.18410891794655,6,8,0,73,66.53509355726978,49.43808262811159,0.8783478475576508,0.3884302553016216,0,25.461474420163718,"I am a mobile app development freelancer based in Suez with 12 years of professional experience. I provide reliable mobile application development services for both iOS and Android platforms. I have experience using Swift, Kotlin, and Flutter to build functional and user-friendly apps. I can help clients through the full development cycle, ensuring their project goals are met. My focus is on delivering stable and effective mobile solutions."
EGY_00803,0.09612077694098337,43.53325310770861,13.719874735829872,Master's Degree,Giza,Graphic Design,53.52236197235529,6,10,1,72,90.9890241211862,32.41589002858844,0.7274179518543227,0.6307421391443979,0,27.644893757192648,"I am a professional graphic designer based in Giza with 14 years of experience. I provide clear and effective graphic design services for businesses and individuals. My expertise includes logo design, branding, and creating various marketing materials to enhance visual communication. I have extensive experience using industry-standard tools such as Adobe Photoshop, Illustrator, and InDesign. I focus on delivering high-quality work, ensuring clear communication, and completing projects efficiently to meet client needs."
EGY_00804,-0.4622752887050425,30.671055125198556,7.475583925888423,Some College,Tanta,Administrative Support,35.83455768925178,3,3,0,39,56.78915501320881,39.20824239213865,0.40397857409229504,0.48056844426557205,0,7.634906489218309,"I am an Administrative Support professional based in Tanta, offering 7 years of experience in managing various office tasks. I provide reliable and efficient administrative assistance. I have extensive experience in data entry, calendar management, and using Microsoft Office Suite (Word, Excel, Outlook). I can help with organizing documents, scheduling appointments, and ensuring smooth daily operations. My goal is to support your business effectively, handling your administrative needs with attention to detail and professionalism."
EGY_00805,-0.4344962274323156,47.282882189025386,20.044605582783507,Master's Degree,Ismailia,Social Media Management,52.570680702014954,10,12,0,107,90.64289694645551,45.55181787196243,0.6075515683465837,0.3824874198982691,0,21.673122720626715,"I am an experienced Social Media Management freelancer with 20 years in the industry. I provide reliable services for businesses seeking to effectively manage their online presence. I have proven experience in developing engaging content, implementing consistent scheduling, and utilizing platforms like Meta Business Suite. I can help with daily management, audience engagement, and basic reporting across various social media channels. My focus is on maintaining a professional and active presence for your brand, ensuring your social media efforts are consistent and well-managed."
EGY_00806,-0.30917212346863937,35.05692375187648,9.319550940952308,Master's Degree,Suez,Accounting,41.28270336695788,5,6,0,53,84.03377579822954,56.738429670239455,0.5462962819400866,0.42922495613547856,0,20.695905860856612,"I am an accounting professional from Suez with 9 years of experience. I provide comprehensive bookkeeping and accounting services to support businesses in managing their finances effectively. I have experience in financial record-keeping, accounts payable/receivable management, and generating essential financial reports. My skills include proficiency in QuickBooks and advanced Excel functions. I am reliable and committed to ensuring accuracy and timely delivery of all accounting tasks. I can help streamline your financial operations, allowing you to focus on core business activities."
EGY_00807,0.22213377163371284,23.054554330731136,2.947085835815532,Self-Taught,Shubra El-Kheima,Digital Marketing,39.99039898445578,2,6,0,24,65.22311408094114,46.42836211142474,0.6639503725604536,0.4062221078995602,0,23.279672003761842,"I am a Digital Marketing freelancer based in Shubra El-Kheima with 3 years of experience in the field. I provide essential services including SEO, Social Media Marketing, and Google Ads management. I have experience in developing and implementing digital campaigns focused on increasing online presence and engagement. I can help with crafting straightforward strategies to connect with your target audience effectively. My goal is to offer reliable digital marketing support to achieve your business objectives."
EGY_00808,-0.4787486216634773,40.26877178140168,13.477308538457798,High School,Aswan,Customer Support,39.98149563051507,7,4,0,65,76.97619955895783,58.173048022166476,0.498878701181771,0.2103113653696187,0,16.84757221726563,"I am a dedicated Customer Support professional with 13 years of experience. I provide reliable customer assistance and effective issue resolution. I have extensive experience managing customer inquiries through email and live chat platforms. I am also proficient with CRM software for efficient ticket management and tracking. I can help businesses maintain strong customer relationships by offering consistent, professional, and clear communication. My goal is to ensure customer satisfaction with steady, high-quality support."
EGY_00809,1.2557561255735208,43.38436321402414,16.927479692825052,Professional Certificate,Alexandria,Digital Marketing,74.70431566345007,12,13,1,89,90.20500167196901,47.90377538170062,0.7541562792633555,0.9534855781513931,1,46.608037458758794,"As a top 1% Digital Marketing expert, I architect bespoke, ROI-driven strategies that transcend conventional approaches. Leveraging a profound data-driven methodology, I consistently optimize performance across the entire digital ecosystem. For enterprise clients, I've spearheaded initiatives that demonstrably increased conversions by 40% and reduced acquisition costs by 25%, delivering measurable impact. My expertise spans advanced SEO (applying E-E-A-T principles), sophisticated PPC campaign management, and comprehensive content strategy, all designed for scalable growth. I thrive on solving complex challenges through cross-functional collaboration and meticulous stakeholder management. My strategic approach involves deep market analysis and the implementation of Agile marketing frameworks to ensure continuous optimization. I don't just execute; I innovate, delivering unparalleled value and sustained competitive advantage."
EGY_00810,-0.8946073022195039,28.136373666160853,1.5880455317273015,Master's Degree,Damietta,Social Media Management,29.836747322606175,3,0,1,17,49.3417414823957,40.30775721967038,0.6728940215164548,0.187069070431526,0,11.363483175322166,"I am a Social Media Management freelancer based in Damietta with 2 years of experience. I provide services in social media content creation, scheduling, and community engagement. I can help businesses maintain a consistent and professional online presence across various platforms. I have experience with content creation and scheduling, using tools like Canva and Hootsuite. My focus is on delivering reliable support and clear communication. I am committed to effectively managing your social media activities."
EGY_00811,-0.18687164416135904,45.42973622396009,15.24444114484546,Some College,Mansoura,Translation,55.978749487282656,8,8,0,90,93.53937357337183,46.29331708658688,0.5919550441913913,0.6294175538766897,1,28.66656635704141,"I am a professional translator with 15 years of experience. I provide accurate and reliable translation services for diverse content types. I have extensive experience in legal, technical, and marketing translations. I am proficient in using CAT tools like SDL Trados and MemoQ. I can help clients effectively convey their message across language barriers, ensuring precision and cultural appropriateness. My focus is on delivering high-quality results that consistently meet deadlines and client expectations."
EGY_00812,-0.4397310582741749,46.996584152504525,17.82051787606166,Master's Degree,Shubra El-Kheima,Mobile App Development,35.70077347371087,13,6,0,89,88.32132458641988,21.99033037992606,0.6896883744069796,0.2893774590330096,0,27.103356387708516,"I am a mobile app development freelancer from Shubra El-Kheima with 18 years of experience. I provide professional mobile application solutions for iOS and Android platforms. I have experience in Swift, Kotlin, and Flutter development. I can help clients bring their app ideas to life with robust and user-friendly applications. My focus is on delivering reliable software tailored to project needs. I ensure clear communication throughout the development process. I am committed to delivering quality work consistently."
EGY_00813,1.4469778843537329,26.860943596089886,7.716724070507654,Master's Degree,El-Mahalla El-Kubra,Web Development,65.36253632845073,11,10,2,64,89.3932195100506,66.64811226210635,0.7714878501435377,0.9229021021224341,0,38.5700348013631,"As a distinguished top 1% web development expert, I architect bespoke, scalable, and ROI-driven digital solutions designed to propel businesses forward. Leveraging over a decade of experience, I excel in transforming complex business challenges into high-performance web applications, employing a rigorous data-driven approach. My profound expertise spans full-stack JavaScript ecosystems (React.js, Node.js, Next.js), coupled with extensive proficiency in optimizing AWS cloud infrastructure, all meticulously managed under Agile/Scrum methodologies. I’ve consistently delivered measurable impact for enterprise clients, notably increasing conversions by 40% and reducing operational costs by 25% through strategic optimizations. My process involves meticulous stakeholder management and seamless cross-functional collaboration, ensuring project objectives align precisely with overarching business goals. I am dedicated to delivering unparalleled value and innovation."
EGY_00814,0.19655477651157463,49.47268712688711,17.899807381119853,Bachelor's Degree,Luxor,SEO Specialist,42.4875314891411,10,11,0,99,73.31146245906314,43.61958950964683,0.5832815746152338,0.7499514086444606,1,33.35753232214715,"I am an SEO Specialist based in Luxor with 18 years of experience in optimizing websites for search engines. I provide professional SEO services aimed at improving online visibility and organic traffic. I have extensive experience in core areas such as keyword research, technical SEO, and content optimization. I can help businesses achieve higher search rankings and reach their target audience more effectively. My toolkit includes proficiency with Google Analytics and Ahrefs. I am committed to delivering reliable and practical SEO solutions."
EGY_00815,1.0318445394686349,22.50276889756027,0.0,Some College,Ismailia,SEO Specialist,72.3147634611098,7,3,1,29,64.58666218615367,83.58875538601752,0.7092608001226494,0.8799148516432506,1,28.888767504306745,"As a top 1% SEO Specialist, I architect bespoke, ROI-driven strategies that transcend conventional optimization. Leveraging a rigorous data-driven approach, I pinpoint critical growth opportunities through comprehensive technical audits, advanced keyword intelligence, and sophisticated content strategies aligned with Google's E-E-A-T principles. My methodology focuses on delivering measurable impact; I've consistently driven organic conversions up by 40% and reduced acquisition costs by 25% for enterprise-level clients navigating complex digital ecosystems. I excel in cross-functional collaboration and strategic stakeholder management, translating intricate SEO roadmaps into tangible business outcomes. My expertise is in engineering scalable, sustainable search visibility and cultivating sustained digital authority."
EGY_00816,-1.485560373036972,24.46450138887968,5.118123725260079,Some College,Alexandria,SEO Specialist,27.184168703553397,6,6,0,11,66.73351634013522,26.01943498474003,0.6715624140919338,0.0969067193479456,0,6.268035871660052,hello. i am from Alexandria. i am SEO Specialist. i am very passionate about this work. i will work hard and do my best for your project. i am a dedicated and good person. i thinks i can help your business. i will try my best to be a nice team player for you.
EGY_00817,0.26705026586925884,23.895194855616836,2.266392135718843,Self-Taught,Shubra El-Kheima,UI/UX Design,44.20813451059914,8,3,2,22,69.35674656726407,58.467661209321825,0.5732275431864955,0.6517997600680548,0,25.12639986393953,"I am a UI/UX Designer from Shubra El-Kheima with 2 years of experience. I provide practical UI/UX design solutions for digital products. I have experience in user research, wireframing, and creating prototypes. I am proficient with industry-standard tools like Figma and Adobe XD. I can help with developing intuitive and user-friendly interfaces that align with project goals. My focus is on delivering clear, functional designs. I am committed to providing reliable and quality work."
EGY_00818,0.889630795623437,46.60767072025185,14.785269113970386,Bachelor's Degree,Port Said,Web Development,59.382358511540524,8,4,1,89,95.35897480194234,42.20993980525113,1.0,0.9183388350344334,1,43.8377855731322,"I am a web development freelancer based in Port Said with 15 years of professional experience. I provide robust and efficient web solutions tailored to client needs. I have extensive experience in full-stack development, including proficiency with JavaScript frameworks and database management. I can help with building new websites, improving existing applications, and ensuring smooth functionality. My focus is on delivering reliable and well-structured web projects, ensuring client satisfaction through consistent quality work. I am committed to clear communication and timely delivery for every project."
EGY_00819,0.08228398927542419,38.93736167439878,11.313726225212818,Master's Degree,Giza,Mobile App Development,20.522749960141084,7,9,0,69,79.15787046214231,54.53594127250344,0.6511030932254157,0.5219403543448795,1,33.78856710929088,"I am a mobile app developer with 11 years of experience, based in Giza, Egypt. I provide professional mobile application development services for iOS and Android platforms. My expertise covers the full development lifecycle, from initial design to deployment. I have experience in Swift, Kotlin, and Flutter. I can help clients develop robust new applications or enhance existing mobile solutions. I am committed to delivering functional, high-quality, and user-friendly mobile experiences for diverse project needs."
EGY_00820,1.0654803750653512,22.867337063112732,2.55135152255594,Bachelor's Degree,El-Mahalla El-Kubra,Accounting,73.76192926064671,6,2,0,47,69.57791512301907,56.56006987164097,0.5530423680042477,0.8765542043252547,1,34.93186053827943,"As a top 1% Accounting expert, I empower enterprises to transcend financial challenges and unlock exponential growth. I don't just process numbers; I architect scalable, ROI-driven financial strategies. My data-driven approach leverages deep analytical insights to optimize fiscal operations and ensure regulatory compliance with global standards like IFRS and GAAP. I specialize in transforming complex financial landscapes into streamlined, profitable ecosystems. Through strategic planning and cross-functional collaboration, I have consistently delivered measurable impact, evidenced by a 20% reduction in operational costs for a major multinational and a 30% increase in financial reporting efficiency across complex project portfolios. My expertise extends to advanced financial modeling, rigorous stakeholder management, and implementing robust internal controls, ensuring sustained fiscal health and unparalleled transparency for your organization."
EGY_00821,-0.5172884501003722,32.09034938778717,7.244720303595877,Some College,Fayyum,SEO Specialist,40.533206853511345,5,3,0,41,68.35452867804165,32.14839133927589,0.7563373041764883,0.41885886256346044,1,19.29394885856587,"I am an SEO Specialist from Fayyum with 7 years of experience. I provide comprehensive SEO services designed to improve search engine rankings. I have experience in keyword research, on-page optimization, and technical SEO. I can help with website audits, content optimization, and backlink strategies. I use tools like Google Analytics and SEMrush to analyze website performance. My focus is on delivering reliable SEO solutions to help businesses achieve better online visibility and reach their target audience."
EGY_00822,1.40934744018558,37.68953680223366,7.402589967142059,Professional Certificate,Port Said,Data Entry,47.07783009268472,9,7,1,66,72.95564618598881,100.0,0.32802130256507783,0.9124679052200462,1,26.96326705330679,"As a top 1% Data Entry expert from Port Said, Egypt, I architect solutions, not just process data. My strategic approach leverages precision and a data-driven methodology, incorporating Six Sigma principles to optimize data integrity and enhance information architecture for scalable operations. I specialize in intricate, high-volume projects for enterprise clients, often leading cross-functional collaboration and adept stakeholder management. By meticulously curating and validating datasets, I've delivered measurable impact: increasing conversion rates by 40% through superior data quality and reducing operational costs by 25% via optimized workflows. My commitment is to transform raw information into ROI-driven strategic assets, ensuring unparalleled accuracy and facilitating informed decision-making for every complex project."
EGY_00823,2.2988981236192503,20.670850719660265,2.6708507196602653,Some College,Alexandria,Web Development,69.91665744104793,10,5,4,40,74.15161972337027,72.28504205218297,0.9639959690661534,0.9840212590202896,1,48.50105585528144,"As a top 1% Web Development expert, I architect highly scalable, ROI-driven digital solutions, transforming complex challenges into robust, high-performance web platforms. My expertise leverages cutting-edge frameworks like React, Node.js, and AWS, optimizing performance for enterprise-level applications. I adopt an Agile, data-driven approach, strategically tackling problems through meticulous system re-architecture and innovative component design. This methodology ensures seamless cross-functional collaboration and adept stakeholder management, delivering measurable impact. For a recent enterprise client, I increased conversions by 40% and reduced operational costs by 25%. I specialize in translating intricate business requirements into sophisticated, future-proof web solutions, consistently exceeding expectations for discerning clients."
EGY_00824,-0.36283856043965906,46.23732378903484,19.492144355978347,Some College,Asyut,Web Development,40.341480967829085,12,9,1,115,79.72763317455049,42.466703334864995,0.7991822520615184,0.6110422341070245,1,37.23587461928059,"I provide professional web development services. I am a Web Developer from Asyut with 19 years of experience in building and maintaining high-quality websites. I have extensive experience in modern web technologies, including JavaScript, PHP, and responsive design principles. I can help with developing new websites from scratch, enhancing existing web applications, and ensuring your online presence is functional and secure. My goal is to deliver reliable and well-coded solutions tailored to your project needs."
EGY_00825,-0.4455025214007718,43.715313134129126,16.732231863156485,Bachelor's Degree,Giza,Administrative Support,30.17575458794005,11,6,2,98,82.18063646899314,58.1838715344428,0.4671101401932678,0.33497720559402666,1,21.786024587454904,"I am an administrative support professional from Giza with 17 years of experience. I provide dependable and efficient administrative assistance to help businesses operate smoothly. I have extensive experience in managing schedules, organizing documents, and handling various data entry tasks. I am proficient with Microsoft Office Suite, including Word and Excel. I can help streamline your daily operations, ensuring accuracy and timely completion of all assignments. My focus is on delivering consistent, professional support to meet your needs."
EGY_00826,1.453384477117701,34.16661675445242,7.424598711821819,Master's Degree,Zagazig,Administrative Support,79.7342603936261,9,8,2,55,73.11335783868195,55.914213502522344,0.2319453177508508,0.8760036168940948,1,36.06472368355005,"As a top 1% Administrative Support expert, I transcend traditional roles, strategically architecting scalable solutions that drive tangible business value. My approach is inherently data-driven, leveraging advanced analytics to optimize complex operational workflows and enhance productivity. I have a proven track record of reducing operational costs by up to 25% and accelerating project turnaround times by 30% for enterprise clients through meticulous process re-engineering and the application of Six Sigma principles.

I excel in cross-functional collaboration and stakeholder management, ensuring seamless execution across diverse teams. My strategic insights translate into ROI-driven outcomes, consistently delivering measurable impact. Partner with me to transform your administrative challenges into competitive advantages, fostering efficiency and precision at every level."
EGY_00827,1.5795721457307124,48.948051688293454,18.165847945081037,Bachelor's Degree,Aswan,Graphic Design,77.87931104587223,10,10,1,109,100.0,75.00394990993159,0.7673229091293499,0.9651710402848128,1,44.56206057495778,"I architect strategic visual solutions, moving beyond aesthetics to deliver measurable business impact. Leveraging a data-driven approach and Design Thinking methodologies, I optimize brand narratives for scalability and ROI. For enterprise clients, I've consistently engineered campaigns that increased conversions by 40% and streamlined workflows, reducing design-related costs by 25%. My expertise encompasses leading complex projects, facilitating cross-functional collaboration, and sophisticated stakeholder management to ensure seamless execution and strategic alignment. From Aswan, Egypt, my focus is delivering ROI-driven design that transcends expectations and fuels sustainable growth."
EGY_00828,-0.5228600271532683,31.36835133680319,8.007968171622998,Bachelor's Degree,El-Mahalla El-Kubra,Data Entry,45.75245902787966,4,5,0,51,58.826878015250045,51.380485860823484,0.4000875586240621,0.20991674016082515,1,16.87528848688836,"I am a professional Data Entry specialist from El-Mahalla El-Kubra with 8 years of experience. I provide accurate and efficient data entry services. I have experience in Microsoft Excel, Google Sheets, and various CRM platforms. I can help with data compilation, data cleaning, and general database management. My focus is on delivering high-quality, organized, and timely results, ensuring data integrity and confidentiality. I am reliable and committed to supporting your data management needs."
EGY_00829,-0.42018681709585726,49.491530209167934,20.092506904624578,Master's Degree,Luxor,Customer Support,17.653728391415093,9,13,0,101,79.05828841967514,48.62826459177532,0.34052875954571804,0.43235548655521544,0,17.181658082769346,"I am a dedicated Customer Support freelancer based in Luxor, bringing 20 years of experience to your team. I provide professional and reliable support services, ensuring your customers receive excellent assistance. I have extensive experience in email, chat, and phone support. I can help with efficient ticket management and utilizing CRM systems effectively. My focus is on clear communication and resolving customer inquiries promptly. I am committed to maintaining positive customer relationships."
EGY_00830,-0.2817846088605072,39.373439961716066,14.160744954465802,Master's Degree,Alexandria,Data Entry,40.51864672502345,6,10,0,80,88.81997916441529,81.06367443261429,0.46287543145278465,0.46701868420933945,1,19.756094865940895,"I am a Data Entry specialist based in Alexandria with 14 years of professional experience. I provide accurate and efficient data entry services. I have extensive experience in data input, data verification, and using Microsoft Excel effectively. I can help businesses and individuals organize their information and maintain data integrity with precision. My commitment is to deliver reliable work and ensure deadlines are consistently met, supporting your operational needs."
EGY_00831,-1.344450511034277,38.30948074412613,10.717340848918683,Some College,El-Mahalla El-Kubra,Accounting,22.857077828395283,8,5,0,49,62.92985880160055,21.802558124658646,0.7132152243845296,0.18906942486949352,0,15.37474510697281,"hello. i am from El-Mahalla El-Kubra. i very like accounting. i am good person, very dedicated. i will work very hard for you. i will do my best always. i think i can help with accounting tasks. i will try my best for your company. i am good team player."
EGY_00832,-0.9186519464841982,23.31055664946512,3.3503251025061926,Some College,Zagazig,Accounting,26.67967626169115,2,1,0,23,48.60852516143292,62.0401856657993,0.4573589535406181,0.1768590712125699,0,12.791113662363593,"I am an accounting freelancer with 3 years of experience. I provide professional bookkeeping and financial reporting services. I have experience in preparing financial statements, managing accounts payable and receivable, and performing bank reconciliations. I am proficient in QuickBooks and Microsoft Excel. I can help businesses maintain accurate financial records and ensure smooth accounting operations. My goal is to deliver reliable support for your financial needs. I am ready to assist you."
EGY_00833,-1.0041407667520679,46.22168826574861,17.84757376867965,Master's Degree,Shubra El-Kheima,Graphic Design,30.786135687081867,10,9,0,90,78.2246207675864,45.032416835358674,0.6289788058103503,0.3417666680348036,0,15.545835556530102,hello i am from shubra el-kheima. i am a new graphic designer. i am very passionate about this work. i am dedicated person. i will work hard and i will do my best for your project. i think i can helping you. i try make good design. i am team player. i will nice work for you.
EGY_00834,-0.7677975651041284,31.679670013459685,11.119446652369344,Master's Degree,Fayyum,Customer Support,27.220654452577445,3,5,0,53,57.24424789546241,54.428173416599485,0.4485176103639272,0.19562380633657905,0,12.319987523959636,"I am a dedicated customer support professional with 11 years of experience. I provide reliable and efficient customer support services, focusing on positive customer interactions. I have experience in handling diverse customer inquiries, resolving customer issues, and proficiently using various CRM systems. I can help businesses maintain high levels of customer satisfaction through clear communication and effective problem-solving. My aim is to deliver consistent, excellent service and build strong customer relationships. I am ready to assist with your customer support requirements."
EGY_00835,-0.03468488738678118,23.19146898503934,4.52389447067305,Some College,El-Mahalla El-Kubra,Data Entry,51.63193401870046,8,5,0,43,69.49763545454086,54.70229692661003,0.3229783085268676,0.6589423978141115,1,17.102662729811154,"I am a professional Data Entry freelancer based in El-Mahalla El-Kubra with 5 years of experience. I provide accurate and efficient data entry services to support various business operations. I have experience in data entry, web research, and proficiently using tools like Microsoft Excel and Google Sheets. I can help with tasks such as data compilation, record keeping, and information organization, ensuring timely and high-quality results. My focus is on delivering reliable work that meets your specific requirements. I am ready to assist you with your data management needs."
EGY_00836,0.23421473253652075,18.40344063922429,0.4034406392242893,Bachelor's Degree,Aswan,Content Writing,61.17873453142553,5,0,1,16,71.80585377632912,80.98473706660104,0.5124437899566737,0.6575652777270274,1,21.783045809500173,"I provide clear, well-structured content tailored to your specific needs. As a content writer, I can help businesses articulate their message effectively across various platforms. I have experience in creating engaging blog posts and concise website copy. My skills include content research and ensuring grammatical accuracy using tools like Grammarly. I am dedicated to delivering reliable writing services, meeting deadlines, and following instructions meticulously. My goal is to produce high-quality work that supports your communication objectives."
EGY_00837,1.5505004928140769,35.91218187642824,10.914962381715668,High School,Fayyum,Video Editing,80.06134477644787,14,11,0,76,97.17127838088705,63.80483706468699,0.535354179047969,0.9587490061270214,1,41.479915740644444,"As a top 1% Video Editing expert from Fayyum, Egypt, I don't just edit; I architect scalable, ROI-driven visual solutions designed for maximum impact. My approach is profoundly strategic, leveraging a data-driven understanding of narrative psychology and audience engagement to optimize every frame. I employ rigorous production methodologies, integrating advanced NLE techniques (e.g., DaVinci Resolve Studio, Adobe Creative Suite) and agile workflows to deliver measurable results. For enterprise clients, this has translated into increased conversions by over 40% through compelling CTAs and reduced post-production costs by 25% via optimized asset management. I thrive on complex projects, demanding sophisticated stakeholder management and seamless cross-functional collaboration. My commitment is to deliver high-performance visual narratives, ensuring your investment generates significant, tangible value. I architect solutions that transcend mere aesthetics, delivering measurable impact aligned with your strategic objectives."
EGY_00838,-0.998354040738791,34.876787907925646,12.946991035162394,Bachelor's Degree,Alexandria,SEO Specialist,33.64557687180333,5,7,0,71,86.69866058085941,45.47805508778504,0.6407619539512625,0.09537411250533309,0,20.183014488160886,"I am an SEO Specialist based in Alexandria with 13 years of professional experience. I provide comprehensive SEO services designed to improve online visibility. I have extensive experience in on-page and technical SEO, and I am proficient with tools like SEMrush. I can help clients achieve higher search rankings and increase organic website traffic. My focus is on delivering reliable and functional SEO strategies that support business goals."
EGY_00839,0.9843223984765838,41.019315915813074,14.631115141406838,Self-Taught,Aswan,Accounting,84.75723294048377,10,15,0,74,76.28276820677837,81.39396289027916,0.5143536586196957,0.9485583933314923,1,44.395828287178865,"I am an Accounting freelancer based in Aswan with 15 years of experience in financial management. I provide a range of accounting services to support businesses, including accurate bookkeeping, comprehensive financial reporting, and efficient payroll processing. I have practical experience utilizing accounting software like QuickBooks and Microsoft Excel for various financial tasks. I can help your business maintain organized and compliant financial records. My aim is to offer reliable and consistent support for all your accounting needs, allowing you to focus on your core operations."
EGY_00840,-0.21398884422550896,46.48825769656967,15.370778797594658,Some College,Ismailia,Accounting,58.18991848162246,8,11,0,106,81.93203239477519,39.04949341322502,0.5070923349029575,0.7563003799725113,1,27.375176390811863,"I am an Accounting freelancer with 15 years of experience, based in Ismailia. I provide comprehensive accounting and bookkeeping services to businesses. My expertise includes financial record keeping, general ledger management, and preparing financial reports. I am proficient with tools like QuickBooks and Excel. I can help with accurate data entry, reconciliation tasks, and ensuring financial compliance. My commitment is to deliver reliable financial support that helps clients maintain clear, organized, and accurate accounts."
EGY_00841,-0.04946370965243295,20.541010708576945,2.5410107085769447,Some College,Tanta,Administrative Support,48.24246231848799,5,5,0,23,52.56887312774493,64.41298564362118,0.5261171013073666,0.4347265534363406,0,13.488538403676198,"I am an Administrative Support freelancer from Tanta with three years of experience. I provide reliable assistance to help businesses operate smoothly. I have experience in data entry, email management, and scheduling. I am proficient with Microsoft Office Suite, including Word, Excel, and Outlook. I can help with organizing information, managing communications, and ensuring tasks are completed efficiently. My focus is on delivering accurate and timely support. I am ready to assist with your administrative needs."
EGY_00842,0.6748194921666038,41.4078876908916,15.440539159613015,Master's Degree,Damietta,Graphic Design,55.29957028048389,10,10,2,73,88.52323221027144,57.81826007208416,0.7171876316492599,0.8268872765031511,0,31.804401133328053,"I am a graphic design freelancer from Damietta with 15 years of experience. I provide professional design services for a range of clients. I have experience in creating logos, developing branding materials, and designing marketing collateral. I am proficient in Adobe Photoshop and Illustrator. I can help businesses and individuals bring their visual concepts to life. My aim is to deliver clear and functional designs that meet specific project needs."
EGY_00843,-1.1227220215622986,23.99718221112263,2.712221284416614,High School,Ismailia,Graphic Design,46.53944130438473,3,1,0,27,52.853463458299956,18.00408133123675,0.4966499389188024,0.1044867053206952,0,9.65918184939807,hello. i from Ismailia. i am graphic designer. i very passionate about design. i work hard. i do my best for good project. i think i can help you. i will try my best. i am good team player. i always do nice work.
EGY_00844,0.3824097461840506,45.46166570102925,15.518013485819063,Some College,Shubra El-Kheima,Data Entry,65.81195302038809,10,12,1,83,100.0,32.8150732759603,0.3406409640609436,0.6042944081171036,0,21.803026244357838,"I am a professional Data Entry specialist with 16 years of experience. I provide accurate and efficient data entry services to support various business needs. I have extensive experience in data collection, transcription, and organizing information into structured formats. I am proficient with Microsoft Office Suite, Google Workspace, and various database management tools. I can help clients maintain their records with precision and ensure data integrity. My focus is on delivering reliable support for all data-related tasks, ensuring accuracy and timely completion."
EGY_00845,0.1664522082130561,44.210032443573,16.319170556425323,Master's Degree,Port Said,Web Development,38.39251108495354,6,9,0,103,85.66506103362987,50.63512899792589,1.0,0.5854773956053858,0,33.90496313611245,"I am a Web Development freelancer based in Port Said with 16 years of professional experience. I provide reliable web development solutions for various projects. I have extensive experience in PHP, JavaScript, and MySQL databases. I can help clients build new websites, maintain existing platforms, and integrate custom functionalities. My goal is to deliver clean, functional code and ensure client satisfaction with every project."
EGY_00846,0.4924512640081491,35.30540015953742,11.30960968625762,Bachelor's Degree,Alexandria,Social Media Management,68.24498215240969,11,11,2,72,81.26148540719072,70.772691992163,0.6794024959610915,0.8862309348124147,1,35.93026288569631,"I am a Social Media Management freelancer based in Alexandria with 11 years of experience. I provide professional social media management services to help businesses grow their online presence. I have extensive experience in content strategy, community engagement, and performance monitoring across various platforms. I am proficient with tools like Hootsuite, Canva, and Meta Business Suite. I can help you develop and execute effective social media campaigns, ensuring consistent brand messaging. My goal is to deliver reliable support for your social media objectives, allowing you to focus on your core business."
EGY_00847,0.2891686439078181,40.72776955594597,14.031246264829994,Bachelor's Degree,Tanta,Digital Marketing,52.79379431137798,16,10,1,67,91.97982868984388,22.285480252381056,0.7834470705058485,0.8035050110212884,1,36.417004612894786,"I am a Digital Marketing freelancer from Tanta with 14 years of experience. I provide professional digital marketing services aimed at improving online visibility. I have extensive experience in search engine optimization (SEO), social media marketing, and campaign management. My work involves utilizing tools like Google Analytics to monitor and optimize performance. I can help businesses enhance their online presence and effectively reach their target audience. I am focused on delivering reliable and functional digital marketing support for your projects."
EGY_00848,2.4553001399108942,28.05920362187995,6.658139520013739,Master's Degree,Cairo,UI/UX Design,78.22038679272983,13,10,1,66,94.11763676290893,82.47035226586343,0.8238978418063763,0.975111536968486,1,52.01439976457994,"As a top 1% UI/UX Design expert based in Cairo, Egypt, I architect innovative, ROI-driven digital solutions that redefine user engagement and accelerate business growth. My strategic approach leverages a data-driven methodology, integrating Design Thinking and Lean UX principles to meticulously optimize user journeys and cultivate seamless, impactful experiences. I don't merely design interfaces; I strategically solve complex business challenges. This rigorous process, honed through extensive work with enterprise clients on high-stakes projects, consistently delivers measurable impact – evidenced by increasing conversions by up to 40% and reducing operational costs by 25%. I excel in cross-functional collaboration and stakeholder management, ensuring scalable solutions are precisely aligned with overarching business objectives. Let's build something extraordinary."
EGY_00849,-0.637739984251316,33.07737276585007,12.446338408662804,Bachelor's Degree,Luxor,Customer Support,20.641841643823625,5,8,0,69,86.94128437251811,55.73277721225783,0.4738338913957542,0.218268646367407,0,14.792155763967584,"I am a Customer Support professional from Luxor with 12 years of experience. I provide reliable and efficient customer service across various channels. I have experience in email, chat, and phone support, ensuring customer satisfaction. I can help with managing inquiries, resolving issues, and maintaining positive client relationships. My skills include proficiency with CRM systems like Zendesk and excellent communication. I am committed to delivering consistent support and am ready to assist your customers effectively."
EGY_00850,-0.5309969550018176,44.29238072673509,17.918514740510826,Bachelor's Degree,Damietta,Translation,39.345883727994725,7,8,0,107,86.9252784752801,24.458788260160222,0.5458952209360234,0.6768038131118328,1,25.62728804954052,"I am a professional translator with 18 years of experience. I provide accurate and reliable translation services. I have experience in English to Arabic and Arabic to English language pairs. I can help with legal, technical, and general document translations. My skills include proficiency with CAT tools and strong terminology management. I am committed to delivering high-quality work and meeting deadlines efficiently. I focus on clear communication throughout the project."
EGY_00851,-0.6231405264247644,32.69648630954285,9.199162968255756,Some College,Tanta,Translation,40.53061625142928,8,4,0,56,74.19536382669612,33.01281429845279,0.5096101089135586,0.19806014605207875,0,13.016940024999723,"I am a professional translator based in Tanta, offering reliable translation services. With 9 years of experience, I provide accurate and culturally appropriate translations for various document types. I have strong experience in technical translation and localization projects. I am proficient in using leading CAT tools to ensure consistency and efficiency. My focus is on delivering high-quality work that meets client requirements and deadlines. I can help you achieve clear and effective communication across languages."
EGY_00852,-0.5554771191602547,29.449544490414137,8.752347855783448,Bachelor's Degree,Cairo,Graphic Design,57.541119753698354,7,4,0,37,52.63323910056258,51.91977869374169,0.7355735251976191,0.2763144173761524,0,15.810631762889678,"I am a graphic designer based in Cairo with 9 years of professional experience. I provide a range of design services to help businesses with their visual communication needs. I have experience in branding, print design, and creating engaging social media graphics. I am proficient in Adobe Photoshop and Illustrator. I can help clients achieve clear and effective designs that connect with their audience. My goal is to deliver high-quality work reliably and efficiently."
EGY_00853,-0.6373871273065177,33.8147983120096,7.423831180150682,Bachelor's Degree,Damietta,Customer Support,50.01153116788909,5,7,0,52,80.64357804785325,55.079423682451605,0.4605221743246318,0.2498257982213713,1,15.791576004149052,"As a Customer Support professional from Damietta, I bring 7 years of experience to your team. I provide reliable and efficient customer service, helping businesses maintain strong customer relationships. I have experience in email support, live chat, and using CRM systems like Zendesk. I can help with resolving customer inquiries, managing support tickets, and ensuring overall customer satisfaction. My focus is on delivering consistent, high-quality support that meets your needs."
EGY_00854,1.1890165311075518,44.503976077990984,16.69823974668821,Master's Degree,Asyut,SEO Specialist,62.006380752852934,14,10,2,99,91.68585356869133,88.32967170627614,0.6887043534770889,0.8561295324145943,1,41.626538554494964,"As a top 1% SEO Strategist, I architect scalable, ROI-driven solutions that transcend conventional optimization. My data-driven approach leverages advanced analytics to identify untapped growth opportunities, translating into tangible business impact for enterprise clients. I specialize in comprehensive technical SEO audits, strategic content clustering based on user intent, and E-E-A-T guideline adherence, ensuring sustained organic visibility. Through meticulous A/B testing and continuous performance monitoring, I've consistently delivered measurable impact, exemplified by projects where I increased conversions by over 40% and reduced customer acquisition costs by 25%. I thrive on cross-functional collaboration, expertly managing diverse stakeholders to align SEO initiatives with broader organizational objectives. Let's discuss how my expertise can propel your brand to dominant SERP positions."
EGY_00855,1.4205042479898549,28.726657515867927,10.054607208986976,Bachelor's Degree,Asyut,Content Writing,75.2009876620452,7,8,0,89,89.20911195331226,58.25093895637736,0.6735337453252507,0.9142872686755171,1,37.605690116656966,"As a top 1% Content Strategist and Architect, I don't just write; I engineer ROI-driven content solutions designed to elevate brands and penetrate competitive markets. Leveraging a meticulous, data-driven approach, I specialize in developing scalable content frameworks, from SEO-optimized long-form articles to high-converting landing page copy, adhering to best practices like the Hubspot Content Marketing methodology. My strategic interventions have consistently delivered measurable impact for enterprise clients, often increasing organic traffic by 60% and directly contributing to increased conversions by 40% while simultaneously optimizing content production workflows, effectively reducing costs by 25%. I excel in cross-functional collaboration and stakeholder management, ensuring seamless execution from ideation in Asyut to global deployment. I architect solutions that resonate with target audiences and align perfectly with overarching business objectives. Partner with me to transform your content into a potent growth engine."
EGY_00856,-0.5707462937494763,23.5603709803438,2.900130797421533,Bachelor's Degree,Mansoura,Accounting,49.70129982048609,6,4,1,16,53.421102017554766,30.9173916584336,0.5172207996072832,0.21825722314984078,0,14.661080405495778,"I am an Accounting freelancer based in Mansoura with 3 years of experience. I provide reliable accounting services for businesses. I have experience in bookkeeping, financial reporting, and payroll processing. I am proficient in QuickBooks and Microsoft Excel. I can help clients maintain accurate financial records and prepare necessary reports efficiently. My goal is to support your financial operations with precision and professionalism."
EGY_00857,-0.8323555731042287,40.784448650584984,11.97540133311282,Some College,Giza,SEO Specialist,38.37424028360873,7,6,0,61,61.44553578360395,64.80201509297842,0.6929279951099787,0.17647751959463304,0,16.56956669584535,"I am an experienced SEO Specialist from Giza with 12 years of experience. I provide comprehensive SEO services focused on improving online visibility. I have extensive experience in keyword research, on-page optimization, and technical SEO audits. I am proficient with industry-standard tools like Google Analytics and SEMrush. I can help with improving your website's search rankings and driving organic traffic. My goal is to deliver reliable and effective SEO solutions for your business."
EGY_00858,0.4714155563864041,44.43130280665862,14.554603906809051,Bachelor's Degree,Zagazig,Graphic Design,51.19969175548402,8,9,1,78,76.9287144866829,44.332858683940565,0.6141802008712224,0.8597524490486895,1,36.17938037898357,"I am a professional Graphic Designer from Zagazig with 15 years of experience. I provide clear and functional design solutions for a range of projects. I have extensive experience in logo design, branding, and print layouts. I can help with your visual communication needs, ensuring effective and professional designs. My key tools include Adobe Photoshop and Illustrator. I focus on delivering reliable design work that accurately meets client specifications. I am committed to professional service and timely delivery for every project."
EGY_00859,-0.5522230442809712,21.220399312753067,0.0,Some College,Tanta,SEO Specialist,36.39492977335098,1,1,0,1,55.30370282678297,50.98260608263792,0.6910665076543586,0.13296308140569352,1,19.1438181644499,"I am an SEO Specialist from Tanta. I provide essential SEO services designed to improve online visibility for businesses. I have a solid understanding of keyword research, on-page optimization, and technical SEO principles. I am familiar with tools like Google Analytics and Google Search Console. I can help optimize your website's content and structure to rank higher in search results. My goal is to deliver reliable and effective SEO support."
EGY_00860,0.6329318177555108,25.67597160819023,3.0360591486587323,Some College,Suez,Administrative Support,63.34870797090218,7,1,2,23,55.124232553018416,90.34190465954796,0.41756779590898047,0.7089772958365443,1,23.274570776556157,"I am an Administrative Support freelancer based in Suez with 3 years of experience. I provide reliable administrative assistance to individuals and businesses. I have experience in managing schedules, organizing documents, and handling email correspondence efficiently. My skills include proficiency in Microsoft Office Suite and accurate data entry. I am organized, detail-oriented, and committed to delivering high-quality work on time. I can help streamline your daily operations and ensure smooth administrative workflows. I look forward to supporting your team."
EGY_00861,0.2029230208512997,22.543103672351805,1.984846006231025,Bachelor's Degree,Luxor,SEO Specialist,57.17365096801997,9,2,0,33,63.06408091936394,63.72570665430837,0.6464143273430603,0.4381213589488048,0,21.506499816189176,"I am an SEO Specialist based in Luxor with 2 years of professional experience. I provide comprehensive SEO services including keyword research, on-page optimization, and technical SEO audits. I have experience using essential tools like Google Analytics and SEMrush to analyze performance and identify opportunities. I can help businesses improve their organic search rankings, enhance website visibility, and attract more targeted traffic. My goal is to implement effective and reliable SEO strategies that drive sustainable growth."
EGY_00862,-1.515744114997232,29.134125170629332,3.869341064020315,Bachelor's Degree,Tanta,Data Entry,24.334292117406076,3,5,0,4,59.10871962447605,43.560123874084155,0.3292047069364098,0.05769684261770561,0,3.0,hello. i am new freelancer from Tanta. i want to do data entry work. i am very work hard person. i will try my best for you. i am passionate and dedicated to good work. i think i can help you. my work is nice. i am a team player.
EGY_00863,1.5475052013300616,32.4112313249732,8.677975462883126,Master's Degree,Cairo,Data Entry,47.02105596941753,9,8,2,74,93.54755310956277,87.74105398744214,0.382754923797171,0.8762813033116594,1,31.491302645915017,"As a top 1% Data Entry expert, I transcend traditional data input, architecting robust data solutions that deliver measurable impact. Leveraging a data-driven approach, I specialize in optimizing complex information ecosystems for enterprise clients. My meticulous data stewardship, grounded in Lean Six Sigma principles and stringent validation protocols, has consistently reduced downstream processing errors by up to 40% and facilitated a 25% operational cost reduction through streamlined data workflows.

I am adept at structuring scalable, ROI-driven data frameworks, ensuring impeccable data integrity and GDPR compliance. From multi-source data consolidation to intricate CRM migrations, I transform raw data into actionable intelligence, empowering strategic decision-making and enhancing cross-functional collaboration. My commitment is to elevate data quality, providing the critical foundation for your sustained business growth."
EGY_00864,1.7958776730955217,41.9624427828258,16.182020017268776,Bachelor's Degree,Zagazig,Content Writing,64.03293782351992,14,8,4,114,100.0,79.42354574542588,0.7018238211098636,0.9679926856291166,1,42.450797027301014,"As a top 1% content strategist based out of Zagazig, Egypt, I architect high-impact, scalable content solutions designed to ignite engagement and drive significant ROI for enterprise clients. My data-driven approach leverages advanced SEO methodologies and strategic frameworks like AIDA to optimize content for maximum visibility and conversion. I specialize in transforming complex business objectives into compelling narratives, consistently delivering measurable impact. For example, I've increased organic traffic by 40% and boosted lead generation by 25% across diverse industries. Through meticulous stakeholder management and seamless cross-functional collaboration, I ensure content aligns perfectly with overarching business goals, solving critical marketing challenges with precision and innovation. My expertise ensures your content doesn't just inform, but actively performs."
EGY_00865,-0.6127886904843862,38.83672271621357,10.686521269434301,Bachelor's Degree,Suez,Accounting,47.00505885885533,11,4,0,72,62.73881866177511,54.46759173823177,0.6123697067557975,0.36353248436000835,0,21.485989769662783,"I am an accounting freelancer with 11 years of professional experience. I provide reliable financial services to help businesses maintain accurate records. I have extensive experience in bookkeeping, financial reporting, and tax preparation. I am proficient with QuickBooks and Xero. I can help clients manage their finances efficiently, ensuring compliance and clarity in their financial operations. My goal is to deliver precise and timely accounting support."
EGY_00866,-0.38770155993598415,37.869714159309794,14.960396342869414,Bachelor's Degree,Luxor,Administrative Support,22.87609662740148,10,9,0,82,65.87481737639298,40.208737068708736,0.2920818323828924,0.5602240927079487,1,19.833021490241332,"I am an experienced Administrative Support professional with 15 years in the field. I provide reliable and efficient assistance to streamline your daily operations. I have strong experience in data entry, email management, and comprehensive use of the Microsoft Office Suite. I can help with organizing schedules, managing communications, and preparing various documents accurately. My focus is on delivering consistent, high-quality administrative support. I am dedicated to helping your business run smoothly and effectively."
EGY_00867,0.28586539072490497,29.27599829150894,7.787183151960553,Master's Degree,Suez,Digital Marketing,66.12979102454572,9,7,0,41,82.87378158736263,70.82982169132,0.7070850506333396,0.6028650540834172,1,31.292814514767024,"I am a Digital Marketing freelancer with 8 years of experience. I provide comprehensive digital marketing services to help businesses enhance their online presence. I have experience in SEO, SEM, and social media marketing. I am proficient with tools like Google Analytics and Google Ads. I can help clients reach their target audience and achieve their marketing goals through strategic campaigns. My focus is on delivering practical and effective solutions for your digital marketing needs. I am committed to reliable and consistent service."
EGY_00868,0.334456789987025,44.926321698712314,18.216954190475505,Some College,Shubra El-Kheima,Customer Support,65.37842446119042,14,10,1,102,87.07832065806211,60.21570571803773,0.43616614311401125,0.891483756940457,1,32.97342531650921,"I am a Customer Support freelancer from Shubra El-Kheima with 18 years of experience. I provide consistent and professional customer service. I have experience in managing inquiries across email, chat, and phone channels. I can help with efficient issue resolution and maintaining clear communication with customers. My skills include using CRM software and ticket management systems like Zendesk. I focus on delivering dependable support and ensuring a positive experience for clients."
EGY_00869,0.6585442726728304,33.08118935674126,7.733044506340484,Bachelor's Degree,Cairo,Web Development,60.289127909424515,10,6,0,60,77.52038195852795,35.731494913185855,0.7437676838399973,0.6887858256513701,0,30.386133412629917,"I am a web development freelancer based in Cairo with 8 years of professional experience. I provide reliable web development services, focusing on creating functional and responsive websites and applications. I have experience in full-stack development using technologies like JavaScript, React, and Node.js. I can help clients with building new web solutions, enhancing existing projects, and ensuring robust performance. My goal is to deliver clean, efficient code and practical web solutions tailored to project requirements. I am committed to clear communication and timely delivery for every client."
EGY_00870,2.0102045387663496,49.33135801648494,20.507865264024193,Master's Degree,Asyut,Social Media Management,86.13237842378132,14,11,3,129,100.0,77.76661315045844,0.6775278529100818,0.9829645915742532,1,52.60826989030277,"As a top 1% Social Media Management expert, I architect scalable, ROI-driven strategies designed to transform digital presence into tangible business growth. My approach is inherently data-driven, leveraging advanced analytics and a proprietary blend of the AARRR funnel and SMART goal methodologies to identify crucial touchpoints and optimize campaign performance. I consistently deliver measurable impact, exemplified by a 40% increase in lead generation and a 25% reduction in customer acquisition costs across diverse B2B and B2C portfolios. My expertise extends to managing complex, multi-market initiatives, demanding meticulous stakeholder management and cross-functional collaboration. I partner with enterprise clients to solve intricate challenges, ensuring every social interaction contributes strategically to their overarching objectives."
EGY_00871,-0.1769472274940494,38.29254842546358,9.991661254487521,Bachelor's Degree,El-Mahalla El-Kubra,Administrative Support,52.63353837117812,4,7,0,62,78.59716336583779,15.331912037303077,0.44039087808312666,0.7001756771239577,1,25.5029443484073,"I am an experienced Administrative Support professional with 10 years of experience. I provide reliable assistance with daily office tasks and administrative operations. I have extensive experience in data entry, scheduling appointments, and managing correspondence using Microsoft Office Suite. I can help streamline your administrative processes and ensure smooth workflow. My goal is to offer consistent and professional support to meet your business needs. I am ready to assist with your administrative requirements."
EGY_00872,-0.7982972445384537,22.040471730064088,4.0404717300640876,High School,Shubra El-Kheima,Mobile App Development,36.85681004826107,3,5,0,37,72.82426351871926,51.12912755042149,1.0,0.49958256372881815,1,23.512470659308732,"I am a mobile app developer with 4 years of experience, based in Shubra El-Kheima. I provide professional services in mobile application development. I have experience in building native iOS and Android applications using Swift and Kotlin. I also work with integrating RESTful APIs. I can help with creating reliable and user-friendly mobile apps that meet project specifications. My focus is on delivering functional and high-quality solutions."
EGY_00873,-1.3793192280145272,39.63768198641389,13.326287871435396,Bachelor's Degree,Luxor,Video Editing,15.571320403896392,4,9,1,71,77.89523273839525,29.94489611017995,0.5665979665762395,0.21877142273563932,0,9.980912228932118,Hello. i am video editor from Luxor. i am very passionate for video editing. i will work hard and do my best for your project. i am dedicated person. i think i can help you good. i try my best to be nice team player. My work good.
EGY_00874,-0.7309300399419191,28.403328493814367,7.3484995362581875,Professional Certificate,Luxor,Social Media Management,48.70877915148807,7,3,0,43,45.055540783397504,69.81212952785296,0.5723824435102113,0.23934741324893288,0,13.463714624688139,"I provide comprehensive social media management services to help businesses establish and grow their online presence. With 7 years of experience, I have developed effective social media strategies. I am skilled in content creation, community engagement, and performance analysis. I can help with platform management across Facebook, Instagram, and LinkedIn, ensuring consistent brand messaging. My expertise includes using tools like Buffer and Meta Business Suite for efficient scheduling and reporting. I focus on reliable execution and clear communication, offering professional support for your social media needs."
EGY_00875,-0.033126972873797095,39.96247029395512,10.826292965123368,Bachelor's Degree,Alexandria,Graphic Design,63.575395520729394,10,10,1,45,73.43985794863477,56.94694529586672,0.562706170534274,0.6483892688692848,1,29.79218956527581,"I am a graphic designer based in Alexandria with 11 years of professional experience. I provide high-quality graphic design services, specializing in areas such as logo design, branding, and marketing materials. I am proficient in using Adobe Photoshop and Illustrator to create effective visual solutions. I have experience working with diverse clients and am dedicated to delivering professional designs that meet project requirements. I can help you translate your ideas into clear and impactful visuals."
EGY_00876,1.7945578635177877,20.228516741196984,0.0,Bachelor's Degree,Cairo,Social Media Management,64.83246271034339,9,6,1,17,67.17163048702957,85.39741822757247,0.6048409346752921,0.9483946218383872,1,41.90519324900553,"From Cairo, I operate as a top 1% Social Media Management expert, celebrated for architecting sophisticated, ROI-driven digital strategies that deliver measurable impact. My data-driven approach leverages advanced analytics and proprietary full-funnel social frameworks to optimize every touchpoint, ensuring scalable growth. I don't merely post; I strategically align content with overarching business objectives, translating market insights into actionable campaigns. For enterprise clients and complex projects, I've consistently driven significant gains, increasing qualified leads by 40% and reducing customer acquisition costs by 25% through meticulous A/B testing and funnel optimization. My expertise extends to Agile content deployment and robust stakeholder management, fostering seamless cross-functional collaboration. I empower brands to dominate their digital landscape, providing sustained competitive advantage."
EGY_00877,-0.5176112990361714,23.5962059896307,4.552180030285189,Bachelor's Degree,Mansoura,Mobile App Development,28.12328046276043,3,4,1,25,69.15958791570755,28.05031566086066,0.9090326624441678,0.28117985307155124,0,25.679119699118964,"I provide professional mobile app development services. Based in Mansoura, I have 5 years of experience in creating reliable applications for clients. I have experience developing robust mobile applications for both iOS and Android platforms, including expertise with Flutter. I can help with full-cycle app development, from initial concept to successful deployment. My focus is on delivering functional and user-friendly solutions that meet project requirements effectively."
EGY_00878,0.2237879516388985,45.38359228498516,14.533459362542697,Bachelor's Degree,Mansoura,Content Writing,51.98885022701007,13,11,2,65,84.0699364131957,62.95407629520449,0.6704868081797071,0.570109475792948,1,33.35774807551557,"I am a content writer from Mansoura with 15 years of experience. I provide professional content writing services. I have experience in blog posts, website content, and article writing. I can help clients create clear and engaging content for various needs. My skills include applying basic SEO principles and using Google Docs for efficient workflow. I focus on delivering well-researched, high-quality content on time. I am reliable and committed to producing functional writing that meets client requirements."
EGY_00879,-0.016422896072752075,25.269745824752476,5.288260079049732,Master's Degree,Luxor,Mobile App Development,43.49141060254422,6,4,0,25,72.61737613012997,40.19305490808553,1.0,0.49474189899776755,1,34.445910452428926,"I am a mobile app developer from Luxor with 5 years of experience. I provide professional mobile application development for businesses and individuals. I have extensive experience in creating robust applications for both iOS and Android platforms. I am proficient with Swift, Kotlin, and Firebase to deliver functional solutions. I can help with full app development, feature integration, and maintenance. My focus is on delivering reliable and efficient mobile solutions tailored to your project requirements."
EGY_00880,1.188393273448084,44.785316007774085,13.336913991743959,Some College,Zagazig,Accounting,69.27539150377585,13,6,0,84,88.73630795763444,80.61848440251704,0.4293418471292522,0.8935776355611355,1,42.856512103007496,"As a top 1% accounting expert, I architect robust financial solutions designed to optimize operational efficiency and deliver tangible ROI. From my base in Zagazig, I leverage a data-driven approach, meticulously applying IFRS and US GAAP standards to transform complex financial data into actionable strategic insights. I specialize in streamlining processes, having successfully reduced reporting cycles by 40% and identified cost savings exceeding 25% for enterprise clients. My expertise spans advanced financial modeling, strategic forecasting, and intricate tax planning. I excel in cross-functional collaboration and stakeholder management, ensuring seamless integration of financial strategies across diverse business units. My goal is always to provide scalable, forward-thinking solutions that empower businesses to achieve sustainable growth and maximize profitability, consistently delivering measurable impact through meticulous analysis and strategic oversight."
EGY_00881,2.5269324258736217,26.936834830541134,7.058449323658016,Master's Degree,Aswan,Data Entry,99.9839267867082,12,11,1,64,87.54202539677541,63.54790572047624,0.40862348752971966,0.9812736889893635,1,44.41995032814136,"As a top 1% Data Entry expert, I don't just process information; I architect solutions that elevate data integrity into a strategic asset. My data-driven approach leverages advanced methodologies, like Six Sigma principles for quality assurance and scalable data governance frameworks, to optimize workflows and ensure unparalleled accuracy. I excel in complex projects for enterprise clients, where my expertise in stakeholder management and cross-functional collaboration is paramount. By meticulously implementing stringent validation protocols and streamlining redundant processes, I consistently deliver measurable impact. For instance, I've increased conversion rates by 40% through enhancing CRM data quality and reduced operational costs by 25% via optimized inventory data processing. My unwavering commitment is to ROI-driven outcomes, transforming raw data into actionable intelligence."
EGY_00882,-0.5308687729203206,38.57222112187864,9.878286043590165,Bachelor's Degree,Aswan,SEO Specialist,19.580264023470235,7,7,2,60,62.562495481782356,45.276685017810145,0.6315718463574291,0.24543480893573766,0,18.17343747688017,"I am an SEO Specialist with 10 years of experience in improving online visibility for businesses. I provide comprehensive SEO services aimed at enhancing search engine rankings and organic traffic. I have extensive experience in keyword research, on-page optimization, and technical SEO audits. I am proficient with industry tools such as Google Analytics and SEMrush. I can help you implement effective SEO strategies to reach your target audience. My focus is on delivering consistent and reliable results that support your business goals."
EGY_00883,-0.48943944251822213,40.21281835231459,14.4322908867478,Bachelor's Degree,Aswan,Web Development,58.471127878418216,9,7,0,76,64.48994056687764,26.758490211032505,0.9350499771791398,0.4866968030517131,1,30.429807973110655,"I am a professional web developer based in Aswan with 14 years of experience. I provide reliable web development services, focusing on creating functional and responsive online solutions. I have extensive experience in both front-end and back-end development. My core skills include HTML, CSS, JavaScript, PHP, and MySQL. I can help clients build new websites from scratch, update existing platforms, and develop custom web applications. I am committed to delivering high-quality and dependable work to meet your project goals effectively."
EGY_00884,1.044160877069072,34.404952100641694,11.094233127677017,Master's Degree,Aswan,Customer Support,61.59572873726688,9,10,3,76,76.97388590619369,64.41707982710827,0.6383157169133468,0.9213471690235233,1,37.32201318609562,"As a top 1% Customer Support architect, I specialize in crafting ROI-driven strategies that redefine customer experience for enterprise clients. I leverage a data-driven approach, deeply rooted in methodologies like ITIL and COPC, to optimize intricate support ecosystems and deliver measurable impact. My expertise consistently yields tangible results; for complex, scalable projects, I've increased conversions by 40% and reduced operational costs by 25%. I excel in strategic planning, fostering cross-functional collaboration, and nuanced stakeholder management, proactively identifying opportunities to enhance efficiency. I architect solutions that transcend reactive support, focusing on predictive analytics and systemic improvements that ensure long-term sustainability. My commitment is to deliver unparalleled value, optimizing your CX framework and driving substantial, measurable growth."
EGY_00885,0.6818914896263114,27.7699416542954,4.468421355718091,Master's Degree,Mansoura,Translation,65.34616213089961,10,7,0,34,61.727202485772,88.52000146552444,0.6362111379033735,0.7317359744594404,1,33.53614757306381,"I am a professional translator with 4 years of experience. I provide accurate and reliable translation services between English and Arabic. I have experience in translating legal and marketing content. I can help with document translation, localization, and proofreading tasks. My skills include using CAT tools such as Trados Studio and MemoQ. I am committed to delivering high-quality work and ensuring clear communication throughout every project."
EGY_00886,1.8467073257360336,24.804620043875076,5.246825160494499,Master's Degree,Damietta,Customer Support,83.88786826708515,7,5,1,51,78.0516895755972,82.97950911268032,0.3792395492433539,0.9568825044453835,1,36.17520357871867,"As a top 1% Customer Support expert, I don't just resolve issues; I strategically architect scalable, ROI-driven solutions that redefine customer experience and directly impact business growth. From Damietta, my approach leverages deep analytics to optimize entire customer journeys, proactively identifying and mitigating friction points. I employ industry-leading methodologies, including ITIL, to build robust support frameworks for enterprise clients. This strategic thinking has consistently delivered measurable impact, evidenced by initiatives that increased first-contact resolution rates by 40% and reduced operational costs by 25% through process optimization and automation. My work involves meticulous data-driven analysis, adept cross-functional collaboration, and sophisticated stakeholder management to ensure seamless strategy integration. I am committed to transforming customer support from a cost center into a powerful engine for customer loyalty and sustained profitability."
EGY_00887,0.5839281853259639,19.06205934599764,1.062059345997639,Some College,Giza,Graphic Design,66.11233432186742,4,4,1,24,58.69414556000662,56.51771069527122,0.7184657541003048,0.7728207706192655,1,30.960427787395307,"I am a graphic designer based in Giza with 1 year of professional experience. I provide clear and effective graphic design solutions for various client needs. I have experience in creating distinctive logos, engaging social media graphics, and professional print materials. I can help with branding projects, visual content development, and layout design. My key tools include Adobe Photoshop, Illustrator, and InDesign. I am committed to delivering reliable and high-quality work to support your visual communication goals."
EGY_00888,-0.35929209078705954,27.726284839703162,4.75808719143642,Master's Degree,Asyut,Social Media Management,45.22969967849407,8,0,0,46,66.69695471950979,8.756108059779592,0.43866492067617313,0.3491354852277917,1,25.004671069867342,"I am a Social Media Management freelancer with 5 years of experience. I provide professional social media services to manage and enhance your brand's online presence. I have strong experience in content creation and community engagement. I can help with consistent posting and audience interaction across popular platforms. I also utilize scheduling tools like Hootsuite. My goal is to deliver reliable and steady social media support, helping you maintain an active online profile for your business needs."
EGY_00889,0.5906548306923093,38.90120929700106,10.52361621004822,Bachelor's Degree,Alexandria,Accounting,61.8154284782521,11,8,1,62,84.53086577923541,49.05255119615421,0.31200806378189777,0.8091851220113669,1,35.85120262354949,"I am an Accounting freelancer based in Alexandria with 11 years of professional experience. I provide comprehensive accounting services, including bookkeeping, financial reporting, and payroll processing. I have experience working with QuickBooks and Excel to manage financial records efficiently. I can help businesses maintain accurate financial data and ensure compliance with regulations. My goal is to offer reliable and consistent support to meet your accounting needs. I am available to assist you with various financial tasks."
EGY_00890,1.1087035805829077,48.02575419035145,14.09020113086571,Bachelor's Degree,Luxor,Translation,69.52077421479765,17,10,1,91,95.36637115699313,70.42424765335507,0.5250949438800314,0.912200095344928,1,38.55533830471847,"As a top 1% localization strategist from Luxor, Egypt, I transcend conventional translation, architecting sophisticated, ROI-driven language solutions. I leverage deep cultural intelligence and a data-driven approach to optimize global content, ensuring nuanced market resonance, not mere linguistic transference.

My methodology integrates advanced CAT tools like Trados Studio with ISO 17100 standards and GILT principles, enabling scalable, high-quality output. I excel in stakeholder management and cross-functional collaboration, driving complex localization projects for enterprise clients. This strategic approach consistently delivers measurable impact; for example, I've reduced a global tech firm's time-to-market by 25% via optimized workflows and boosted content engagement by 30% for a luxury brand through meticulous messaging adaptation. My focus is on empowering your global expansion with precision and strategic foresight."
EGY_00891,0.820482181197364,45.878543432417665,17.426426154049985,Bachelor's Degree,Mansoura,SEO Specialist,56.004404710165986,12,12,2,112,100.0,52.182921040332616,0.7610680224212462,0.8781967137143601,1,42.219956281760645,"I am an SEO Specialist with 17 years of experience in the field. I provide comprehensive SEO services to help improve online visibility for businesses. I have extensive experience in keyword research, on-page optimization, and technical SEO. I can help with improving search engine rankings and driving organic traffic. I am proficient with tools like Google Analytics and SEMrush. My focus is on delivering reliable SEO solutions that meet client needs professionally. I ensure all work is effective and delivered on time."
EGY_00892,0.5072740311072977,42.51407284912968,11.578838166753698,Bachelor's Degree,Cairo,Data Entry,40.028558552237484,13,6,1,58,81.8142944301946,77.49454209273918,0.43481968530179793,0.5940379268748099,1,26.664178515934363,"I am a professional Data Entry freelancer based in Cairo with 12 years of experience. I provide accurate and efficient data entry services for businesses. I have extensive experience in Microsoft Excel, Google Sheets, and various CRM software. I can help with tasks such as data compilation, data verification, and organizing large datasets. My focus is on delivering precise work with strong attention to detail and meeting deadlines reliably. I am committed to providing high-quality support for your data needs."
EGY_00893,1.066674689589154,43.23031498410556,15.328877389345951,Professional Certificate,Ismailia,Accounting,53.808262066185364,8,10,2,115,87.41354620324717,63.873168711828896,0.7405788234362669,0.8978277749009395,1,40.85423070696322,"As a top 1% Accounting expert from Ismailia, Egypt, I architect bespoke financial solutions, transcending traditional bookkeeping to deliver tangible strategic advantages. My expertise lies in leveraging advanced financial modeling and a rigorous, data-driven approach to optimize complex financial operations for enterprise clients. I specialize in applying IFRS and GAAP standards to ensure robust compliance and enhance financial transparency. Through meticulous analysis and cross-functional collaboration, I've consistently delivered measurable impact, for instance, reducing operational costs by 25% and increasing profitability ratios by 15% through strategic cash flow optimization. I engage in proactive stakeholder management to align financial strategies with overarching business objectives, ensuring scalable and ROI-driven outcomes. My commitment is to transform financial data into actionable intelligence, driving sustainable growth and mitigating risk for your organization."
EGY_00894,1.1692955904456728,39.27951691123185,12.240813714574612,Bachelor's Degree,Tanta,Customer Support,66.49705406170474,8,3,0,92,100.0,80.21047382702618,0.510932698296245,0.9515647514165334,1,33.03208469849307,"As a top 1% Customer Support architect, I transform service operations into ROI-driven profit centers. I leverage a data-driven approach, employing methodologies like ITIL and Six Sigma principles to optimize customer journeys and proactively resolve pain points. My expertise extends to architecting scalable solutions for enterprise clients, consistently delivering measurable impact. For instance, I've increased conversions by 40% through targeted CX initiatives and reduced operational costs by 25% via process automation and cross-functional collaboration. I excel in strategic stakeholder management, translating complex business needs into actionable support strategies. My focus is on elevating the customer experience while ensuring sustainable growth and optimal resource utilization, consistently translating strategic vision into tangible success."
EGY_00895,1.3821589910375272,26.329179442112096,6.355793216143649,Some College,Damietta,Data Entry,62.86431829659906,11,9,2,36,90.6004469610211,69.65942076210719,0.3893141299210892,0.9113229068587068,1,25.684133313540187,"As a top 1% Data Entry specialist, I don't just process information; I architect robust, scalable data solutions driving measurable business impact. Leveraging a data-driven approach, I meticulously optimize information workflows, ensuring unparalleled accuracy and integrity. My strategic application of ISO 9001 methodologies and GDPR principles ensures compliance, elevating data quality indispensable for critical decision-making. I routinely manage complex datasets for enterprise clients, fostering seamless cross-functional collaboration and stakeholder management. By transforming raw data into actionable intelligence, I've demonstrably increased data usability, contributing to projects that reduced operational costs by 25% and directly boosted conversion rates through refined targeting. My expertise is your ROI-driven pathway to superior data stewardship, delivering measurable impact from Damietta, Egypt."
EGY_00896,0.6487098875896427,47.030240982586555,16.814053590572204,Bachelor's Degree,El-Mahalla El-Kubra,SEO Specialist,51.88568758994929,8,11,0,103,92.9267376073912,53.64478650447447,0.8155192840281251,0.7538997245276658,0,36.58379745915816,"I am an SEO Specialist from El-Mahalla El-Kubra with 17 years of experience in optimizing websites. I provide services including keyword research, on-page optimization, and technical SEO audits. I have extensive experience using tools like Google Analytics and SEMrush to analyze performance and guide strategy. I can help clients improve their organic visibility and drive relevant traffic to their websites. My goal is to ensure online content ranks well and effectively reaches the target audience. I focus on practical and sustainable SEO methods to achieve consistent results."
EGY_00897,-0.16711808031685435,39.46343398098669,12.219164815897832,Bachelor's Degree,Aswan,Graphic Design,65.48573925210914,8,8,0,64,77.32056205261684,40.924685482641856,0.6125867318508964,0.7279754509003631,1,27.21098179659744,"I am a professional Graphic Designer from Aswan with 12 years of experience. I provide high-quality design solutions for various business needs. I have extensive experience in logo design, branding, and creating marketing materials. I am proficient in industry-standard tools such as Adobe Photoshop and Illustrator. I can help with your visual communication challenges, ensuring clear communication and accurate execution. My aim is to deliver reliable and effective graphic design services."
EGY_00898,0.14671368643332283,35.93410019137408,12.224201523401039,Master's Degree,Fayyum,Customer Support,60.78965326309857,11,5,0,68,82.12066731663718,36.57825366236569,0.5388748303590476,0.7352534436546296,1,28.869807105558507,"I am a customer support professional from Fayyum with 12 years of experience. I provide reliable and consistent customer support services. I have extensive experience in managing customer inquiries through live chat and email support, and I am proficient with various CRM systems. I can help businesses resolve customer issues efficiently and maintain high levels of customer satisfaction. My focus is on delivering professional support and clear communication to ensure positive customer interactions. I am committed to assisting your customers effectively."
EGY_00899,1.2065089665083568,21.551663014831394,2.8011138670670714,Master's Degree,Aswan,Translation,65.57687483852561,9,7,0,37,74.64995022285045,80.92730535003106,0.5948976144421676,0.9020802767560471,1,32.27538439518191,"As a top 1% translation and localization expert, I transcend mere linguistic conversion, strategically architecting culturally resonant, ROI-driven solutions for global market expansion. Leveraging advanced CAT tools like SDL Trados and memoQ, coupled with a rigorous adherence to ISO 17100 standards, my data-driven approach optimizes content for maximum impact. I consistently deliver measurable results, exemplified by projects where I've accelerated market entry for enterprise clients by 40% and optimized localization costs by 25% through scalable strategies. My expertise encompasses complex, large-scale initiatives, demanding meticulous cross-functional collaboration and strategic stakeholder management to mitigate risks and ensure seamless integration. I focus on delivering pivotal, measurable impact, empowering businesses to achieve their international objectives with unparalleled linguistic precision and strategic foresight."
EGY_00900,-0.8169356709872361,32.305777401805614,9.215778355448926,Some College,Asyut,Customer Support,44.46631439174588,6,9,0,60,66.68010715533161,33.776592967340136,0.40282319422601065,0.3184817901312124,0,11.838108340883487,"I am a Customer Support professional from Asyut with 9 years of experience. I provide reliable customer service to ensure client satisfaction. I have extensive experience in managing customer inquiries, resolving issues, and maintaining positive client relationships. I can help with email support, live chat, and using platforms like Zendesk. My focus is on clear communication and efficient problem-solving. I am dedicated to offering consistent and professional support for your business."
EGY_00901,0.3686733088729012,32.73146467846164,9.777413986694036,Self-Taught,Shubra El-Kheima,Administrative Support,51.327413577184515,8,7,2,57,82.34789135369644,62.25853233072369,0.48874667927634213,0.5485031007063254,1,26.770161132030704,"I provide comprehensive administrative support services with 10 years of experience. I am skilled in managing daily office tasks and ensuring smooth operations. I have extensive experience in data entry, scheduling, and email management. I am proficient with the Microsoft Office Suite, including Word, Excel, and Outlook. I am reliable, organized, and dedicated to delivering efficient support. I can help streamline your administrative processes and contribute to your team's productivity. My goal is to offer consistent, high-quality assistance for your business needs."
EGY_00902,-0.3933388123273607,45.66603550472544,13.528477056421051,Bachelor's Degree,Damietta,Data Entry,45.20715215695456,9,9,0,70,70.5470377496336,37.39375950305097,0.618502692864443,0.5131979200905882,1,18.25513766822816,"I am a Data Entry freelancer based in Damietta with 14 years of professional experience. I provide accurate and efficient data entry services. I have extensive experience working with Microsoft Excel, Google Sheets, and various CRM systems. I can help clients with database management, information organization, and ensuring data integrity. My focus is on delivering high-quality results with attention to detail and meeting deadlines reliably."
EGY_00903,0.028744822934817487,35.49274304600923,12.0092231875795,Master's Degree,Damietta,Translation,54.84745882821142,10,6,0,74,65.22835619602115,34.09950430633303,0.6636649706375546,0.7491460628247261,1,30.882011690863973,"I am a professional translator based in Damietta, with 12 years of experience. I provide accurate and reliable translation services for various document types. I have experience using CAT tools such as Trados and MemoQ, and I can help with localization and proofreading tasks. My focus is on delivering clear, precise, and culturally appropriate translations that meet your specific requirements. I am committed to timely project completion and maintaining consistent professional standards. I look forward to assisting you with your translation needs."
EGY_00904,1.2784518626072987,30.17281756705311,8.52862812825907,Bachelor's Degree,Zagazig,Accounting,65.0007182613907,9,8,0,69,68.97231867534467,73.66853451067112,0.46607104632915214,0.8791087210670567,1,39.74370213773979,"As a top 1% Accounting expert, I don't merely reconcile books; I architect strategic, scalable financial solutions that deliver tangible ROI. Leveraging a sophisticated, data-driven approach grounded in global standards like IFRS and GAAP, I meticulously optimize complex financial processes for enterprise clients. My expertise lies in dissecting intricate fiscal landscapes to significantly enhance operational efficiency and bolster profitability. This has consistently translated into quantifiable successes, such as reducing operational costs by 18% through strategic cost management and optimizing tax liabilities by 22% via proactive planning. I excel in cross-functional collaboration and adept stakeholder management, transforming raw financial data into actionable insights. My focus is on empowering businesses to make informed, strategic decisions, delivering measurable impact and sustainable growth."
EGY_00905,0.19109906801990334,49.2576105123411,16.721200050251667,Master's Degree,Ismailia,Digital Marketing,46.0139805449276,11,7,0,85,94.09598130704626,41.0926303720254,0.9838650940554561,0.45278348487484366,0,31.246976307630426,"I am a Digital Marketing freelancer with 17 years of experience. I provide comprehensive digital marketing services designed to meet business objectives. I have extensive experience in key areas such as SEO, social media marketing, and content strategy development. I am proficient with essential industry tools including Google Analytics and various content management systems. I can help businesses enhance their online presence, engage their target audience, and achieve consistent growth. My focus is on delivering reliable and effective marketing solutions."
EGY_00906,0.04643654815614881,21.5430589864421,1.6376744445168585,Master's Degree,Zagazig,Social Media Management,62.93586640702727,8,5,0,36,50.25748384659715,44.54992990486672,0.7189269669125307,0.5472472941363684,0,23.402940299799226,"I am a Social Media Manager with 2 years of experience, dedicated to helping businesses establish and maintain a strong online presence. I provide comprehensive social media management services. I have experience in content creation, post scheduling, and community engagement across various platforms. I can help with managing your social media channels efficiently, utilizing tools like Buffer and Canva to streamline operations. My focus is on delivering consistent and reliable support for your brand, ensuring your social media activity is organized and effective. I am ready to assist with your social media needs."
EGY_00907,-1.3598561409799192,31.521549705982228,8.034315248334075,Master's Degree,Shubra El-Kheima,Translation,35.74328755728227,4,4,0,33,62.175663414364934,14.95139902681213,0.5924249552975012,0.10980102171251853,0,11.181993673572466,hello. i am from Shubra El-Kheima. i starting translation here. i am very passionate. i will work hard and do my best for your project. i am dedicated and a good team player. i think i can help you. i will try my best to nice work. i am a hardworking person.
EGY_00908,0.7462535660272207,19.34478960548497,0.5378801944875162,Master's Degree,Giza,Digital Marketing,38.64769470748114,7,2,0,28,59.03450879161841,51.55819401863462,0.7402778441261917,0.4840651328423289,0,25.20253291512016,"I am a Digital Marketing freelancer based in Giza with 1 year of experience. I provide practical digital marketing services to help businesses improve their online presence and connect with their target audience effectively. I have experience in Search Engine Optimization (SEO), Social Media Marketing, and Google Ads. I can help with developing clear strategies to enhance your brand's visibility and engagement across digital platforms. My goal is to offer reliable support for your marketing needs. I focus on delivering functional solutions that contribute to your business growth."
EGY_00909,0.6454841811410754,41.67693186454177,14.873879051862133,Master's Degree,Suez,Digital Marketing,53.00090341680003,12,8,2,94,79.65969282072452,58.107417698011325,0.8182705647746898,0.8520310282953438,1,41.59376719159955,"I am a Digital Marketing freelancer based in Suez, bringing 15 years of experience to your projects. I provide reliable digital marketing services designed to help businesses improve their online presence. I have extensive experience in areas like SEO, social media marketing, and managing Google Ads campaigns. I can help with developing effective strategies and executing successful marketing initiatives. My focus is on delivering consistent results and supporting your business objectives. I am committed to clear communication and timely project completion."
EGY_00910,2.16325472330546,47.37844967037282,20.489803365886058,Bachelor's Degree,Cairo,Data Entry,74.63609585263796,17,15,3,136,100.0,71.64669197779757,0.41117846313298567,0.9893359066809027,1,45.42697704916032,"As a top 1% Data Entry expert based in Cairo, I transcend conventional data processing, architecting robust data solutions that are foundational to enterprise-level operational excellence. I don't just input data; I strategically manage, cleanse, and validate complex information streams, leveraging a meticulous, data-driven approach to optimize your critical datasets. My expertise ensures unparalleled data integrity, often incorporating ISO 8000 principles, which has consistently enabled clients to deliver measurable impact, such as increasing conversions by 40% through enhanced CRM accuracy and reducing operational costs by 25% via streamlined inventory data management. I excel in cross-functional collaboration and stakeholder management, transforming raw data into scalable, ROI-driven assets. Specializing in complex projects for enterprise clients, my work directly fuels strategic decision-making and sustainable growth."
EGY_00911,-0.30777823495300083,26.961194545615662,7.540250182715054,Some College,Suez,Graphic Design,39.171945587581014,8,7,0,39,69.78565014058772,58.58006042745822,0.6519644455960847,0.22310528262204174,0,19.40865574268548,"I am a graphic designer from Suez with 8 years of professional experience. I provide reliable graphic design services, focusing on clear and effective visual communication. I have experience in logo design, branding, and creating various marketing materials. My toolkit includes proficiency in Adobe Photoshop and Illustrator. I can help with developing professional designs that accurately represent your brand and meet your project requirements. My goal is to deliver functional and high-quality visual solutions."
EGY_00912,0.21915032766393897,45.46693365757187,13.855721807680307,Bachelor's Degree,Alexandria,Accounting,61.911277802548035,8,12,0,64,72.6663523211391,54.81261507794996,0.5366891136482637,0.8592531296404206,1,34.05944385867769,"I am an accounting freelancer from Alexandria with 14 years of professional experience. I provide reliable accounting services and can help businesses manage their financial operations effectively. I have extensive experience in bookkeeping, financial reporting, and payroll processing. My skills include proficiency with QuickBooks and Xero. I focus on delivering timely and precise financial management solutions, ensuring accuracy and compliance. I am committed to clear communication and handling your accounting needs professionally."
EGY_00913,0.24938368371075526,27.35098337478073,6.854730005480535,Master's Degree,El-Mahalla El-Kubra,Content Writing,53.93281493569824,6,6,1,46,67.84047208297541,99.30231137121422,0.6973766935939093,0.69837388706977,1,25.75999939808137,"I am a professional content writer based in El-Mahalla El-Kubra with 7 years of experience. I provide clear and engaging written content for various platforms. I have experience in crafting blog posts, website copy, and articles. My skills include thorough research and effective use of SEO principles. I can help with developing content that communicates your message clearly and meets your project goals. I am committed to delivering reliable, high-quality work on time."
EGY_00914,1.5774532797634744,47.14464517260529,20.144653742633988,Bachelor's Degree,Alexandria,Data Entry,59.765502487896654,13,11,2,123,100.0,75.2931981721945,0.4862939711242224,0.9042589431525161,1,37.467538222422554,"As a top 1% Data Entry expert from Alexandria, Egypt, I transcend conventional data input, actively architecting robust, scalable solutions that serve as the bedrock for critical business intelligence. My strategic, data-driven approach, grounded in ISO 9001 quality principles, consistently optimizes data pipelines and ensures unparalleled integrity. I proactively identify inefficiencies, streamline complex workflows, and implement systems that drive measurable impact. For enterprise clients, this translates directly into significant ROI: I’ve reduced data processing costs by 25% and boosted downstream analytical accuracy, leading to up to 40% improvements in operational efficiency. Through meticulous execution, cross-functional collaboration, and proactive stakeholder management, I deliver comprehensive data governance, empowering informed decision-making and sustainable growth."
EGY_00915,-0.0952955323869521,42.126780915097086,15.249685590436656,Master's Degree,Luxor,Social Media Management,44.73841864460956,8,9,1,76,72.23947873500995,22.824140583841903,0.6350605786397575,0.6605697038037693,0,23.896176294367304,"I am a social media management freelancer based in Luxor with 15 years of experience. I provide comprehensive social media management services designed to keep your online presence active and professional. I have experience in content creation, post scheduling, and community engagement. I am proficient with platforms like Meta Business Suite and tools such as Canva. I can help businesses maintain a consistent and engaging online presence across various social channels. My goal is to reliably support your digital marketing efforts."
EGY_00916,0.27902152577033923,43.757016858926036,17.636170965727555,Professional Certificate,Ismailia,Social Media Management,59.60269936271698,7,14,0,110,100.0,50.1550220705844,0.4981015416444585,0.8191332600407936,1,32.49723097496539,"I am a Social Media Management professional with 18 years of experience in the field. I provide reliable social media strategy development, content creation, and consistent platform management. I have extensive experience in community engagement and utilizing social media scheduling tools such as Hootsuite and Buffer. I can help businesses establish and maintain a professional and engaging online presence across various platforms. My focus is on ensuring your social media channels are well-managed and contribute effectively to your online communication goals. I am based in Ismailia."
EGY_00917,0.6078965097165392,18.576209779214544,0.576209779214544,Some College,Cairo,Graphic Design,56.92199749041055,1,1,0,17,53.1629778252368,55.40103590035466,0.6536066060382324,0.807091841601045,1,28.402856265802196,"I am a Graphic Designer from Cairo with 1 year of professional experience. I provide clear and effective design solutions for various projects. I have experience in logo design, branding, and creating social media graphics. My main tools include Adobe Photoshop and Illustrator. I can help businesses and individuals develop visual content that communicates their message professionally. I am committed to delivering reliable and high-quality results for your design needs."
EGY_00918,0.1866091231563581,48.809931426368834,20.533377948035263,Some College,Ismailia,Graphic Design,46.35237733571046,14,10,1,106,90.92080469400983,43.034840902172036,0.5782123640420871,0.6572072035067982,1,36.46414158219887,"I am a professional Graphic Designer with 21 years of experience, based in Ismailia. I provide comprehensive graphic design services for various business needs. I have experience in creating logos, brand identities, marketing materials, and digital graphics. My skills include proficiency in Adobe Photoshop, Illustrator, and InDesign. I can help with your design projects to deliver clear and effective visual communication. My focus is on providing reliable and consistent design solutions."
EGY_00919,-0.44643361455052827,41.25347174625034,14.450700239033662,Bachelor's Degree,Luxor,Accounting,46.615688569127364,5,9,0,85,87.39203927372922,45.73195913893694,0.5026420680181994,0.5321865249032575,1,27.67445466297682,"I am an Accounting freelancer from Luxor with 14 years of experience. I provide professional accounting services for businesses. I have experience in bookkeeping, financial reporting, and preparing tax documentation. My proficiency extends to tools like QuickBooks and Microsoft Excel. I can help clients maintain accurate financial records and support their compliance requirements. My focus is on delivering reliable and efficient accounting support. I ensure clear and precise financial management for your operations."
EGY_00920,0.19408999289830758,27.752035052356266,7.941397979583266,Bachelor's Degree,Port Said,Customer Support,69.09327478786538,11,7,0,57,63.25726438723309,42.67812398177405,0.48751475815733314,0.6222238833974065,1,25.880551146473685,"As a dedicated Customer Support professional from Port Said, I bring 8 years of experience in delivering high-quality client assistance. I provide dependable and efficient support services to businesses looking to enhance their customer interactions. I have experience in email support, live chat, and CRM software. I can help with managing inquiries, resolving issues promptly, and ensuring a positive customer experience. My aim is to offer consistent and professional support, contributing to client satisfaction and operational efficiency."
EGY_00921,1.073631749859772,44.5406292754831,16.214153231483643,Bachelor's Degree,Mansoura,Mobile App Development,70.71872457748177,13,10,1,92,94.18054054192146,67.8758779824652,0.7439684009968958,0.8900779530614874,1,46.45215937562335,"As a top 1% Mobile App Development expert, I architect bespoke, scalable mobile solutions that transcend mere functionality. My data-driven approach, rooted in Agile methodologies and leveraging advanced CI/CD pipelines, optimizes performance and user experience across iOS and Android ecosystems. I specialize in transforming complex business requirements into ROI-driven applications, frequently collaborating with enterprise clients on high-stakes projects. For instance, I've increased user engagement and conversions by 40% for a leading FinTech platform and strategically reduced operational costs by 25% through optimized backend integrations. Through rigorous stakeholder management and seamless cross-functional collaboration, I consistently deliver measurable impact, ensuring robust, future-proof scalability. I am dedicated to unlocking unparalleled value for your organization."
EGY_00922,-1.0265152994110602,27.00867834927776,5.453013096136566,Master's Degree,Shubra El-Kheima,SEO Specialist,47.611685639151084,4,4,0,41,58.977236111432234,9.051500715504922,0.5389701844488839,0.11626498549335801,0,17.601950034891214,"Hello, i am from Shubra El-Kheima. I am new SEO specialist. i am very passionate about SEO. i like good work. i will work hard for you. i think i can help your project good. i will try my best to do good job. i am very dedicated person. i am a team player."
EGY_00923,0.132969674146876,45.9281228661161,16.054045248242193,Bachelor's Degree,Aswan,SEO Specialist,46.21840293355411,11,12,0,114,78.95660099781189,68.75801316664123,0.7291973200066785,0.42683062511704467,1,35.60576198715619,"I am an SEO Specialist with 16 years of professional experience. I provide comprehensive SEO services to improve website visibility and organic search performance. I have experience in keyword research, technical SEO, and on-page optimization. I can help with improving search engine rankings and driving targeted traffic to your site. I am proficient in using tools such as Google Analytics and SEMrush to analyze performance. My goal is to deliver reliable SEO solutions that meet your business objectives. I am ready to assist with your SEO needs."
EGY_00924,-0.7001208149391732,21.602572493181984,3.6025724931819845,Bachelor's Degree,Ismailia,Social Media Management,39.41456666467179,6,3,0,12,57.78278839572616,17.92419457847376,0.6526829530924815,0.2636921859164339,1,18.63388262375295,"I am a Social Media Management freelancer based in Ismailia with four years of experience. I provide professional social media services to help businesses grow their online presence. I have experience in developing content strategies, creating engaging posts, and managing community interactions. My skills include content scheduling and basic analytics reporting. I am proficient with tools like Meta Business Suite. I can help your business connect effectively with its audience and maintain a consistent brand voice across platforms."
EGY_00925,1.1950466289248425,40.517951278745464,11.873913435363276,Some College,Aswan,SEO Specialist,67.64017958851582,9,9,0,77,94.25289212917295,60.38722626685008,0.6988590921144834,0.8967314199307277,1,40.520314524357204,"As a distinguished, top 1% SEO Specialist based in Aswan, I architect bespoke, ROI-driven solutions that transform organic visibility into tangible business growth. My strategic approach leverages advanced technical SEO, meticulous keyword intelligence, and a profound understanding of E-E-A-T principles to optimize digital landscapes. I consistently deliver measurable impact; for enterprise clients, I've successfully increased conversions by up to 40% and, through targeted optimization, reduced client acquisition costs by 25%. My methodology integrates a data-driven framework with scalable strategies, fostering seamless cross-functional collaboration and adept stakeholder management. Whether navigating intricate Core Web Vitals challenges or orchestrating comprehensive international SEO campaigns, my focus remains on delivering unparalleled organic performance. Engage my expertise to unlock your brand's full digital potential."
EGY_00926,-1.5231869047837747,35.30235125263713,13.44614620093851,High School,Tanta,Video Editing,28.33898726892029,6,7,0,68,61.200224667026895,20.731155306137094,0.6510766588593913,0.028264855422433507,0,10.226988832030614,hello. i am from Tanta. i do video editing. i am very passionate for my work. i will work hard and do my best for your project. i think i can help you with your video. i am a good team player. i will try my best for nice work. i am dedicated person.
EGY_00927,-0.5589218472715883,21.089103046254106,2.853190075233206,Bachelor's Degree,Luxor,UI/UX Design,46.02136835473533,3,3,0,43,64.80520355317701,47.881738898452134,0.7340462127736891,0.2678047100355398,0,18.02961394600421,"I am a UI/UX Designer based in Luxor with three years of professional experience. I provide functional and intuitive digital design solutions for web and mobile applications. I have experience in creating wireframes and interactive prototypes. I am proficient in tools like Figma and Adobe XD. I can help you create engaging user interfaces that enhance the overall user experience. My focus is on delivering clear, practical designs that effectively meet project requirements. I am available to discuss your design needs."
EGY_00928,0.37721187506452086,25.740602504282847,1.8457491529658254,High School,Suez,Data Entry,46.46848691542003,8,7,0,15,69.68259000314985,51.77792583974431,0.43324734310821084,0.7098489474223837,1,19.362973171070042,"I am a Data Entry freelancer from Suez with two years of experience. I provide accurate and efficient data entry services. I have experience in data compilation, database management, and using tools like Microsoft Excel and Google Sheets. I can help clients organize and maintain their information effectively. My focus is on delivering precise and timely results for all projects. I am reliable, pay close attention to detail, and am committed to data integrity and client satisfaction."
EGY_00929,1.5655240292343404,18.396929160874073,0.39692916087407326,Master's Degree,Port Said,Graphic Design,79.95618729364989,7,10,1,15,71.58743242442705,72.56104833600668,0.7837422041572724,0.8549685438832362,0,34.557473450548414,"As a top 1% Graphic Design expert, I architect compelling, ROI-driven visual solutions rather than merely creating aesthetics. Leveraging a data-driven approach and methodologies like Design Thinking, I optimize brand narratives, crafting scalable identities and comprehensive visual systems for discerning enterprise clients. My expertise involves translating complex strategic challenges into clear, engaging communication that delivers measurable impact. Through meticulous stakeholder management and seamless cross-functional collaboration, I've consistently achieved significant results. For instance, my strategic design initiatives have increased client conversions by 40% and, by streamlining visual asset creation, effectively reduced production costs by 25%. I empower ambitious brands to achieve their strategic objectives, ensuring every design element performs optimally to drive unparalleled business growth."
EGY_00930,-0.0657502610729878,33.00057489486419,4.800291921615263,Bachelor's Degree,Shubra El-Kheima,Mobile App Development,32.734886694353015,6,3,0,24,75.5625702086734,65.87888303893831,0.8245294059128238,0.32693254358457274,0,24.123853282388517,"I am a mobile app development freelancer with 5 years of experience. I provide professional development services for iOS and Android platforms. I have experience in building robust and user-friendly mobile applications using technologies like Swift and Kotlin. I can help with new app development, feature enhancements, and maintenance for your mobile projects. My focus is on delivering reliable and functional solutions that meet your specific requirements. I am committed to clear communication and timely project delivery."
EGY_00931,-0.5551995266931984,27.640488344320012,7.035309040254078,Self-Taught,Aswan,Customer Support,28.31444047453521,6,2,0,53,59.073471383984156,54.86683724468604,0.6899383760967946,0.3055939326553367,1,20.877076558652515,"I am a dedicated Customer Support professional with 7 years of experience. I provide reliable and efficient support to customers, focusing on clear communication and problem resolution. I have experience in handling inquiries, resolving issues, and ensuring customer satisfaction. I can help with email support, live chat, and utilizing CRM systems like HubSpot. My commitment is to deliver consistent, high-quality service and help businesses maintain strong customer relationships from Aswan."
EGY_00932,1.8811570694405901,37.14743949752828,13.25892666449495,Self-Taught,Luxor,Digital Marketing,99.57361705334115,13,12,2,84,100.0,73.11849495941047,0.7549994427120307,0.9241507385782586,1,48.79154287973097,"As a top 1% Digital Marketing strategist, I architect scalable, ROI-driven solutions for ambitious enterprise clients. My data-driven approach leverages an acute understanding of advanced MarTech stacks and AARRR funnel optimization, ensuring every initiative is precisely aligned with core business objectives. I excel in cross-functional collaboration and stakeholder management, translating complex challenges into actionable, results-oriented strategies. This strategic foresight consistently delivers measurable impact; for instance, I've increased conversions by 40% and reduced customer acquisition costs by 25% across diverse, complex projects. I don't just execute tactics; I provide comprehensive strategic leadership, optimizing performance through continuous iteration and deep analytical insights. Partner with me to transform your digital presence and achieve sustained, exponential growth."
EGY_00933,-1.448013900416244,27.51160984667575,4.522253996701343,Some College,Ismailia,Content Writing,23.178584098967576,7,0,0,13,46.519116404601036,39.516449694585,0.5147620758141208,0.0554825402381798,0,4.64140036430624,"Hello, I am from Ismailia. I am new content writer. I am very passionate for words. i will do my best for your project. I work hard and will try my best to do a good work for you. I think I can help. I am a good team player."
EGY_00934,-2.198805956620082,27.59741156822351,6.005542332845271,Some College,Damietta,Content Writing,24.313104160560794,2,0,0,25,44.4916670623332,53.0144413027929,0.684968402492838,0.031283796967574086,0,3.0,Hello. i am from Damietta. i am new content writer. i am very passionate about writing. i will try my best for your project. i work hard and do my best for good work. i think i helping you. i am dedicated and a good team player. i do good job for you.
EGY_00935,0.4400144500533324,41.78218235941131,18.177624283147356,Master's Degree,Port Said,Digital Marketing,73.58312067506955,14,7,2,107,90.36542660703722,67.34374782088011,0.7387439470853822,0.7809722722352646,1,39.9778664348163,I am a Digital Marketing freelancer based in Port Said with 18 years of experience. I provide practical digital marketing services to help businesses enhance their online presence. I have extensive experience in Search Engine Optimization (SEO) and Social Media Marketing. I can help optimize your online content for better visibility. I am proficient with tools like Google Analytics. My focus is on delivering reliable and consistent digital strategies for your projects.
EGY_00936,-0.5020542243526112,19.54057075130731,0.0,Professional Certificate,Port Said,Translation,19.324625846926068,5,1,0,17,57.68812248356478,39.57228029346041,0.655255049459834,0.112028129470484,0,12.956366171375631,"I provide high-quality translation services. As a native Arabic speaker from Port Said, Egypt, I translate accurately from English to Arabic and Arabic to English. I have experience in general translation and can help with various document types. My skills include using CAT tools and ensuring grammatical precision. I am dedicated to delivering reliable and clear translations for your projects. I look forward to assisting you with your language needs."
EGY_00937,-1.0212328171307132,46.892639846143595,15.217768733572957,High School,Aswan,Accounting,45.9439695445964,10,7,0,79,53.30673956678449,56.91317125528339,0.5913346288688203,0.1487197801793219,0,19.823371691570525,Hello. i am from Aswan. i am a new accountant. i like account very much. i will work hard for you. i am very passionate person. i am good team player. i will do my best work. i think i can help. i will try my best. i am dedicated.
EGY_00938,0.7083564472993533,45.27244398051781,19.326793193235883,High School,Cairo,Translation,67.11478277208302,12,11,0,115,99.73787867476621,64.36993217988389,0.5172171030885995,0.7555056311959467,1,39.99290156540325,"I am a professional translator from Cairo with 19 years of experience. I provide high-quality translation services, specializing in Arabic and English language pairs. I have extensive experience in translating various document types, including legal, technical, and business content. I am proficient in CAT tools like SDL Trados and MemoQ, ensuring accuracy and consistency. I can help clients achieve precise and culturally appropriate translations for their projects."
EGY_00939,0.24380071377119883,39.369749863245005,16.747024299008594,Some College,Alexandria,SEO Specialist,70.06098351589839,12,13,0,95,86.7387098010856,38.48398579624842,0.8521014941342397,0.6957766117820763,0,32.01625220302339,"I am an SEO Specialist from Alexandria with 17 years of experience in the field. I provide comprehensive search engine optimization services to help businesses enhance their online presence. I have extensive experience in keyword research, on-page optimization, and technical SEO audits. I am proficient with industry-standard tools like Google Analytics and SEMrush. I can help your business improve organic search rankings and drive targeted traffic. My approach focuses on delivering consistent and reliable results."
EGY_00940,-0.5640786307367284,36.983090243436294,11.39724548975747,Bachelor's Degree,Port Said,Data Entry,29.723588922302802,7,9,0,49,73.74100321748165,40.52022207843256,0.3500628795680846,0.4276999227162304,1,18.365326662147574,"I am a professional data entry specialist from Port Said with 11 years of experience. I provide accurate and efficient data entry services. I have experience using Microsoft Office Suite, Google Workspace, and various CRM software for data management. I can help with tasks like data compilation, spreadsheet organization, and document processing. My focus is on delivering reliable and organized data support to clients. I am committed to maintaining high standards of data accuracy."
EGY_00941,-1.2803043986708944,46.55367994046887,19.155134035098033,Bachelor's Degree,Fayyum,Customer Support,45.30798058948271,2,13,0,94,79.94956365491493,12.552486763704682,0.2834381006152198,0.46554002280184203,0,11.899503658518228,Hello there. i am from Fayyum. i am new in customer support. i am very passionate and dedicated person. i will work hard and do my best for your project. i am good team player. i think i can help your customer. i will try my best to be nice and good.
EGY_00942,0.8724573282801447,23.930565744918862,5.930565744918862,Master's Degree,Giza,Video Editing,55.69271560817527,6,7,2,47,80.77089260410985,26.194186380380813,0.6880579670854351,0.8008504589617622,1,34.22850062126963,"I am a professional video editor based in Giza with 6 years of experience. I provide reliable video editing services, focused on delivering polished results. I have experience using industry-standard tools like Adobe Premiere Pro and After Effects. I can help clients with various projects like corporate, social media, and promotional videos. My focus is on creating engaging visuals with clear communication. I deliver high-quality edits that align with client vision and requirements."
EGY_00943,0.650201177958661,20.527013190106516,0.03123944898714126,Some College,Zagazig,Mobile App Development,70.30079581214648,7,6,1,11,50.4899841349949,43.56680976727044,0.8849931994744442,0.786607730975621,1,35.97256088412153,"I provide mobile app development services, specializing in creating functional and user-friendly applications. I have foundational experience in Android development using Kotlin and iOS development with Swift. I can help with building new mobile applications, implementing features, and ensuring a smooth user experience. My focus is on delivering reliable and well-structured code. I am eager to apply my skills to your projects and committed to clear communication and high-quality results."
EGY_00944,-0.09917586377938291,25.66432543710522,3.627983591527395,High School,Fayyum,Content Writing,48.15215168576486,7,5,0,12,55.96213195919308,50.6486056648545,0.728371918773322,0.31865715811752005,1,22.625179654416137,"I am a professional content writer with 4 years of experience, based in Fayyum. I provide clear, well-structured, and engaging content, including blog posts, website copy, and articles. I have experience creating content across various industries, always focused on delivering accurate information that resonates with readers. I can help with developing original, high-quality written materials tailored to your specific project needs. I am proficient in basic SEO principles and utilize tools like Grammarly to ensure linguistic accuracy and clarity. I am committed to delivering reliable work on time."
EGY_00945,1.8466369960476658,43.42650491840609,17.71765197735312,Master's Degree,Alexandria,UI/UX Design,85.40724300506638,11,13,3,102,100.0,74.04227706980481,0.7118326141641816,0.9390548182912609,1,52.24913140036543,"As a top 1% UI/UX Design expert, I architect highly intuitive, data-driven digital experiences that deliver measurable impact. My strategic approach leverages deep expertise in Design Thinking and Lean UX methodologies to transform complex business challenges into elegant, scalable solutions. I don't just design interfaces; I optimize entire user journeys, employing a robust, data-driven approach. Through meticulous research and user-centric iterative design, I consistently increase conversions by up to 40% and streamline operational efficiencies, reducing costs by 25% for enterprise clients. My strength lies in fostering seamless cross-functional collaboration and adept stakeholder management across complex projects. I ensure every design decision is ROI-driven, focused on achieving your strategic objectives."
EGY_00946,-1.0700847663261526,19.109448535247466,1.1094485352474663,Some College,Zagazig,Social Media Management,34.43742033815924,4,1,0,7,52.56089471261286,15.98534752721022,0.6252848342588209,0.2477588344415225,0,9.580526487846416,"Hello, i am from Zagazig. i want to do social media work. i am very passionate and dedicated for it. i worked hard for clients. i will try my best for your business. i think i can help you. i am good team player. i will always do my best work."
EGY_00947,-1.5255251709247388,36.64981872267167,12.31565295395171,High School,Zagazig,SEO Specialist,8.723106594261626,7,1,0,69,56.90179823754961,0.0,0.6639958226167549,0.0592240557940884,0,13.691904590794277,"hello, i am from Zagazig. i am new SEO Specialist. i am very passionate and work hard. i will do my best for you project. i think i can help. i will try my best. i am good, nice team player. i want to do good work for client."
EGY_00948,-0.6919080698812444,49.85400051812192,17.352771603869044,Bachelor's Degree,Shubra El-Kheima,Web Development,8.415938722343363,9,10,0,108,85.01119030747017,63.75854027623583,0.9933762075249919,0.35208700233983786,0,23.532416071379316,"I am a web development freelancer from Shubra El-Kheima with 17 years of experience. I provide professional web development services to clients. I have extensive experience in both front-end and back-end development, including technologies like PHP, JavaScript, and robust database management. I can help with creating responsive websites, maintaining existing applications, and developing custom web solutions that meet your project requirements. My focus is on delivering reliable and functional results."
EGY_00949,-0.045586016355497805,45.382275002801265,20.40348722507964,Master's Degree,Shubra El-Kheima,SEO Specialist,51.41536509450244,12,13,2,110,88.09796932103583,50.88236459113754,0.7650850180012272,0.6787450013009598,0,26.729663418996157,"I am an SEO Specialist with 20 years of experience dedicated to improving online presence. I provide comprehensive SEO services including in-depth keyword research, effective on-page optimization, and strategic link building. I have extensive experience utilizing industry-standard tools such as Google Analytics and SEMrush to analyze performance and guide strategy. I can help businesses enhance their search engine rankings and attract valuable organic traffic. My goal is to implement reliable and consistent SEO strategies that support your long-term digital marketing objectives."
EGY_00950,0.24333944932269183,34.68626204939486,8.949815434012988,Bachelor's Degree,Shubra El-Kheima,Social Media Management,51.0127413635269,9,4,1,50,82.94392847530125,76.25575306061603,0.6714800375717139,0.7353519321695448,1,31.27817038664806,"I am a Social Media Management freelancer with 9 years of experience. I provide comprehensive social media services designed to support your online presence. I have extensive experience in content creation, scheduling, and community engagement across major platforms. I can help with developing effective social media strategies, managing daily posts, and utilizing tools like Meta Business Suite. My focus is on delivering consistent and reliable support for your brand's digital communication."
EGY_00951,-0.24123605785632987,20.036509097172555,0.5516298959606294,Some College,Shubra El-Kheima,Web Development,50.363668646357986,5,3,0,7,68.09525475694359,69.58403375825958,0.9221244703988767,0.4618593031932804,1,26.773527417199762,"I am a web developer with 1 year of experience, providing front-end development services. I have experience in building responsive and user-friendly websites. My skills include HTML, CSS, and JavaScript, which I use to create clean and functional web interfaces. I can help with developing engaging front-end solutions and ensuring strong visual consistency across different devices. I am committed to delivering reliable work and maintaining clear communication throughout every project. My goal is to support clients in achieving their online objectives effectively."
EGY_00952,0.3520553965142968,44.60395246034271,16.647047145184867,Bachelor's Degree,Giza,Administrative Support,52.7592962892787,10,12,0,86,90.71754109542567,65.2453097717665,0.3349028837826263,0.7742400735401949,1,27.409951637220672,"I am an Administrative Support freelancer from Giza with 17 years of professional experience. I provide reliable and efficient administrative assistance to help streamline your operations. I have extensive experience in data entry, scheduling, and comprehensive use of Microsoft Office Suite. I can help with managing daily tasks, organizing documents, and ensuring smooth administrative workflows. My goal is to offer consistent support that helps you maintain productivity and focus on your core objectives. I am dedicated to professional service and clear communication."
EGY_00953,-1.251539424190444,37.16731226167074,14.60870819843199,Some College,Fayyum,Graphic Design,51.40768246432154,9,6,0,81,73.842087910404,35.868680635091565,0.726868213688672,0.22511714845704162,0,17.60725867992731,hello i am from Fayyum. i am graphic designer. i am very passionate about good design. i will work hard for you. i do my best for every project. i think i can help you. i am dedicated and good team player. i will try my best for nice work.
EGY_00954,1.4437646040732595,21.67785590590614,3.6778559059061386,Some College,Ismailia,UI/UX Design,73.96184033938194,10,9,1,61,75.08674924813373,61.36041303594751,0.8789121023490201,0.9499493928751941,1,41.16588930897799,"As a top 1% UI/UX Design expert, I architect transformative digital solutions that consistently drive unparalleled business growth. Leveraging a robust Human-Centered Design methodology and a rigorous data-driven approach, I optimize digital experiences from strategic concept development to scalable, high-fidelity implementation. My profound understanding of enterprise-level challenges enables me to foster seamless cross-functional collaboration and adept stakeholder management across complex projects. I specialize in translating intricate business requirements into intuitive, ROI-driven interfaces, consistently delivering measurable impact. For instance, I've successfully increased user engagement and conversions by 40% and streamlined workflows, reducing operational costs by 25%. My application of Lean UX and Design Thinking principles ensures every project culminates in a high-performing, elegant product experience designed for competitive advantage."
EGY_00955,-0.0821511783925688,21.0034331143474,2.63179086933226,Some College,Luxor,Digital Marketing,44.298255048284815,3,4,0,16,70.26385350255259,59.79313370803973,0.9791107174618738,0.3624133907691764,1,28.8595006338204,"I am a Digital Marketing freelancer from Luxor with 3 years of professional experience. I provide services focused on helping businesses grow their online presence. I have experience in search engine optimization (SEO), social media marketing, and content creation. I can help you develop effective digital strategies and manage your online advertising campaigns. My aim is to deliver consistent, reliable support to achieve your marketing objectives."
EGY_00956,1.1172958315881276,47.10805822197096,18.391411993418785,Master's Degree,El-Mahalla El-Kubra,Graphic Design,70.13306813729058,13,11,1,99,100.0,61.00968199152146,0.6970784974395243,0.9649370769587758,1,40.83167173488459,"As a top 1% Graphic Design expert from El-Mahalla El-Kubra, Egypt, I don't merely create visuals; I architect solutions that drive tangible business outcomes. My expertise lies in leveraging a strategic, data-driven approach to optimize visual communication, transforming complex challenges into scalable, ROI-driven design systems. I implement methodologies like Design Thinking and Agile sprints, ensuring every pixel aligns with overarching business objectives. For enterprise clients, I excel in cross-functional collaboration and meticulous stakeholder management, translating strategic visions into impactful realities. My design initiatives have consistently delivered measurable impact, evidenced by projects that increased conversions by 40% and reduced marketing material production costs by 25%. I focus on crafting experiences that elevate brands, streamline user journeys, and ultimately, bolster your bottom line."
EGY_00957,0.34272534637770413,39.41440841401851,12.935674385698038,Bachelor's Degree,Ismailia,SEO Specialist,50.8541322268525,7,11,0,87,80.47307673157066,45.268415218125156,0.7632458686148176,0.6264912091560174,0,26.880442887402182,"I am an SEO Specialist with 13 years of experience dedicated to improving online visibility and organic search performance. I provide comprehensive SEO services, including in-depth keyword research, on-page optimization, and technical SEO audits. I have extensive experience utilizing tools such as Google Analytics and SEMrush to analyze data and develop effective strategies. I can help clients enhance their search rankings and drive targeted traffic to their websites. My focus is on implementing best practices to ensure sustainable long-term success for businesses."
EGY_00958,0.4567532191537839,44.53717757813618,17.03858557591872,Bachelor's Degree,Port Said,Graphic Design,57.780600628446635,9,9,0,102,80.37486388967469,24.01246836551244,0.6977601127662294,0.7971726702196233,1,36.41095161059755,"I am a Graphic Designer from Port Said with 17 years of professional experience. I provide a range of graphic design services, including logo design, branding, and marketing collateral. I have experience in creating clear and functional visual assets for diverse projects. I am proficient in Adobe Photoshop and Illustrator. I can help clients achieve their visual communication goals effectively. I am committed to delivering high-quality work on time."
EGY_00959,0.5697672802322039,46.12732480903256,11.817274730030928,Some College,Shubra El-Kheima,Mobile App Development,46.37170733112471,8,7,1,77,79.54005394453564,55.590627736537364,0.780329523270122,0.8047993635042509,0,37.84191864735583,"Based in Shubra El-Kheima, I am a mobile app developer with 12 years of experience. I provide professional mobile application development services for various platforms. I have experience in developing native iOS and Android applications, utilizing Swift, Kotlin, and Flutter. I can help clients throughout the app development lifecycle, from concept to deployment. My focus is on creating functional and reliable mobile solutions. I am committed to delivering high-quality applications that meet project requirements and client needs."
EGY_00960,0.44770856001731496,36.29671526554631,10.38481424118819,Bachelor's Degree,Asyut,Administrative Support,56.62977638166367,9,6,2,81,71.17850260323749,71.82256603264972,0.574940142981085,0.5388749371819381,0,20.903381298764664,"I am an administrative support professional with 10 years of experience dedicated to efficient office operations. I provide reliable assistance with a range of administrative tasks, ensuring smooth workflows and organized environments. I have extensive experience in scheduling, email management, and data entry. I am proficient with Microsoft Office Suite, including Word, Excel, and Outlook. I can help clients maintain productivity and ensure important tasks are completed accurately. My aim is to offer consistent and dependable support to your team."
EGY_00961,0.6427227598675439,34.55828325616132,10.417613823530353,High School,Alexandria,Video Editing,54.86231743766141,10,6,0,54,88.14556624548585,76.6024218168363,0.5944253821876136,0.8737176127663224,1,35.6299923711063,"I am a video editor based in Alexandria with 10 years of professional experience. I provide reliable video editing services for a variety of project types. I have experience in crafting engaging content for corporate videos, social media, and promotional campaigns. I can help with tasks such as precise cutting, color grading, and audio refinement. My primary tools include Adobe Premiere Pro and DaVinci Resolve. I am committed to delivering high-quality results efficiently and clearly communicating throughout the project. I ensure professional outcomes for every client."
EGY_00962,1.3291525301324314,31.773677130271686,5.962178110923997,Master's Degree,Alexandria,Administrative Support,58.70992169829967,9,8,1,36,91.99823174442123,66.74901102006223,0.4307041147433298,0.9116787688161978,1,29.513982002884035,"As a top 1% Administrative Support expert, I architect sophisticated operational solutions that drive organizational efficiency and strategic alignment. Leveraging a data-driven approach and applying Six Sigma principles, I optimize complex workflows, transforming administrative functions from reactive tasks into proactive, ROI-driven strategic assets. My expertise spans stakeholder management and cross-functional collaboration, consistently delivering measurable impact. For enterprise clients, I've strategically streamlined executive scheduling, boosting leadership productivity by 35%, and re-engineered critical information management systems, reducing data retrieval times by 20% while enhancing compliance. I implement scalable, best-practice methodologies, ensuring seamless operations. My focus is on empowering executives and teams, fostering environments where strategic objectives are met with unparalleled precision and efficiency."
EGY_00963,0.19652116970147013,28.142290809315817,6.8580211212126105,Master's Degree,Port Said,Customer Support,72.70517622624847,7,5,1,44,79.58239697027257,39.02759877731674,0.48651864743056017,0.9055635959151049,1,26.929444400453846,"I am a dedicated Customer Support freelancer based in Port Said with 7 years of professional experience. I provide dependable and efficient customer service solutions. I have extensive experience in managing customer inquiries through email support, live chat platforms, and utilizing CRM systems such as Zendesk. I can help with resolving issues, managing support tickets efficiently, and maintaining high levels of customer satisfaction. My focus is on delivering consistent, clear, and professional support to meet client requirements. I am ready to assist your business with its customer service needs."
EGY_00964,0.7090037575885123,31.907070747478777,7.935300006515023,Some College,Luxor,Social Media Management,49.797702664426026,8,8,2,56,98.88114955587903,72.04920292384415,0.6434056391667043,0.9000867936901531,1,31.75613475735787,"I am a Social Media Manager based in Luxor with 8 years of professional experience. I provide comprehensive social media management services to help businesses grow their online presence. I have experience in content creation, post scheduling, and community engagement. I am proficient with popular tools such as Hootsuite and Canva. I can help you maintain active and engaging social media channels. My focus is on delivering consistent and reliable support to meet your digital marketing needs."
EGY_00965,-0.08973569428722672,42.764148983365004,18.36944078664998,Some College,Tanta,Content Writing,48.72360682011097,12,7,0,98,82.97354886512692,48.69268995385216,0.5513590911332948,0.613749612012807,1,31.794637932602225,"I am a professional Content Writer based in Tanta, Egypt, with 18 years of experience. I provide high-quality articles, blog posts, and website copy for various industries. I have extensive experience in creating engaging and informative content. I can help with projects requiring clear communication and adherence to guidelines. My skills include SEO content writing, keyword research, and content optimization. I am committed to delivering well-researched and error-free work. I look forward to collaborating on your content needs."
EGY_00966,1.4401172154494728,37.26154979248421,14.70296932592024,Master's Degree,Damietta,Mobile App Development,63.57367788225452,7,9,1,120,100.0,61.796276564494555,0.8715238613187701,0.9746920198061269,1,51.00648884274384,"As a top 1% Mobile App Development expert from Damietta, Egypt, I architect scalable, ROI-driven mobile solutions, leveraging over a decade of expertise to transform complex business challenges into intuitive, high-performance applications. My data-driven approach delineates critical user journeys, optimizing experiences that have demonstrably increased conversions by 40% and streamlined backend operations, reducing costs by 25% for enterprise clients. I employ cutting-edge methodologies like Agile/Scrum, ensuring robust CI/CD pipelines and adherence to global industry standards. Through meticulous stakeholder management and rigorous cross-functional collaboration, I ensure project alignment and deliver measurable impact. My strategic imperative is to build not just apps, but pivotal digital assets that fuel sustained business growth and innovation."
EGY_00967,-0.6763923020592697,46.560745278555075,16.20483602889672,Master's Degree,Tanta,UI/UX Design,42.8245101779097,8,9,0,83,68.09249130608961,20.044568583301675,0.7903391515143129,0.45840029528312254,1,25.57165856937298,"I am a UI/UX Design freelancer from Tanta with 16 years of experience. I provide user-centered design solutions for digital products. I have extensive experience in UI design and UX research. I can help with creating intuitive interfaces and improving user experiences. My toolkit includes Figma and Adobe XD. I am dedicated to delivering high-quality, functional designs that align with project goals."
EGY_00968,1.8009404329108156,32.18816046013401,8.211220852947013,Bachelor's Degree,El-Mahalla El-Kubra,Customer Support,64.27025514897306,14,12,0,60,88.74823048571027,100.0,0.48182906079731974,0.9568419116119787,1,38.59078753258438,"As a top 1% Customer Support expert, I architect transformative, ROI-driven solutions that elevate customer experience and optimize operational efficiency for enterprise-level organizations. Leveraging a data-driven approach and methodologies like ITIL and COBIT, I strategically analyze complex support ecosystems to identify critical pain points. My expertise extends beyond mere problem-solving; I implement scalable strategies, evidenced by projects where I've successfully increased customer conversions by 40% and reduced operational costs by 25% through process re-engineering and technology integration. I excel in cross-functional collaboration and stakeholder management, translating intricate business requirements into actionable support frameworks. My commitment is to delivering measurable impact, consistently fostering loyalty and driving sustainable growth through unparalleled customer advocacy."
EGY_00969,-0.04015795064434341,37.42686651900013,11.508224780183292,Some College,Fayyum,Graphic Design,57.801198979690355,9,8,0,68,65.04196399299249,60.594081328175946,0.6989824954846499,0.3726435542939691,1,28.408479434158465,"I am a Graphic Design freelancer with 12 years of professional experience. I provide reliable graphic design services, specializing in creating clear and effective visual communications. I have extensive experience in logo design, brand identity development, and various print materials. My core tools include Adobe Photoshop and Illustrator. I can help with developing designs that accurately represent your brand and achieve your project goals. I focus on delivering functional and professional design solutions."
EGY_00970,-1.4307751021180481,38.20184169894364,11.217786067046937,High School,Luxor,UI/UX Design,48.89993533181769,8,4,0,64,67.06448261782825,45.52442640317093,0.8075788687853869,0.06848218373354244,0,17.027447197928492,"hello, i am from luxor. i am ui/ux designer. i am very passionate about design work. i will work hard and do my best always. i am good team player. i think i can help you project. i will try my best to do good work for you. i am dedicated person."
EGY_00971,0.12810441491078928,36.93430919380242,11.750635484337705,Bachelor's Degree,Port Said,Accounting,43.52617385265514,5,5,0,63,76.06306407230085,38.59511402480789,0.49458640537896775,0.5996933609881645,0,24.812100005425396,"I am an Accounting freelancer based in Port Said with 12 years of professional experience. I provide comprehensive accounting and bookkeeping services to businesses. I have extensive experience in financial reporting, QuickBooks, and tax preparation. I can help clients maintain accurate financial records, manage transactions efficiently, and ensure compliance. My goal is to offer reliable and consistent support to meet your accounting needs. I am committed to delivering precise and timely work, enabling clients to focus on their core operations."
EGY_00972,-0.6810516574748808,40.48428073873652,11.974004305466734,Professional Certificate,Tanta,Social Media Management,51.95391376468999,5,5,0,63,54.71383368455595,43.02362512262891,0.5736459412924135,0.27946586815053426,0,17.694358997611772,"I am a Social Media Management freelancer with 12 years of experience. I provide comprehensive social media strategy, content creation, and community engagement services. I have extensive experience in managing various platforms, including Facebook, Instagram, and LinkedIn, and am proficient with tools like Hootsuite and Canva. I can help with developing an engaging online presence and maintaining consistent brand messaging. My focus is on delivering reliable support for your social media objectives."
EGY_00973,0.8406435489887241,25.5978709879938,2.2974919229212274,Master's Degree,Tanta,Customer Support,58.79085979087396,8,5,0,38,66.37252583078858,58.8653145984723,0.5098401666814869,0.7848107697781603,1,29.739888189729005,"As a customer support freelancer from Tanta with two years of experience, I provide dedicated assistance to customers. I focus on delivering reliable service and ensuring client satisfaction. I can help with managing inquiries, resolving common issues, and maintaining clear communication. I have experience in email support, using CRM software, and managing live chat platforms efficiently. My goal is to offer consistent, professional support to help businesses build positive customer relationships."
EGY_00974,-0.6526239793023909,34.3956408814653,11.082806976679716,Bachelor's Degree,Tanta,Video Editing,55.26855152122499,10,2,0,71,84.44288529285562,53.899931413664724,0.5253368160963077,0.506152667824305,1,26.902002415168923,"I am a professional video editor with 11 years of experience in the field. I provide high-quality video editing services for a diverse range of projects. I have extensive experience with industry-standard software, including Adobe Premiere Pro, After Effects, and DaVinci Resolve. I can help with various post-production tasks such as cutting, color correction, audio enhancement, and motion graphics. My focus is on delivering clear, polished videos that effectively communicate your message and meet your project requirements."
EGY_00975,-0.4461834332147797,21.335193689867125,3.2601753823638973,Bachelor's Degree,Suez,Graphic Design,65.19223836273821,3,1,0,25,63.71186783940527,65.04157564359473,0.5681388247949648,0.45227562347621186,1,20.036437149523874,"I am a Graphic Designer from Suez with 3 years of professional experience. I provide high-quality design services to help businesses and individuals with their visual communication needs. I have experience in creating logos, branding materials, and marketing collateral. I can help with projects requiring proficiency in Adobe Photoshop, Illustrator, and InDesign. My focus is on delivering clear, effective designs that meet client specifications. I am reliable and committed to producing professional results for every project."
EGY_00976,-1.889540730945531,30.304362484634,5.773985971460416,Some College,Asyut,Data Entry,19.319838918732447,2,1,1,48,55.91831295138131,5.812277268299088,0.31955232619283996,0.02760093123355079,0,3.0,Hello. i am a new freelancer from Asyut. i want to do data entry work. i am very passionate for good work. i will work hard for you. i am dedicated person. i think i can help your team. i will try my best to do good work. i am team player. i do my best always.
EGY_00977,-0.4523063192490767,33.60534619588046,11.153918579053473,Some College,Ismailia,Data Entry,28.01274440231733,8,6,0,82,73.21217691048754,28.452160199264487,0.4254984732477737,0.4446943057467573,0,7.471523033866374,"I am a dedicated Data Entry freelancer from Ismailia with 11 years of professional experience. I provide accurate and efficient data entry services to support various business needs. I have extensive experience in data compilation, data validation, and record keeping. I am proficient in Microsoft Excel, Google Sheets, and various database systems. I can help with transcribing information and organizing data effectively. My focus is on delivering reliable results and meeting project deadlines consistently. I am committed to providing high-quality support."
EGY_00978,-2.4238793266289567,38.87117630545512,11.25955032494241,Bachelor's Degree,Damietta,Translation,23.122653974926546,1,4,0,33,51.19806084836219,30.599515836121093,0.6693542471004938,0.015483232177037844,0,3.0,Hello i am from Damietta. i like translate things. i am passionate for translation. i will work hard and i dedicated. i think i can help you good. i do my best for nice work. i am team player too. i will try my best for your project.
EGY_00979,-1.5839028234857233,48.416993682758516,18.75652668573107,Bachelor's Degree,Giza,Administrative Support,28.485629727155313,9,7,0,74,72.42039390421579,23.37272572653461,0.48477606482268915,0.07127146347170925,0,6.016748711240342,Hello. i am from Giza. i am new for administrative support. i am very passionate and dedicated. i will work hard for you. i do my best always. i think i can help your team. i am good team player. i will try my best for your project.
EGY_00980,0.7604146561442974,37.220834129547384,13.173188502953343,Bachelor's Degree,Port Said,Video Editing,66.42413151994087,5,10,0,90,89.32739110966325,71.34808764185311,0.6886821712427382,0.8684347493602101,1,38.79992278559109,"I am a professional video editor with 13 years of experience. I provide comprehensive video editing services for various project types. I have experience using industry-standard tools like Adobe Premiere Pro, After Effects, and DaVinci Resolve. I can help clients transform raw footage into polished content, including corporate videos, marketing campaigns, and social media clips. My focus is on delivering reliable, high-quality edits that meet project specifications. I am committed to clear communication and efficient project delivery."
EGY_00981,0.7858001586508322,41.79500531764991,14.20977806118252,Some College,Mansoura,Data Entry,58.38855196131883,12,10,2,101,80.39944911347398,53.83371173807984,0.39302980808821775,0.7828921085391636,1,29.966520216327112,"I am a Data Entry professional based in Mansoura, with 14 years of experience. I provide accurate and efficient data entry services to support businesses in various sectors. I have extensive experience in tasks such as transcribing data, managing databases, and organizing information within spreadsheets. I am proficient in using Microsoft Excel, Google Sheets, and general office software. I can help ensure your data is well-organized and error-free. My focus is on delivering reliable, high-quality work to meet your specific project requirements effectively."
EGY_00982,0.42545756178496474,34.200513903846485,10.629790166590158,Master's Degree,Cairo,Translation,47.53693524016748,7,7,0,64,86.30375699364333,36.37387128129463,0.5642225200696384,0.6269597876971061,1,28.752791396124525,"I am a professional translator based in Cairo with 11 years of experience in providing high-quality translation services. I specialize in Arabic and English language pairs, ensuring accuracy and timely delivery for various projects. I have extensive experience in legal and technical translation, working with documents such as contracts, reports, and manuals. I am proficient in using CAT tools like SDL Trados Studio and memoQ. I can help with your translation needs, offering reliable and consistent linguistic solutions. My focus is on clear communication and delivering precise results for every client."
EGY_00983,-0.966976143129213,38.2913290040426,11.141938114650419,Bachelor's Degree,Ismailia,Mobile App Development,47.09883966273155,6,7,0,53,76.01776567658335,12.006043950695013,1.0,0.32493250360856507,0,21.715291204267732,"I am a Mobile App Development freelancer with 11 years of experience in creating robust applications. I provide comprehensive development services for both iOS and Android platforms. I have extensive experience in native mobile development using Swift and Kotlin, ensuring high performance and reliability. I can help clients with full-cycle app development, from concept to deployment. My goal is to deliver functional and user-friendly mobile solutions that meet specific project requirements."
EGY_00984,-0.047711356141979855,20.26983091628075,0.9689653829122553,Some College,Cairo,UI/UX Design,52.48222960343063,6,4,0,6,59.403619337393934,56.689382526884685,0.882870498760701,0.5088702781706326,0,20.802254875665422,"I am a UI/UX Designer with one year of experience. I provide design solutions that focus on user needs and business goals. I have experience in user research, wireframing, and creating prototypes. I am proficient in Figma and Adobe XD. I can help with designing intuitive interfaces and improving user experiences for web and mobile applications. My goal is to deliver clear, functional, and visually appealing designs to clients. I am committed to producing high-quality work and ensuring client satisfaction."
EGY_00985,-0.0036025390905684044,26.140530586939104,4.472599490402781,Master's Degree,Luxor,Video Editing,35.51039157180422,7,2,0,21,62.4885504077658,57.58652768412446,0.6937026731408844,0.3913712267207961,0,21.2168758456676,"I am a professional video editor based in Luxor with 4 years of experience. I provide high-quality video editing services for various projects. I have experience in editing promotional videos, social media content, and interviews. My expertise includes using Adobe Premiere Pro and After Effects to deliver polished results. I can help clients transform raw footage into engaging videos that meet their specific needs. I focus on clear communication and timely project completion. I am ready to assist with your next video editing project."
EGY_00986,-1.1583646891925428,29.57929898256444,5.454422696458185,Some College,Zagazig,Translation,39.49328189414079,4,3,0,39,50.66271515560342,50.65285986375775,0.5235795369666831,0.06276973311503614,0,11.955147742107295,Hello. i am from Zagazig. i am translator. i am very passionate and dedicated person. i work hard and do my best for client. i think i can help your project. i will try my best to be good. i am good team player. i make sure work is nice.
EGY_00987,1.5033983017671506,33.119787360208434,8.718324089893496,Bachelor's Degree,Port Said,Digital Marketing,77.41266050617227,13,11,3,62,100.0,72.9588837158627,0.7494732223347516,0.9131235680892866,1,46.42302128768134,"As a Top 1% Digital Marketing Architect, I specialize in crafting bespoke, ROI-driven strategies that propel global businesses to unprecedented growth. From my base in Port Said, Egypt, I leverage a sophisticated, data-driven approach to optimize comprehensive digital ecosystems. I architect solutions grounded in industry-leading methodologies like the AARRR framework and Agile marketing principles, ensuring strategic alignment and scalable impact. My expertise consistently delivers measurable impact, evidenced by projects where I've increased conversions by 40% and reduced customer acquisition costs by 25% for enterprise clients navigating complex market dynamics. I excel in cross-functional collaboration and stakeholder management, transforming ambitious objectives into tangible outcomes and fostering sustainable competitive advantages through meticulous optimization."
EGY_00988,0.8773622905756714,19.46075985607628,0.0,Bachelor's Degree,Zagazig,UI/UX Design,59.90744511539943,3,6,1,20,65.15545619220826,4.166817668020279,0.8405664457199892,0.8914822509248466,1,34.194181521201585,"I am a UI/UX Designer focused on creating intuitive digital experiences. I provide services in user interface design and user experience principles. I have experience using Figma for design and prototyping, and I am skilled in creating clear wireframes. I can help with developing user-friendly interfaces and ensuring a smooth user journey for your projects. My approach is detail-oriented and focused on delivering functional, accessible designs. I am ready to contribute to your team and help achieve your design goals reliably."
EGY_00989,-0.22096417382966393,22.480771121706166,1.70615517873949,High School,Port Said,Video Editing,62.883669734978255,5,4,1,0,65.57610554352893,54.8999415317477,0.5393598237753062,0.5229178658756545,0,19.445255606623558,"I am a professional video editor from Port Said with 2 years of experience. I provide high-quality video editing services for various projects. I have experience in transforming raw footage into engaging visual stories using tools like Adobe Premiere Pro and After Effects. I can help with precise cutting, smooth transitions, audio enhancement, and basic color grading. My goal is to deliver polished videos that perfectly match your project requirements. I am committed to clear communication and timely completion of tasks."
EGY_00990,0.02688583899453078,26.858057849321785,4.745083722853729,Bachelor's Degree,Cairo,SEO Specialist,44.22155596144532,5,4,2,44,65.86989441036465,28.460768100305962,0.4636820938958769,0.6502269844507979,0,22.562184121947876,"I am an SEO Specialist with 5 years of experience focused on improving organic search performance for businesses. I provide essential SEO services, including in-depth keyword research, on-page optimization, and technical SEO audits. I have experience helping clients enhance their online visibility and attract relevant traffic to their websites. I can help you achieve higher search engine rankings and maintain a strong digital presence. My expertise includes using tools like Google Analytics and SEMrush to develop and implement effective strategies. I am committed to delivering consistent and reliable results."
EGY_00991,0.20838280794755248,49.08904610883362,18.141068160309413,High School,El-Mahalla El-Kubra,UI/UX Design,51.43587713766487,13,11,0,108,87.3463898741962,24.48482372297541,0.8396466971628846,0.7436202069034981,1,36.93045759204887,"I am a UI/UX Design freelancer with 18 years of dedicated experience. I provide comprehensive design services, focusing on creating intuitive and effective user experiences. I have extensive experience in user research, wireframing, and prototyping. I can help with various stages of your project, ensuring user-centered design solutions. My tools include Figma, Adobe XD, and Sketch. I am committed to delivering high-quality, functional designs that align with project goals and improve usability."
EGY_00992,-2.0417348684242906,28.603104227297624,5.878867644637017,High School,Cairo,Customer Support,27.060457853317622,4,4,0,10,42.28295518106683,0.0,0.5961366488049927,0.02876364596179952,0,3.0,"hello i am from cairo. i am good person for customer support. i am very passionate and dedicate. i will work hard and do my best for you project. i think i can help your team. i will try my best to be a good team player. i am new, but i will learn fast to do good work."
EGY_00993,-0.24717738252059693,33.42531385958664,9.131659916031724,High School,Port Said,Translation,47.05996876549827,9,7,1,56,63.46332008008949,15.831051820124756,0.5555201753795184,0.5506093032018843,0,23.50482053052938,"I am a professional translator based in Port Said with 9 years of experience. I provide accurate and reliable translation services between English and Arabic. I have experience in translating various document types, including legal and business texts. I can help with ensuring your content is clear and culturally appropriate for the target audience. I utilize industry-standard tools such as Trados and memoQ to maintain consistency and efficiency. My focus is on delivering high-quality translations that meet client requirements. I am available to support your project needs."
EGY_00994,-0.6819842479977986,24.275126807628574,4.723959120749272,Bachelor's Degree,Tanta,Graphic Design,25.926004736448654,8,4,0,28,66.18546228311833,46.00086055276115,0.5904092559186953,0.324153930575037,0,13.614098312314274,"I am a professional Graphic Designer based in Tanta with 5 years of experience creating visual solutions. I provide clear and effective graphic design services for businesses and individuals. I have experience in key areas such as logo design, brand identity, and marketing materials. I am proficient in industry-standard tools like Adobe Photoshop and Illustrator. I can help you transform your ideas into professional visuals that effectively communicate your message. My focus is on delivering reliable work and ensuring client satisfaction. I am committed to producing high-quality designs."
EGY_00995,-1.0016200098949155,37.544962274424584,13.476011512919795,Bachelor's Degree,El-Mahalla El-Kubra,SEO Specialist,36.81369358151056,9,6,0,65,62.25443733018999,27.012796267550414,0.6669303854557226,0.17847174060823384,0,17.001195208108363,"hello, i am new SEO Specialist from El-Mahalla El-Kubra. i am passionate about SEO work. i work hard and i will do my best for project. i think i can help you with your needs. i am a good team player and very dedicated. i try my best to get nice result for you."
EGY_00996,-0.2811002928859549,26.981862896511178,4.089587284210172,Bachelor's Degree,Zagazig,Accounting,41.63959768705835,5,2,0,0,67.02353191419233,23.840217116730084,0.34717269594212097,0.2740643773244565,1,20.711755361601924,"I am an Accounting freelancer with 4 years of professional experience. Based in Zagazig, I provide comprehensive accounting and bookkeeping services to businesses. I have experience in financial reporting, transaction management, and general ledger maintenance. I am proficient with tools like QuickBooks and Microsoft Excel. I can help your business maintain accurate financial records and ensure compliance. My aim is to offer reliable support for your accounting needs, allowing you to focus on core operations. I am committed to delivering accurate and timely results."
EGY_00997,1.7976865268495226,24.623762510029657,1.5678557952395051,Some College,Aswan,Digital Marketing,85.53526035190546,9,6,4,26,81.05332034920646,71.91847665773034,0.7166774012637598,0.8947980189655288,1,40.544590124784435,"As a top 1% Digital Marketing expert, I architect bespoke, ROI-driven strategies that consistently deliver measurable impact for enterprise-level organizations. My unique value proposition lies in translating complex market dynamics into actionable, performance-focused blueprints. Leveraging a rigorous data-driven approach, I apply frameworks like the AARRR funnel and Growth Hacking principles to meticulously diagnose inefficiencies and engineer scalable solutions. I don't just execute; I strategize, identifying root causes for underperformance and constructing robust digital ecosystems designed for sustained growth. Through strategic A/B testing, advanced analytics, and agile campaign management, I've consistently increased conversions by over 40% and reduced customer acquisition costs by 25% for complex, multi-market projects. My ability to foster seamless cross-functional collaboration and meticulous stakeholder management ensures optimal resource allocation and unanimous alignment from strategy conceptualization to execution. I empower businesses to navigate the digital landscape effectively, achieving sustainable growth and maximizing their digital potential."
EGY_00998,0.6408428612670098,34.53032411027133,7.834105641676591,Some College,Shubra El-Kheima,Social Media Management,61.12482635895655,10,6,0,57,84.18069535101888,41.10111596650478,0.5384915192924701,0.6936533396272919,1,36.48978950678416,"I am a social media management freelancer with 8 years of experience. I provide comprehensive social media services, helping businesses enhance their online presence and engage with their audiences effectively. I have experience in content creation, community management, and executing successful social media campaigns across various platforms. I am proficient with tools like Hootsuite and Canva. I can help clients manage their daily social media activities, develop strategic content plans, and grow their brand's visibility. My goal is to deliver consistent, reliable support to achieve your social media objectives."
EGY_00999,-0.5711789897827968,18.176185573133466,0.0,Bachelor's Degree,Fayyum,Data Entry,42.37739168373195,4,1,0,0,49.408578817447584,57.861915980787145,0.3300358377932527,0.2862268847795678,0,7.4651580976676915,"I provide reliable and accurate data entry services. I have experience in transcribing information, organizing spreadsheets, and managing various documents. I am skilled in using Microsoft Office tools, including Excel and Word, and can perform efficient web research. I can help with inputting data accurately and promptly, ensuring your information is well-organized. I am a diligent freelancer from Fayyum, committed to delivering high-quality and dependable support for your projects. I am ready to assist you with your data management needs."
EGY_01000,0.5725827813561586,18.24524904477521,0.0,Bachelor's Degree,Mansoura,Web Development,48.10623008315186,8,7,0,12,74.36698114572233,78.62428398377953,0.783431672634957,0.5592252798384224,1,32.27890545563711,"I am a web development freelancer based in Mansoura, eager to assist with your online presence. I provide clean, functional, and responsive web solutions. I have experience in front-end development using HTML, CSS, and JavaScript. I can help create user-friendly websites and engaging interfaces that perform well across devices. My focus is on delivering reliable and well-structured web pages that meet your project requirements. I am committed to producing quality work and ready to collaborate on new projects."
